delta,theta,alpha,beta,gamma,f1,f2,f3,f4,beta_alpha,gamma_power,theta_alpha,stress_index,engagement_index,is_focus,is_memory,is_relaxed,is_stressed,is_engaged,score,label
0.0,0.0,0.15788666059685771,0.05810930138509535,0.018968374074218957,0.07326840936031684,0.15550135261775455,0.6120054527986687,0.0005989036959263964,0.3680420696932654,0.018968374074218957,0.0,0.4881804896464994,0.3680420696932654,0,0,1,0,0,1,0
0.0,0.0,0.09255462938564897,0.027107031251654132,0.020303830158734694,0.04176813051192298,0.08251397301131809,0.33865516491729974,0.002212932642400281,0.2928728531325525,0.020303830158734694,0.0,0.5122417915051207,0.2928728531325525,0,0,1,0,0,1,0
0.0,0.0,0.032173352470375005,0.02363745597405955,0.010115818924160526,0.022391020835663657,0.028173006661580895,0.09890135160950268,0.0019986476634273912,0.7346676516900869,0.010115818924160526,0.0,1.0490739457553617,0.7346676516900869,0,0,1,0,0,1,0
0.0,0.0,0.14984420756856898,0.06582371843176042,0.07555751123773712,0.08926228891745673,0.05438072862052547,0.26456960443935446,0.014476127276784021,0.4392781023820169,0.07555751123773712,0.0,0.9435151912002369,0.4392781023820169,0,0,1,0,0,1,0
0.0,0.0,0.08768103614987993,0.06181562306513061,0.035419923012319714,0.061683051323115225,0.039253251470140756,0.13447533470225476,0.0056932053781847715,0.7049975773768029,0.035419923012319714,0.0,1.1089562964897397,0.7049975773768029,0,0,1,0,0,1,0
0.0,0.0,0.05070910799494935,0.03955991380105373,0.03745239279056075,0.041820332096904396,0.06555796963433681,0.186290862878959,0.0004079494650402771,0.7801189026257613,0.03745239279056075,0.0,1.5186776293058732,0.7801189026257613,0,0,1,1,0,2,0
0.0,0.0,0.0901402115395474,0.05445809331847288,0.032575979217299336,0.05790809434844813,0.08675812256112461,0.3121045317380779,0.005111882155952915,0.6041420166022577,0.032575979217299336,0.0,0.965530316813947,0.6041420166022577,0,0,1,0,0,1,0
0.0,0.0,0.10297171565817063,0.07988027552901705,0.06488156490213354,0.08190345790458459,0.04215543425487784,0.15732171018202876,0.010678073492841994,0.7757421470187161,0.06488156490213354,0.0,1.4058271601936148,0.7757421470187161,0,0,1,1,0,2,0
0.0,0.0,0.06792727752345668,0.03339644862074108,0.03138196514868712,0.04152553497840648,0.029448510727303024,0.11117511270150228,0.0034075410815205755,0.4916428008822802,0.03138196514868712,0.0,0.9536295653464673,0.4916428008822802,0,0,1,0,0,1,0
0.0,0.0,0.04694614105160884,0.034354865222219665,0.010458130486429807,0.0315285004956195,0.04785787974342391,0.14676046305913332,0.0007927210492553877,0.7317775790532904,0.010458130486429807,0.0,0.9545415270204993,0.7317775790532904,0,0,1,0,0,1,0
0.0,0.0,0.10985874532526027,0.12055145687771153,0.127988711920647,0.1197375927503326,0.06797932181745757,0.25435855453118483,0.03647486768404271,1.0973214667556024,0.127988711920647,0.0,2.262340660471304,1.0973214667556024,0,0,1,1,1,3,1
0.0,0.0,0.13533403653114026,0.0864049375640616,0.105576460993303,0.10343009316314163,0.09145511675726162,0.40504362108235215,0.01922340436042024,0.6384520947329115,0.105576460993303,0.0,1.4185639098208702,0.6384520947329115,0,0,1,1,0,2,0
0.0,0.0,0.04116090486123299,0.058069010809592515,0.031597225702508815,0.047224038045731706,0.06853420321519975,0.22073234709729303,0.0009412809329265693,1.4107464415302833,0.031597225702508815,0.0,2.1783791788642555,1.4107464415302833,1,0,1,1,1,4,1
0.0,0.0,0.05342235237593926,0.03618967382778041,0.024640547170821453,0.037610561800580374,0.06054993549400267,0.1887520147311528,0.0010576229785730596,0.6774130079504234,0.024640547170821453,0.0,1.138644774115645,0.6774130079504234,0,0,1,0,0,1,0
0.0,0.0,0.12161404024102244,0.07647765040853151,0.05359544699614918,0.08204119701355865,0.06827187602526047,0.32475565006588586,0.02544923712510895,0.6288502660276597,0.05359544699614918,0.0,1.069547789047273,0.6288502660276597,0,0,1,0,0,1,0
0.0,0.0,0.09351366956071053,0.06503840499739959,0.0848745394277185,0.07711625474580704,0.09959399281645591,0.31549128878602833,0.012168360476456768,0.6954887966018647,0.0848745394277185,0.0,1.6030954836213513,0.6954887966018647,0,0,1,1,0,2,0
0.0,0.0,0.06424696676772815,0.07168528019057963,0.05096088130339262,0.06464460211307002,0.03457802255410555,0.14552360993549357,0.014202125236100066,1.1157595142230594,0.05096088130339262,0.0,1.9089500830021224,1.1157595142230594,0,0,1,1,1,3,1
0.0,0.0,0.02354940787750936,0.01844617843614071,0.018865152023397173,0.019826729193296987,0.018951963843495945,0.05941272753701808,0.002201913044107177,0.7832636501279797,0.018865152023397173,0.0,1.5843178026300853,0.7832636501279797,0,0,1,1,0,2,0
0.0,0.0,0.12025684470522154,0.11650150983570091,0.044733990813615315,0.09949846379755965,0.0462160579301783,0.17107656294060766,0.027396898173543592,0.9687643256976023,0.044733990813615315,0.0,1.340748298329643,0.9687643256976023,0,0,1,1,0,2,0
0.0,0.0,0.1158224066957348,0.06957686757326265,0.03832105221205953,0.07332429851357988,0.03461737478850333,0.12610528737071797,0.018712329530698665,0.6007150847845405,0.03832105221205953,0.0,0.93157266621217,0.6007150847845405,0,0,1,0,0,1,0
0.0,0.0,0.024036475192466936,0.02452614040041859,0.012298470548000628,0.021346806635326187,0.026920986280734256,0.11353568359052783,0.0014897483242682567,1.0203293068027708,0.012298470548000628,0.0,1.5319666751007035,1.0203293068027708,0,0,1,1,1,3,1
0.0,0.0,0.08835709495353986,0.08581311324064354,0.05123823478865941,0.0778053890558716,0.05487801927783691,0.1812134231411936,0.017374628399959097,0.9711969603437636,0.05123823478865941,0.0,1.5510898927977887,0.9711969603437636,0,0,1,1,0,2,0
0.0,0.0,0.057817626654350945,0.07500285176825737,0.055789791560010585,0.06590328043771906,0.0366162525698109,0.16075220730985587,0.011201851209628655,1.2972091540090789,0.055789791560010585,0.0,2.2621195088248536,1.2972091540090789,1,0,1,1,1,4,1
0.0,0.0,0.07738990440820318,0.06273397647546722,0.03781665527309587,0.060168628158058374,0.041932576847945276,0.13275333142262066,0.004478043023525337,0.8106117502461649,0.03781665527309587,0.0,1.2992564503213773,0.8106117502461649,0,0,1,0,0,1,0
0.0,0.0,0.11886804028718202,0.1017193547029879,0.05367910851386614,0.09399646455175599,0.06945178948388599,0.28372049742907646,0.02419336179782835,0.8557262215395928,0.05367910851386614,0.0,1.3073081337362416,0.8557262215395928,0,0,1,1,0,2,0
0.0,0.0,0.060623075395070614,0.03821678905657319,0.024620608726011288,0.04041931555855708,0.06842227909914325,0.21608550307376528,0.001854029729731436,0.6303896398835738,0.024620608726011288,0.0,1.0365089673218149,0.6303896398835738,0,0,1,0,0,1,0
0.0,0.0,0.09675882772511475,0.1133116035586339,0.06562411925902559,0.09725153852535207,0.05637272501166444,0.2515681707364775,0.026910766156541824,1.1710604103238085,0.06562411925902559,0.0,1.849276988441923,1.1710604103238085,0,0,1,1,1,3,1
0.0,0.0,0.09013669442740188,0.06309158903010201,0.05249938652304374,0.06720481475266242,0.028648990993784804,0.12520263555515815,0.021837148226922096,0.6999467806547551,0.05249938652304374,0.0,1.2823822074375808,0.6999467806547551,0,0,1,0,0,1,0
0.0,0.0,0.17328538748752909,0.18991170682977923,0.115905031741731,0.16725345822220464,0.12030751847226102,0.3646911266631052,0.010642241286931028,1.0959412887723026,0.115905031741731,0.0,1.764805320288179,1.0959412887723026,0,0,1,1,1,3,1
0.0,0.0,0.12139409985268408,0.03297013830351204,0.028236778753017226,0.05389278880318135,0.10808463650642634,0.44661516611103536,0.0007785616178258793,0.2715936503493313,0.028236778753017226,0.0,0.5041959447358695,0.2715936503493313,0,0,1,0,0,1,0
0.0,0.0,0.13472381175476636,0.14593078993999675,0.1387321122937024,0.14132937598211556,0.07169370662590348,0.26797875544986965,0.03512873155296035,1.0831767960131067,0.1387321122937024,0.0,2.112921135505897,1.0831767960131067,0,0,1,1,1,3,1
0.0,0.0,0.13283977341931047,0.12444399480071106,0.10895166930644537,0.1226698580817945,0.06363590182089196,0.20577114201413207,0.008755822247888428,0.9367906524294686,0.10895166930644537,0.0,1.7569580340400874,0.9367906524294686,0,0,1,1,0,2,0
0.0,0.0,0.13333145591539275,0.11227778514416367,0.09383207678740474,0.11292977574778122,0.08742124670966361,0.3933101683000357,0.023985888417689324,0.8420889300607386,0.09383207678740474,0.0,1.5458341370563007,0.8420889300607386,0,0,1,1,0,2,0
0.0,0.0,0.07086121775826992,0.08756616604780051,0.09405890552568011,0.08501311384488776,0.03975161652681242,0.16677827255139008,0.03396881277259113,1.2357243227485801,0.09405890552568011,0.0,2.5630734871021477,1.2357243227485801,1,0,1,1,1,4,1
0.0,0.0,0.1073043767218482,0.08934816266076126,0.055856235429827754,0.0854642343682996,0.043323163204356356,0.1560380071580036,0.026740800541288048,0.8326531753610561,0.055856235429827754,0.0,1.3531884657278714,0.8326531753610561,0,0,1,1,0,2,0
0.0,0.0,0.04423316129454595,0.036079289561030084,0.04988307878794854,0.04156870480113867,0.06670905713722242,0.18159944098210712,0.0005666758175238628,0.8156431252485088,0.04988307878794854,0.0,1.9433479879176037,0.8156431252485088,0,0,1,1,0,2,0
0.0,0.0,0.05953551980857379,0.0637719725263418,0.04314289373548823,0.05755558964918641,0.09482310859095784,0.34871297759637926,0.001758438070107314,1.0711404148476624,0.04314289373548823,0.0,1.7957862939518565,1.0711404148476624,0,0,1,1,1,3,1
0.0,0.0,0.08701894851926086,0.05540395102958279,0.058079645487960505,0.06397662401659673,0.03598558243749395,0.15727986840196473,0.01160922195537676,0.636681036616791,0.058079645487960505,0.0,1.3041101316260262,0.636681036616791,0,0,1,1,0,2,0
0.0,0.0,0.09443412700946734,0.06919525236289442,0.07395050932667009,0.07669378526548157,0.03525559559032976,0.13243582308411597,0.01653647159132536,0.7327279006672743,0.07395050932667009,0.0,1.5158105487083615,0.7327279006672743,0,0,1,1,0,2,0
0.0,0.0,0.10536487976623662,0.08040042982904314,0.039565289503079366,0.07643275723185058,0.057571199877849415,0.17691439096958828,0.0028281120624992304,0.7630594458796195,0.039565289503079366,0.0,1.138563257842832,0.7630594458796195,0,0,1,0,0,1,0
0.0,0.0,0.15610592971428466,0.11880127837880383,0.06613018326914624,0.11495966743525966,0.0594762100715417,0.2572144194905396,0.03533906291055212,0.7610250140480013,0.06613018326914624,0.0,1.1846460755228587,0.7610250140480013,0,0,1,0,0,1,0
0.0,0.0,0.10128866360756324,0.06398983933957653,0.03346200415251326,0.06568258660980739,0.07285647210220546,0.2611209134547367,0.0018040062900006948,0.6317509315412362,0.03346200415251326,0.0,0.9621104466261958,0.6317509315412362,0,0,1,0,0,1,0
0.0,0.0,0.06713128691091362,0.05602323742206216,0.0686462777166164,0.06195600986791359,0.0239363754233524,0.09789864785191257,0.026138779812364128,0.8345200200971333,0.0686462777166164,0.0,1.857072369724547,0.8345200200971333,0,0,1,1,0,2,0
0.0,0.0,0.08685421927913901,0.10342911901357672,0.052716617529896134,0.08660726870904713,0.08013046222906049,0.35447779004129804,0.012185551327234312,1.190822150608725,0.052716617529896134,0.0,1.797770333658879,1.190822150608725,0,0,1,1,1,3,1
0.0,0.0,0.13776441246999438,0.10409456847914414,0.09422463063479569,0.1100445450157696,0.06482051274399434,0.2787693049690294,0.03226208734588187,0.7555929069048167,0.09422463063479569,0.0,1.4395427383279835,0.7555929069048167,0,0,1,1,0,2,0
0.0,0.0,0.14477865427544379,0.09409218158753697,0.05856340675900675,0.0978816060523811,0.1330917318823639,0.43819780978348255,0.008299870579366476,0.6498992006744696,0.05856340675900675,0.0,1.0543994535041226,0.6498992006744696,0,0,1,0,0,1,0
0.0,0.0,0.18666600578423134,0.0636044506369877,0.08663110491562954,0.10012650299345907,0.06324172357701069,0.3081555275372984,0.051868179679996414,0.3407375093941785,0.08663110491562954,0.0,0.8048318711785346,0.3407375093941785,0,0,1,0,0,1,0
0.0,0.0,0.09059886507885638,0.08482738785647666,0.08412890449221445,0.08609563632100603,0.05661511448701058,0.21499854399773896,0.006338609882238422,0.9362860284907105,0.08412890449221445,0.0,1.8648625160935373,0.9362860284907105,0,0,1,1,0,2,0
0.0,0.0,0.08411508183853222,0.1080940638520033,0.07057186952062107,0.09271876976578998,0.06243081126285579,0.26705701181539115,0.018450352334956763,1.2850582372524055,0.07057186952062107,0.0,2.1240401296340505,1.2850582372524055,1,0,1,1,1,4,1
0.0,0.0,0.15686486895470483,0.05171928648793524,0.04291925355852572,0.07580567387227524,0.1148710635915276,0.4426846119079609,0.0025636746493019644,0.3297038854441257,0.04291925355852572,0.0,0.6033086781534862,0.3297038854441257,0,0,1,0,0,1,0
0.0,0.0,0.16937391292631893,0.18448764295752393,0.12391790390413879,0.16556677568637643,0.09851137148878619,0.3133272079893648,0.033830359271106794,1.0892264962390228,0.12391790390413879,0.0,1.820845493191926,1.0892264962390228,0,0,1,1,1,3,1
0.0,0.0,0.11183287467780009,0.07849141777010496,0.0723998548651466,0.08530389127078916,0.03884340511049864,0.17184925662966452,0.037151828758993616,0.7018572681689095,0.0723998548651466,0.0,1.3492447889333898,0.7018572681689095,0,0,1,1,0,2,0
0.0,0.0,0.14150393878311499,0.09338554392975883,0.06784337114813546,0.09902959944769203,0.04501195525424602,0.18873634677377937,0.03358137899089342,0.6599454742204518,0.06784337114813546,0.0,1.1393871935806443,0.6599454742204518,0,0,1,0,0,1,0
0.0,0.0,0.11687840658108747,0.07423998315517696,0.09113270273671982,0.08912276890704031,0.04525929414829519,0.17719616085120088,0.004821435344326131,0.6351844634295902,0.09113270273671982,0.0,1.4149001156774879,0.6351844634295902,0,0,1,1,0,2,0
0.0,0.0,0.12720295077341265,0.019596834391785705,0.013508464006996321,0.044976270890995096,0.11599267373580784,0.4844928942188161,0.0014022623182654867,0.15405837847515746,0.013508464006996321,0.0,0.260253696504696,0.15405837847515746,0,0,1,0,0,1,0
0.0,0.0,0.11377717465646901,0.05812394974476854,0.04202687458684721,0.06801298718321333,0.046896978489653046,0.1735790486311709,0.008106960805412513,0.51085324509962,0.04202687458684721,0.0,0.8802287840704214,0.51085324509962,0,0,1,0,0,1,0
0.0,0.0,0.08321596267556651,0.04092239031720918,0.027491313180024634,0.048138014122502355,0.04750496561120713,0.20375879966446972,0.01128461047163215,0.4917553945912578,0.027491313180024634,0.0,0.8221124792063685,0.4917553945912578,0,0,1,0,0,1,0
0.0,0.0,0.19816435368553942,0.10014199868826396,0.06617215510543226,0.11615512654187489,0.09434397604875644,0.410027927500272,0.01838369063479684,0.5053456460768376,0.06617215510543226,0.0,0.8392695832068274,0.5053456460768376,0,0,1,0,0,1,0
0.0,0.0,0.139332840349117,0.067979730529433,0.0817481253285481,0.08926010668413278,0.07056122798363373,0.3121384543018581,0.011513645987850391,0.4878910274711581,0.0817481253285481,0.0,1.0745979259799392,0.4878910274711581,0,0,1,0,0,1,0
0.0,0.0,0.09411746172887794,0.08464982400379731,0.04412733849566887,0.07688611205803535,0.08905104386956199,0.2902811684290426,0.013373380460004969,0.899396594980946,0.04412733849566887,0.0,1.3682455082025005,0.899396594980946,0,0,1,1,0,2,0
0.0,0.0,0.0663244443883997,0.10634549190475273,0.08077380236510176,0.08994730764075173,0.04208622908656826,0.18206667760796544,0.030880590813402792,1.6033890595892113,0.08077380236510176,0.0,2.8212294089443235,1.6033890595892113,1,0,1,1,1,4,1
0.0,0.0,0.10527266306500427,0.059077958395745186,0.0805802089842367,0.07600219721018285,0.037384146406272606,0.13872665271616164,0.017732819630546334,0.5611845990318185,0.0805802089842367,0.0,1.3266201945850968,0.5611845990318185,0,0,1,1,0,2,0
0.0,0.0,0.16933835139160353,0.17957299787514996,0.09558074139328848,0.15601627213379796,0.12760162789901322,0.43047178996135455,0.0116263887587378,1.0604327724149643,0.09558074139328848,0.0,1.6248659098270386,1.0604327724149643,0,0,1,1,1,3,1
0.0,0.0,0.09395514773002459,0.09628082407842051,0.08147365694996647,0.09199761320920805,0.05633538212673278,0.23724982046593265,0.01173875739429173,1.0247421419945366,0.08147365694996647,0.0,1.8918877084993964,1.0247421419945366,0,0,1,1,1,3,1
0.0,0.0,0.07798983746392625,0.02950637935421039,0.0359020091963527,0.043226151342174925,0.05543244222759713,0.24913965289180337,0.009036012963128316,0.37833135678095803,0.0359020091963527,0.0,0.838667600932186,0.37833135678095803,0,0,1,0,0,1,0
0.0,0.0,0.14003049729464379,0.09589698028306856,0.07602605336739968,0.10196262780704514,0.05948941526620231,0.24670451414742983,0.010704551418585714,0.6848243583462463,0.07602605336739968,0.0,1.2277454499306015,0.6848243583462463,0,0,1,0,0,1,0
0.0,0.0,0.26189442209851277,0.18912483115486806,0.08211732083849434,0.1805653513116858,0.11333813981768302,0.5044956954184402,0.028608229664683512,0.7221387439285907,0.08211732083849434,0.0,1.0356887868445972,0.7221387439285907,0,0,1,0,0,1,0
0.0,0.0,0.06354903502858492,0.06293561050739431,0.07599953485008651,0.066354947723365,0.09062636146364261,0.254711715513044,0.0026637969398688142,0.9903316415024124,0.07599953485008651,0.0,2.1862323961739367,0.9903316415024124,0,0,1,1,0,2,0
0.0,0.0,0.057584612272860866,0.08918145346628224,0.08883190479020636,0.08119485599890792,0.055647339826936766,0.20306536578521023,0.020660340924999764,1.548675961691771,0.08883190479020636,0.0,3.0912818537553926,1.548675961691771,1,0,1,1,1,4,1
0.0,0.0,0.06477719870954735,0.09470694472428338,0.06427452977271159,0.07961640448270643,0.05708593792698484,0.2492117727184097,0.009903625273983347,1.4620188058783576,0.06427452977271159,0.0,2.4542435211858313,1.4620188058783576,1,0,1,1,1,4,1
0.0,0.0,0.06294690820216486,0.03597579378785572,0.03200401405941834,0.04172562745932367,0.06252626346041214,0.21924300302097688,0.001501443722623851,0.5715169068416869,0.03200401405941834,0.0,1.0799375195907803,0.5715169068416869,0,0,1,0,0,1,0
0.0,0.0,0.13866375779814719,0.14676059054726917,0.09963996389894275,0.13295622569790708,0.0978736208292321,0.288744097906848,0.011572468753103317,1.0583842129584722,0.09963996389894275,0.0,1.7769515366326503,1.0583842129584722,0,0,1,1,1,3,1
0.0,0.0,0.11852514181798451,0.06083420626679596,0.06769176648108959,0.0769713302081665,0.04971835738852171,0.2389334484012716,0.0179816622541503,0.5132556019600842,0.06769176648108959,0.0,1.0843681467777577,0.5132556019600842,0,0,1,0,0,1,0
0.0,0.0,0.1233978983147411,0.08201449276681126,0.0905833819891817,0.09450256645938632,0.052871984847788225,0.24161713008362257,0.020722758036589017,0.6646290516923837,0.0905833819891817,0.0,1.3986986684092189,0.6646290516923837,0,0,1,1,0,2,0
0.0,0.0,0.09309090629678085,0.046446182095720746,0.005303875592954512,0.047821786520294216,0.08689077807485135,0.3301518954802743,0.0008470160118340913,0.498928252125898,0.005303875592954512,0.0,0.5559028679001795,0.498928252125898,0,0,1,0,0,1,0
0.0,0.0,0.15932651743680756,0.05663239839943135,0.047179096726886624,0.07994260274063923,0.13878601655386397,0.5892153782050455,0.005768681773200051,0.35544643706566803,0.047179096726886624,0.0,0.6515603631839155,0.35544643706566803,0,0,1,0,0,1,0
0.0,0.0,0.18696821767866312,0.18182204186261797,0.09193247341184158,0.1606361937039352,0.11354881699416289,0.3725538272321328,0.004089934349895584,0.9724704639621939,0.09193247341184158,0.0,1.464168907980088,0.9724704639621939,0,0,1,1,0,2,0
0.0,0.0,0.08379817675399359,0.09425538464041133,0.04550975625413124,0.07945467557223687,0.03657536347626905,0.14056773880614057,0.02958635138300429,1.1247769762358606,0.04550975625413124,0.0,1.667858161719731,1.1247769762358606,0,0,1,1,1,3,1
0.0,0.0,0.08689290912524283,0.07863135834826243,0.054553582436128054,0.07467730206447394,0.02864654630235243,0.12507679605602795,0.016892101596691866,0.9049121985630623,0.054553582436128054,0.0,1.5327304540117646,0.9049121985630623,0,0,1,1,0,2,0
0.0,0.0,0.19892590262473792,0.08658530127491042,0.09107808097142683,0.11579364653649639,0.07056511981775662,0.30045357611914464,0.04475520601057779,0.4352618983780575,0.09107808097142683,0.0,0.8931088751805841,0.4352618983780575,0,0,1,0,0,1,0
0.0,0.0,0.14550567601127531,0.06319271437394117,0.06191827371807046,0.083452344619307,0.05555953076879853,0.21138380090461312,0.028161684419480696,0.43429426130966226,0.06191827371807046,0.0,0.8598298821857272,0.43429426130966226,0,0,1,0,0,1,0
0.0,0.0,0.13515602039430635,0.06738810082690759,0.02620457710323989,0.07403419978784037,0.10402193432838652,0.4187157225384192,0.0006098924635397968,0.49859119881682734,0.02620457710323989,0.0,0.6924736699366463,0.49859119881682734,0,0,1,0,0,1,0
0.0,0.0,0.09651911771109095,0.0866245612726191,0.032052397692664804,0.07545515948724847,0.04447545477913543,0.15200299074709023,0.0034110011211828098,0.8974767470954423,0.032052397692664804,0.0,1.2295567160466376,0.8974767470954423,0,0,1,0,0,1,0
0.0,0.0,0.12071695008323441,0.1062534359660755,0.07153312047393252,0.10118923562232948,0.056256690894627995,0.223816279979028,0.01111547574575537,0.8801792599428196,0.07153312047393252,0.0,1.472743335331863,0.8801792599428196,0,0,1,1,0,2,0
0.0,0.0,0.13593372220998673,0.07125696211708135,0.029845970835587248,0.07707340431993417,0.05501263078947035,0.20695704149842303,0.01323202074628586,0.5241998582746675,0.029845970835587248,0.0,0.743760911921302,0.5241998582746675,0,0,1,0,0,1,0
0.0,0.0,0.10069621266998154,0.055227682166155465,0.03413988418391069,0.06132286529655078,0.03891956151992731,0.16647908068717576,0.0166692109442276,0.5484529382869321,0.03413988418391069,0.0,0.8874879848258916,0.5484529382869321,0,0,1,0,0,1,0
0.0,0.0,0.042940824215382034,0.034338605771994685,0.050441045225268884,0.04051477024616007,0.034684308726874835,0.140222411493698,0.006928728386907415,0.7996540994570598,0.050441045225268884,0.0,1.974290858535417,0.7996540994570598,0,0,1,1,0,2,0
0.0,0.0,0.100767281855042,0.09127328003420529,0.10745819941207173,0.09769301033388109,0.06586185488042677,0.30217193457431174,0.023861565954849086,0.9057739037915171,0.10745819941207173,0.0,1.9721630237990742,0.9057739037915171,0,0,1,1,0,2,0
0.0,0.0,0.08654237320648234,0.03482781076657892,0.014387522550418643,0.04264637932251471,0.05831943742994191,0.2466138837333877,0.007568318531565791,0.4024318613452222,0.014387522550418643,0.0,0.5686782418288174,0.4024318613452222,0,0,1,0,0,1,0
0.0,0.0,0.04008508039416055,0.03693749208902143,0.02870966526432179,0.0356674324591313,0.05173991197517738,0.1924546224768653,0.0032933116260924853,0.9214543234414663,0.02870966526432179,0.0,1.6376546848143885,0.9214543234414663,0,0,1,1,0,2,0
0.0,0.0,0.24682551685975,0.2064405360710248,0.07372484204352298,0.18335785776133068,0.12998418793140173,0.3760849715227551,0.021169752827811326,0.836379083971464,0.07372484204352298,0.0,1.135070014676508,0.836379083971464,0,0,1,0,0,1,0
0.0,0.0,0.16507028440639082,0.06804546487549516,0.05911893169482854,0.09007003646305244,0.08406235158400291,0.28156250237865743,0.02481421460704438,0.41221866734842433,0.05911893169482854,0.0,0.7703604962402562,0.41221866734842433,0,0,1,0,0,1,0
0.0,0.0,0.12679790133779115,0.11335390608373054,0.09488081439215088,0.11209663197435077,0.05788456436593892,0.19295007228635272,0.0025809986562192475,0.8939659956655045,0.09488081439215088,0.0,1.6422438860187438,0.8939659956655045,0,0,1,1,0,2,0
0.0,0.0,0.061501432778583345,0.08190351484234629,0.02909999375482649,0.06360211405452561,0.04594236827228355,0.18601105266402795,0.009005864980249089,1.3317117899581217,0.02909999375482649,0.0,1.804863703470067,1.3317117899581217,1,0,1,1,1,4,1
0.0,0.0,0.07889825057526906,0.05045313764425499,0.016120160378886434,0.04898117156066637,0.09092170697252458,0.3003323712553116,0.0015822770817025854,0.6394628247593205,0.016120160378886434,0.0,0.8437760503140799,0.6394628247593205,0,0,1,0,0,1,0
0.0,0.0,0.2560435040018405,0.09045630350631963,0.04510677905061371,0.12051572251627338,0.1717415425327637,0.6707408111447013,0.004444287892279685,0.353283519437189,0.04510677905061371,0.0,0.5294512494435689,0.353283519437189,0,0,1,0,0,1,0
0.0,0.0,0.0731304010609745,0.07670515844793431,0.04871212331862865,0.06881321031886793,0.058287588536886044,0.23529250638829224,0.012007663180857744,1.0488676182202517,0.04871212331862865,0.0,1.7149580063698528,1.0488676182202517,0,0,1,1,1,3,1
0.0,0.0,0.08020252279410858,0.06428660200541976,0.05320521238841677,0.06549523479834121,0.05271199561821413,0.15353970760273183,0.009516960365590393,0.8015433707376004,0.05320521238841677,0.0,1.4649208700651613,0.8015433707376004,0,0,1,1,0,2,0
0.0,0.0,0.22246004714369372,0.17853261990624283,0.11463888547935688,0.17354104310888407,0.11429901429209789,0.3746702854012586,0.02393866697156073,0.8025342962218626,0.11463888547935688,0.0,1.3178554589659564,0.8025342962218626,0,0,1,1,0,2,0
0.0,0.0,0.1122201395453708,0.05933709042728621,0.05200867587826653,0.07072574906955244,0.04262212345503521,0.1795154031896378,0.019331005612901072,0.5287514515328579,0.05200867587826653,0.0,0.992199569142103,0.5287514515328579,0,0,1,0,0,1,0
0.0,0.0,0.11326559082732418,0.07442623479177576,0.08533613137789663,0.0868635479471931,0.044155943747332255,0.20689428493262071,0.03837572134600383,0.657089034358235,0.08533613137789663,0.0,1.4104985857059242,0.657089034358235,0,0,1,1,0,2,0
0.0,0.0,0.3176898105493726,0.166144548784589,0.04645623253360172,0.17410878516303807,0.16172476921785195,0.5324797001890597,0.01093874384970604,0.5229756205326825,0.04645623253360172,0.0,0.6692065815518773,0.5229756205326825,0,0,1,0,0,1,0
0.0,0.0,0.11199895294985308,0.06047124299902895,0.05615179639766975,0.07227330883639518,0.055027465994210746,0.20177809871979227,0.006923053778595407,0.539922039307502,0.05615179639766975,0.0,1.0412775749014427,0.539922039307502,0,0,1,0,0,1,0
0.0,0.0,0.19155878256010028,0.08641691908558784,0.06199293292217487,0.1065963884133627,0.08290567469229937,0.3933801661231546,0.03611804212736561,0.4511224534224727,0.06199293292217487,0.0,0.7747443123203607,0.4511224534224727,0,0,1,0,0,1,0
0.0,0.0,0.05916259668657558,0.06354032062287382,0.03960002612660397,0.056460816014731796,0.07915659170593765,0.2108228783033801,0.001340215926009336,1.0739766373482045,0.03960002612660397,0.0,1.7433075831388842,1.0739766373482045,0,0,1,1,1,3,1
0.0,0.0,0.08170550990861682,0.08831794166747485,0.07528022324704445,0.08340540412265275,0.05815744508173233,0.22957828516325063,0.016558870957732987,1.0809168298370897,0.07528022324704445,0.0,2.0022659773069824,1.0809168298370897,0,0,1,1,1,3,1
0.0,0.0,0.04924914960774259,0.06050590971663598,0.035662698295292894,0.051480916834076865,0.03215388918844713,0.12917006152287647,0.006217050310708416,1.2285426582160854,0.035662698295292894,0.0,1.9526561599888066,1.2285426582160854,1,0,1,1,1,4,1
0.0,0.0,0.12470598022456748,0.06660536170521067,0.07658339243845139,0.08362502401836003,0.04947512601392805,0.19243365395138304,0.014279135900156956,0.5340948965749176,0.07658339243845139,0.0,1.1482015993476333,0.5340948965749176,0,0,1,0,0,1,0
0.0,0.0,0.09962646952267093,0.09964816148856734,0.0820898204637743,0.09525315324089499,0.04366867689405137,0.16268606981297548,0.02003407302795528,1.0002076933801043,0.0820898204637743,0.0,1.8241754289562266,1.0002076933801043,0,0,1,1,1,3,1
0.0,0.0,0.12387081605897628,0.04919280821983548,0.12917150195368673,0.08785698361308349,0.04814022734325323,0.16501683499044642,0.01715095561369533,0.39712672167827445,0.12917150195368673,0.0,1.4399103512666809,0.39712672167827445,0,0,1,1,0,2,0
0.0,0.0,0.024036475192466936,0.02452614040041859,0.012298470548000628,0.021346806635326187,0.026920986280734256,0.11353568359052783,0.0014897483242682567,1.0203293068027708,0.012298470548000628,0.0,1.5319666751007035,1.0203293068027708,0,0,1,1,1,3,1
0.0,0.0,0.07071237386132305,0.043922770429675476,0.07050219425228105,0.05726502724323877,0.02826041547868769,0.1104895857474131,0.009968892178356021,0.6211380963919642,0.07050219425228105,0.0,1.6181516795727617,0.6211380963919642,0,0,1,1,0,2,0
0.0,0.0,0.06819403418219426,0.08519574176185529,0.07023556760507288,0.07720527132774443,0.056390883302245155,0.2563774764244537,0.00895175661767904,1.2492953890783431,0.07023556760507288,0.0,2.2792174126882587,1.2492953890783431,1,0,1,1,1,4,1
0.0,0.0,0.09105556698742479,0.12760114153902266,0.11462505001394724,0.11522072501985435,0.06417204026499887,0.2371373408137473,0.024229433650162075,1.4013392527377493,0.11462505001394724,0.0,2.6601726769077745,1.4013392527377493,1,0,1,1,1,4,1
0.0,0.0,0.17961627119157064,0.16278612263837755,0.10940615105036212,0.15364866687967196,0.09519556045036526,0.3220850522338348,0.017131422836977824,0.9062943755823912,0.10940615105036212,0.0,1.5154014526722948,0.9062943755823912,0,0,1,1,0,2,0
0.0,0.0,0.07958386445828503,0.11986821331739642,0.09818023232242895,0.10437513085387672,0.07500095812955082,0.3298017231807356,0.009287180621978162,1.5061684672495257,0.09818023232242895,0.0,2.7398230445453233,1.5061684672495257,1,0,1,1,1,4,1
0.0,0.0,0.07611074855089374,0.04576245257017066,0.0358126365088202,0.050862072550013813,0.03831834851360116,0.17176008955229002,0.01591506382808153,0.6012534653512871,0.0358126365088202,0.0,1.071780515257036,0.6012534653512871,0,0,1,0,0,1,0
0.0,0.0,0.07761385915946852,0.0658598910432837,0.043919873151178505,0.06331337859930361,0.04733713503670583,0.15016353732316468,0.008683732992735897,0.8485474528526438,0.043919873151178505,0.0,1.4144168447037602,0.8485474528526438,0,0,1,1,0,2,0
0.0,0.0,0.027023986150683195,0.03536952874620232,0.013655008995480103,0.027854513159641988,0.017704738304808735,0.0661818965938247,0.0023383685641317304,1.3087713921107105,0.013655008995480103,0.0,1.8140448793696449,1.3087713921107105,1,0,1,1,1,4,1
0.0,0.0,0.174753362490023,0.060612896793719936,0.037694519082496825,0.08341841878998991,0.06861311809580853,0.2835511157618336,0.022773269798236143,0.34684625854293294,0.037694519082496825,0.0,0.5625462762443444,0.34684625854293294,0,0,1,0,0,1,0
0.0,0.0,0.17741750721313898,0.11459983561205327,0.08964454506477373,0.12406543087550481,0.08083099294750197,0.26876889825289246,0.031426552587591326,0.6459294321216474,0.08964454506477373,0.0,1.1512011000716016,0.6459294321216474,0,0,1,0,0,1,0
0.0,0.0,0.10412633091691506,0.05608693088864285,0.032017236105441445,0.06207935719991055,0.04518087037495452,0.203845574940601,0.007070473877876517,0.5386379387117446,0.032017236105441445,0.0,0.8461195175009728,0.5386379387117446,0,0,1,0,0,1,0
0.0,0.0,0.051223410135608244,0.0635324738761206,0.03269222587614393,0.052745145940998335,0.06896943375735226,0.24884347028033707,0.005844950770842115,1.2402773152082918,0.03269222587614393,0.0,1.8784930758114222,1.2402773152082918,1,0,1,1,1,4,1
0.0,0.0,0.13109982633422596,0.10470967317743228,0.0667514227943985,0.10181764887087226,0.11156981450619623,0.42269572639804487,0.0014817915831701752,0.79869575276732,0.0667514227943985,0.0,1.3078567143025561,0.79869575276732,0,0,1,1,0,2,0
0.0,0.0,0.09722815780530457,0.1042989166742498,0.055849515967368396,0.09041887678029316,0.060393478368456446,0.22960686642536063,0.01232479936149153,1.0727123326842138,0.055849515967368396,0.0,1.6471235199044472,1.0727123326842138,0,0,1,1,1,3,1
0.0,0.0,0.042759146077568366,0.09424243480577962,0.05589302993678689,0.07178426140647863,0.03375939378140083,0.1491952044725336,0.009266944643271812,2.2039783174458907,0.05589302993678689,0.0,3.51110738654203,2.2039783174458907,1,0,1,1,1,4,1
0.0,0.0,0.023191636840539476,0.03813161071049128,0.012870707619350778,0.028081391470218202,0.037381262825156136,0.1317004587753935,0.001615052637800566,1.6441257185487113,0.012870707619350778,0.0,2.199073726739547,1.6441257185487113,1,0,1,1,1,4,1
0.0,0.0,0.12352941971286067,0.07665496505539643,0.0701594949125328,0.08674971118404658,0.06920638990422308,0.3035616944061498,0.018364092395515983,0.6205351299993676,0.0701594949125328,0.0,1.1884883116983733,0.6205351299993676,0,0,1,0,0,1,0
0.0,0.0,0.10197423831124752,0.053293668079565294,0.018594034225289,0.05678890217391678,0.09859970541849195,0.3406631286635825,0.0018145626143082343,0.5226138125502884,0.018594034225289,0.0,0.7049525305882548,0.5226138125502884,0,0,1,0,0,1,0
0.0,0.0,0.06417346762990572,0.07794763841423989,0.0665439131852862,0.07165316441091794,0.02938542142293534,0.14683200571088467,0.03464914375825474,1.2146207252355263,0.0665439131852862,0.0,2.2515426607480276,1.2146207252355263,1,0,1,1,1,4,1
0.0,0.0,0.05483740236064412,0.023223466058598374,0.01725630217708421,0.029635159163731273,0.028912030631779086,0.12790339966716952,0.009467666024876873,0.42348910724768235,0.01725630217708421,0.0,0.7381646162750668,0.42348910724768235,0,0,1,0,0,1,0
0.0,0.0,0.08847292077219329,0.048244579067045185,0.05408208387833753,0.05976104069615529,0.032784521250667754,0.10781298780103744,0.011954968226260972,0.5452971750994007,0.05408208387833753,0.0,1.1565742995482036,0.5452971750994007,0,0,1,0,0,1,0
0.0,0.0,0.10389810569301472,0.07587139850493324,0.059969794690485204,0.0789026743483416,0.051320200714456546,0.1918832889866332,0.017015873376009686,0.7302411122681509,0.059969794690485204,0.0,1.3074337097451187,0.7302411122681509,0,0,1,1,0,2,0
0.0,0.0,0.08312155809137094,0.033608530979353124,0.01382933948649227,0.04104198988414236,0.0714877391360141,0.2874415276266869,0.0017173163488990255,0.40432503223023486,0.01382933948649227,0.0,0.5706979134797583,0.40432503223023486,0,0,1,0,0,1,0
0.0,0.0,0.07260296139763348,0.0586115278489064,0.04175657441640633,0.057895647877963155,0.03782373501401637,0.1065075082751532,0.005832022876000653,0.8072772713861429,0.04175657441640633,0.0,1.382405316916829,0.8072772713861429,0,0,1,1,0,2,0
0.0,0.0,0.08717312741616812,0.08828548593831254,0.06091619145366499,0.08116507268661453,0.05714723531639856,0.24052105937336865,0.012388585942483368,1.0127487197759812,0.06091619145366499,0.0,1.711536230006533,1.0127487197759812,0,0,1,1,1,3,1
0.0,0.0,0.0413954599344379,0.015250491861141312,0.014083798193258843,0.021495060462494844,0.02840341360860272,0.12272058336751504,0.0018929269877225247,0.3684008701539805,0.014083798193258843,0.0,0.708618323906408,0.3684008701539805,0,0,1,0,0,1,0
0.0,0.0,0.0721036327438365,0.08294262465726679,0.03347611051180214,0.06786624814254305,0.05543528234955425,0.17930161180248796,0.011000690862193479,1.1503092311964758,0.03347611051180214,0.0,1.6145805163818743,1.1503092311964758,0,0,1,1,1,3,1
0.0,0.0,0.09476962676206205,0.09786770980768834,0.013578306963303418,0.07602083833518554,0.1521817615079306,0.531650750376259,0.0019875616714764,1.0326797780223829,0.013578306963303418,0.0,1.1759552572211658,1.0326797780223829,0,0,1,0,1,2,0
0.0,0.0,0.0890169406940532,0.057010164960239196,0.047290434047651694,0.06258192616554582,0.033807607828465196,0.15274401336029586,0.010737753110769256,0.6404345519087898,0.047290434047651694,0.0,1.1716806544240652,0.6404345519087898,0,0,1,0,0,1,0
0.0,0.0,0.09766467771818421,0.11268520696323014,0.10289657057575374,0.10648291555509956,0.05759253939107498,0.18584829151666052,0.019624434378152637,1.1537851330780196,0.10289657057575374,0.0,2.2073443053459205,1.1537851330780196,0,0,1,1,1,3,1
0.0,0.0,0.08961596861610607,0.053891334556633606,0.02469130984244494,0.05552248689295455,0.046830904000731005,0.1684077151227135,0.008427522891627808,0.6013519023109223,0.02469130984244494,0.0,0.8768723782178409,0.6013519023109223,0,0,1,0,0,1,0
0.0,0.0,0.14230880634012355,0.14758567865065744,0.11762747690810242,0.1387769101373852,0.058177590716695086,0.24500682281896993,0.05636236221712599,1.037073146582214,0.11762747690810242,0.0,1.8636323270997546,1.037073146582214,0,0,1,1,1,3,1
0.0,0.0,0.20558414930428703,0.13707712824991258,0.20686002674116422,0.1716496081363191,0.0690916149896188,0.29643434230606164,0.0032697696988317607,0.6667657110145851,0.20686002674116422,0.0,1.672966924678079,0.6667657110145851,0,0,1,1,0,2,0
0.0,0.0,0.12711344765163674,0.09489145428841432,0.06489381728866683,0.09544754337928306,0.07899995976316929,0.2652829882767383,0.0028729222811410683,0.7465040838510263,0.06489381728866683,0.0,1.2570189662073692,0.7465040838510263,0,0,1,0,0,1,0
0.0,0.0,0.09360551098822249,0.06122652863929322,0.05407730730637619,0.06753396889329627,0.03673673454273251,0.14474390434091047,0.02220465836878153,0.6540840801875064,0.05407730730637619,0.0,1.2317929033822963,0.6540840801875064,0,0,1,0,0,1,0
0.0,0.0,0.07439183465052684,0.07936839595809847,0.08045214033554018,0.078395191725566,0.04304410261296316,0.15800307970624702,0.027725728940400568,1.066882265354522,0.08045214033554018,0.0,2.148332390403231,1.066882265354522,0,0,1,1,1,3,1
0.0,0.0,0.07657279664787932,0.07984866405945135,0.05360394562574214,0.07246851759813105,0.04280006578093081,0.167622767620836,0.018078113249495785,1.0427674681801575,0.05360394562574214,0.0,1.7427973474904017,1.0427674681801575,0,0,1,1,1,3,1
0.0,0.0,0.056557092547179985,0.02316401512486331,0.007299541137561602,0.027546165983617053,0.042485604292105704,0.16152921550629004,0.0014669614842633331,0.40956146294255247,0.007299541137561602,0.0,0.5386241807396993,0.40956146294255247,0,0,1,0,0,1,0
0.0,0.0,0.0981017014001862,0.04573388954867458,0.01627119766616248,0.05146016954092446,0.09554985706368548,0.36000229971098346,0.000567305375392957,0.46618379408446925,0.01627119766616248,0.0,0.6320426076943827,0.46618379408446925,0,0,1,0,0,1,0
0.0,0.0,0.12108794338892173,0.07284167215269671,0.04883899060384903,0.07890256957454105,0.05830177285317364,0.21734296680378756,0.012287371357524824,0.6015551058096102,0.04883899060384903,0.0,1.004886650680595,0.6015551058096102,0,0,1,0,0,1,0
0.0,0.0,0.15472350689036474,0.14308141625490814,0.05360325705204544,0.12362239911305659,0.07077907892356648,0.26339273042235034,0.02606616847928422,0.9247495379403167,0.05360325705204544,0.0,1.2711927622837482,0.9247495379403167,0,0,1,0,0,1,0
0.0,0.0,0.1398824807789643,0.12236084059784857,0.061579092746466974,0.1115458136802821,0.07762231224794011,0.3117275380875455,0.028155151023356115,0.874734028038636,0.061579092746466974,0.0,1.3149510744229096,0.874734028038636,0,0,1,1,0,2,0
0.0,0.0,0.14041386691583158,0.09966628107868912,0.105907487059859,0.11141347903326719,0.09733832733445133,0.32625873322963705,0.008737874058860926,0.7097986364822163,0.105907487059859,0.0,1.4640456003976738,0.7097986364822163,0,0,1,1,0,2,0
0.0,0.0,0.21680492722814415,0.16279317873736687,0.13388680951857967,0.16906952355536445,0.06407292603580662,0.27870310540906784,0.04390694002849319,0.7508705173270478,0.13388680951857967,0.0,1.368412718457421,0.7508705173270478,0,0,1,1,0,2,0
0.0,0.0,0.14556660066755645,0.07909775951887076,0.05540571809201764,0.0897919594493289,0.0883851752327127,0.3957152111572861,0.0032905710630153446,0.5433747561692124,0.05540571809201764,0.0,0.923993230595756,0.5433747561692124,0,0,1,0,0,1,0
0.0,0.0,0.13205520570979354,0.06344894712936065,0.04018333721820822,0.07478410929668078,0.08518715881261811,0.37949771730847576,0.0019470839817705295,0.48046925767953635,0.04018333721820822,0.0,0.7847589122415874,0.48046925767953635,0,0,1,0,0,1,0
0.0,0.0,0.09856695231274479,0.10129992512050123,0.08821800725842349,0.09734620245304271,0.07108387036343565,0.2753265174295144,0.01645138434901997,1.0277166436316767,0.08821800725842349,0.0,1.9227134979694627,1.0277166436316767,0,0,1,1,1,3,1
0.0,0.0,0.106778108794308,0.14824794281064488,0.08682922894614692,0.12252580584043615,0.09378157139326276,0.28521921728751404,0.008799582421390218,1.3883609301911257,0.08682922894614692,0.0,2.2015277558612,1.3883609301911257,1,0,1,1,1,4,1
0.0,0.0,0.25249158900887,0.10080010021227898,0.10740203242961473,0.14037345546576063,0.08792478733174115,0.37103799467308896,0.03885501246308742,0.39922003496402786,0.10740203242961473,0.0,0.8245871035627887,0.39922003496402786,0,0,1,0,0,1,0
0.0,0.0,0.07133188072340811,0.05781383041424307,0.01608039317283638,0.050759983681182654,0.08684237221207823,0.3084117017276001,0.0012424035481527612,0.8104794006345418,0.01608039317283638,0.0,1.035906903488209,0.8104794006345418,0,0,1,0,0,1,0
0.0,0.0,0.1607805553896709,0.06797073882314757,0.054502175593718734,0.08780605215742118,0.08280199619978347,0.37735980672924047,0.017861876297131162,0.42275209154690274,0.054502175593718734,0.0,0.7617348527325812,0.42275209154690274,0,0,1,0,0,1,0
0.0,0.0,0.14039195962854784,0.11175037209811685,0.07381641887295914,0.10942728067443516,0.07145925151215891,0.24699985008280048,0.012126920149112637,0.7959827358422129,0.07381641887295914,0.0,1.3217670705286733,0.7959827358422129,0,0,1,1,0,2,0
0.0,0.0,0.07325946846502616,0.026738967692724158,0.01565468845578263,0.035598023076564275,0.05340728832207659,0.21918738654455264,0.0026608124532949175,0.3649849400770496,0.01565468845578263,0.0,0.5786702847627178,0.3649849400770496,0,0,1,0,0,1,0
0.0,0.0,0.11734988775508962,0.0871803984500308,0.06270575534368836,0.0886041099997099,0.06244137814829404,0.2414482271560477,0.03242850413519489,0.7429036125570315,0.06270575534368836,0.0,1.2772477197320433,0.7429036125570315,0,0,1,0,0,1,0
0.0,0.0,0.1022743026106953,0.10286595965544591,0.09154706875104193,0.09988832266815728,0.0572449976285305,0.2549024739101184,0.029893272324220357,1.005775167901472,0.09154706875104193,0.0,1.9008795226596313,1.005775167901472,0,0,1,1,1,3,1
0.0,0.0,0.035193689131925256,0.03102579655451418,0.02813616173375608,0.03134536099367742,0.015445658184159411,0.07246457905753714,0.010164753433939725,0.8815476800552429,0.02813616173375608,0.0,1.6809910741505651,0.8815476800552429,0,0,1,1,0,2,0
0.0,0.0,0.17364964467128036,0.16643626974504683,0.09569306362938698,0.1505538119476902,0.0986728124158034,0.3215547290534887,0.0199584064102882,0.9584546608514452,0.09569306362938698,0.0,1.5095212221678938,0.9584546608514452,0,0,1,1,0,2,0
0.0,0.0,0.13920363830136614,0.059132720508958576,0.06145614348349441,0.07973130570069441,0.05550016173751309,0.23108909713472708,0.010475410098702337,0.4247898721660502,0.06145614348349441,0.0,0.866270445180055,0.4247898721660502,0,0,1,0,0,1,0
0.0,0.0,0.03187202397131782,0.06252075578132321,0.04924034098153804,0.051538469128875566,0.062376516175810026,0.25258374837972863,0.004493215046668105,1.9615570784116672,0.04924034098153804,0.0,3.506447862099116,1.9615570784116672,1,0,1,1,1,4,1
0.0,0.0,0.0694133366613495,0.06301803804110949,0.07118498689676786,0.06665859991008409,0.04159498742629519,0.16989157946042166,0.00802992298502986,0.9078533494968696,0.07118498689676786,0.0,1.9333617721164904,0.9078533494968696,0,0,1,1,0,2,0
0.0,0.0,0.1870155542027592,0.15831489287137782,0.06871801092254326,0.1430908377170145,0.10206306183003734,0.3627423006562582,0.03110902193590633,0.8465287661098511,0.06871801092254326,0.0,1.2139722323606552,0.8465287661098511,0,0,1,0,0,1,0
0.0,0.0,0.044251016515437926,0.02894596757553679,0.013252588886781302,0.0288488851383232,0.018981016807150586,0.06690021648831254,0.006623468013254652,0.6541163511822923,0.013252588886781302,0.0,0.9535962377578102,0.6541163511822923,0,0,1,0,0,1,0
0.0,0.0,0.1484916801737898,0.061302752463058156,0.06999989375485542,0.08527426971369037,0.10209260363531228,0.4404665228585129,0.00704885464042055,0.41283349718862844,0.06999989375485542,0.0,0.8842364893962604,0.41283349718862844,0,0,1,0,0,1,0
0.0,0.0,0.10089796932348671,0.10235031758311197,0.11090358671731682,0.10412554780175685,0.05085110524100243,0.18475459888371687,0.03918388181707204,1.01438417329093,0.11090358671731682,0.0,2.113538975970379,1.01438417329093,0,0,1,1,1,3,1
0.0,0.0,0.15860359518203215,0.06804776742407141,0.07578122379959774,0.09262008845744318,0.05338898200217402,0.21935639364324047,0.02010746088061658,0.429040327274076,0.07578122379959774,0.0,0.9068400008120516,0.429040327274076,0,0,1,0,0,1,0
0.0,0.0,0.1371333001820224,0.08391190001378271,0.0963366780535974,0.10032344456579631,0.05440154961648962,0.22363448829175733,0.02692422461653529,0.611895783202335,0.0963366780535974,0.0,1.314394559407317,0.611895783202335,0,0,1,1,0,2,0
0.0,0.0,0.06562948277875483,0.0375078953493994,0.05364053606798186,0.04857145238638388,0.02628896010202587,0.1124870303340181,0.011383427232643776,0.5715011342494808,0.05364053606798186,0.0,1.388812447481901,0.5715011342494808,0,0,1,1,0,2,0
0.0,0.0,0.10055006945239872,0.054666493109431946,0.021448196240271597,0.05783281297788356,0.04416588598903216,0.16208568277726673,0.0023821128357672874,0.5436689376567126,0.021448196240271597,0.0,0.756975433122932,0.5436689376567126,0,0,1,0,0,1,0
0.0,0.0,0.12143470327004914,0.06382765853959382,0.07747698663503813,0.08164175174606873,0.08066098003871047,0.3746047051745148,0.021348929593172767,0.5256086704389866,0.07747698663503813,0.0,1.1636169707058739,0.5256086704389866,0,0,1,0,0,1,0
0.0,0.0,0.06061696830236278,0.028712962793075423,0.013016227493769135,0.03276478034557069,0.04820626474310744,0.18632375244601768,0.004435649173823984,0.4736708206691289,0.013016227493769135,0.0,0.6883963856838473,0.4736708206691289,0,0,1,0,0,1,0
0.0,0.0,0.12172109310553987,0.09331258705225995,0.06465314788776821,0.09324985377445699,0.06445700340363934,0.24669497982184527,0.02189849930551116,0.7666035365605545,0.06465314788776821,0.0,1.2977573003371132,0.7666035365605545,0,0,1,0,0,1,0
0.0,0.0,0.0959572227572055,0.12656363030524106,0.0867503544375857,0.10895870945131833,0.049410703787966616,0.20282942543308227,0.014258098292946627,1.318945127042147,0.0867503544375857,0.0,2.2229880734927328,1.318945127042147,1,0,1,1,1,4,1
0.0,0.0,0.057047525864044456,0.0908286000278498,0.06080510476546562,0.07487745767130241,0.041510322601373675,0.1674423567688151,0.0024429899437093177,1.5921287825089212,0.06080510476546562,0.0,2.6579776163661477,1.5921287825089212,1,0,1,1,1,4,1
0.0,0.0,0.12403556636711904,0.12236060421637132,0.07492552712885787,0.11092057548217987,0.057962093027840826,0.2541448643174504,0.03371203979632988,0.9864881607107111,0.07492552712885787,0.0,1.5905481514322857,0.9864881607107111,0,0,1,1,0,2,0
0.0,0.0,0.06724630810975549,0.027811796298461606,0.034945633403565275,0.039453883527561,0.05972698469811884,0.22605707343320047,0.0006729608122067629,0.41357486389000875,0.034945633403565275,0.0,0.9332333362638011,0.41357486389000875,0,0,1,0,0,1,0
0.0,0.0,0.1463061657929789,0.0959058000783535,0.06104071037977416,0.09978961908236501,0.059044850907265696,0.2166798147122141,0.02598376268804179,0.6555099304845936,0.06104071037977416,0.0,1.0727192315392342,0.6555099304845936,0,0,1,0,0,1,0
0.0,0.0,0.07972547582215507,0.01730880219130695,0.012666796480605109,0.03175246917134352,0.061961158778262054,0.26616543289910505,0.002031204012350904,0.2171023115322129,0.012666796480605109,0.0,0.37598048029588416,0.2171023115322129,0,0,1,0,0,1,0
0.0,0.0,0.07244244756893234,0.08546939478756993,0.06771660324471865,0.07777446009719771,0.039125283365448606,0.17994985664059343,0.023137863890445736,1.1798084941532216,0.06771660324471865,0.0,2.114559745193339,1.1798084941532216,0,0,1,1,1,3,1
0.0,0.0,0.12374049691591621,0.08007089150973379,0.03366786215582159,0.07938753552280134,0.09596721673614453,0.3078301844635597,0.007289818251876845,0.6470819693101247,0.03366786215582159,0.0,0.9191641971394786,0.6470819693101247,0,0,1,0,0,1,0
0.0,0.0,0.12699082260364725,0.1116116699586641,0.09882069526965974,0.1122587144476588,0.0770634003623808,0.29560190940759706,0.03803320017226006,0.8788886376331021,0.09882069526965974,0.0,1.6570544536958252,0.8788886376331021,0,0,1,1,0,2,0
0.0,0.0,0.13975785296624751,0.02485408667382635,0.018055188190832166,0.0518803036261831,0.12912353443472568,0.541371676562476,0.00015250130756830184,0.1778355084227025,0.018055188190832166,0.0,0.3070236622149534,0.1778355084227025,0,0,1,0,0,1,0
0.0,0.0,0.0838334250515274,0.07269562994539339,0.07704693217500817,0.07656790427933058,0.034047863565541285,0.13678290384162695,0.029061582739701143,0.8671333989672173,0.07704693217500817,0.0,1.7861703235677329,0.8671333989672173,0,0,1,1,0,2,0
0.0,0.0,0.183442459178395,0.08427294053162605,0.05353524864089723,0.10138089722063605,0.1023231165421306,0.3612252711738511,0.013367581189594052,0.45939463259724267,0.05353524864089723,0.0,0.7512297783182755,0.45939463259724267,0,0,1,0,0,1,0
0.0,0.0,0.08625252073892371,0.1141392807569411,0.08181511529373885,0.0990865493866362,0.04464679907328084,0.19917827197411564,0.023068956562702823,1.3232999624725272,0.08181511529373885,0.0,2.2718422897055306,1.3232999624725272,1,0,1,1,1,4,1
0.0,0.0,0.11392198006141034,0.062159310980513104,0.04734575837537133,0.07139659009945196,0.06481799924412153,0.2854022476879803,0.02299946249763958,0.5456257459821191,0.04734575837537133,0.0,0.961220197161763,0.5456257459821191,0,0,1,0,0,1,0
0.0,0.0,0.07995185839106504,0.07653226612743544,0.06907727688457092,0.0755234168826267,0.039759725014612037,0.1507959312842136,0.006354765082793814,0.9572173861890113,0.06907727688457092,0.0,1.8211924619355275,0.9572173861890113,0,0,1,1,0,2,0
0.0,0.0,0.1301745020976766,0.06540915269595356,0.09925458779449245,0.09006184882101904,0.06328271829036247,0.2354901163916439,0.022520119906578255,0.5024689871898792,0.09925458779449245,0.0,1.2649364729693253,0.5024689871898792,0,0,1,0,0,1,0
0.0,0.0,0.05706851747709975,0.04370380655645845,0.03770019330669815,0.0455440809741787,0.061312483345367735,0.18047123768694015,0.0017961724000980887,0.7657994755956268,0.03770019330669815,0.0,1.4264007032444517,0.7657994755956268,0,0,1,1,0,2,0
0.0,0.0,0.03569731055856167,0.029139664729414448,0.013200522629537402,0.026794290661731987,0.03561507743074712,0.13298123724585637,0.0030053806346320463,0.816275736119556,0.013200522629537402,0.0,1.1860557739698756,0.816275736119556,0,0,1,0,0,1,0
0.0,0.0,0.12401208883158084,0.06396193461636639,0.05864391744980783,0.07764496887853037,0.08635328527590354,0.35551391150980727,0.0037777855720982296,0.5157676114593963,0.05864391744980783,0.0,0.9886525141929353,0.5157676114593963,0,0,1,0,0,1,0
0.0,0.0,0.07431544776549129,0.061404168839531974,0.05972750275912563,0.06421282205092022,0.03749975457670197,0.1508173906415184,0.015788811695702884,0.8262527433132358,0.05972750275912563,0.0,1.6299443157037556,0.8262527433132358,0,0,1,1,0,2,0
0.0,0.0,0.04602105336493788,0.06800686564692156,0.015682163321107213,0.04942923699497205,0.07737637568713619,0.32855860911631524,0.004046245873637912,1.4777016815754012,0.015682163321107213,0.0,1.8184549112662507,1.4777016815754012,1,0,1,1,1,4,1
0.0,0.0,0.04035210185562972,0.0318342920390092,0.006031680498440699,0.02751309160802221,0.04927601607181199,0.17590715584092545,0.004334306568634536,0.7888933086953748,0.006031680498440699,0.0,0.9383658454044508,0.7888933086953748,0,0,1,0,0,1,0
0.0,0.0,0.11880589439604727,0.12073268838307126,0.08653269866813881,0.11170099245758217,0.06251455254508614,0.2806293365361548,0.03468402959663251,1.016209446403037,0.08653269866813881,0.0,1.74455689718042,1.016209446403037,0,0,1,1,1,3,1
0.0,0.0,0.10084345079825582,0.10034953510531217,0.08551454840872044,0.09676426735440014,0.03359721128340456,0.15331704784512493,0.02736352518189103,0.9950922862980952,0.08551454840872044,0.0,1.8430769570639305,0.9950922862980952,0,0,1,1,0,2,0
0.0,0.0,0.14441615826441345,0.09789446960389876,0.06760915329099844,0.10195356269080233,0.04895102091434059,0.18941389750855067,0.014355095747462233,0.6778589939061377,0.06760915329099844,0.0,1.1460107987437098,0.6778589939061377,0,0,1,0,0,1,0
0.0,0.0,0.1806460137448704,0.12369028480530814,0.11942204308205916,0.13686215660938644,0.051581590528314916,0.23573663701321923,0.07289774086569678,0.684707055163376,0.11942204308205916,0.0,1.345786585936689,0.684707055163376,0,0,1,1,0,2,0
0.0,0.0,0.16029307160507195,0.10147860784631114,0.03365595297937981,0.09922656006926851,0.1305139796198431,0.464946700386226,0.008339134419321326,0.633077735378332,0.03365595297937981,0.0,0.8430415390447608,0.633077735378332,0,0,1,0,0,1,0
0.0,0.0,0.206218472595783,0.0751598461193112,0.026027431295640276,0.09564139903251141,0.1795518271451632,0.6873731500536185,0.001455839653779687,0.36446532023983147,0.026027431295640276,0.0,0.4906776074114578,0.36446532023983147,0,0,1,0,0,1,0
0.0,0.0,0.1422523267610458,0.11492929688850562,0.05065997961044582,0.1056927250371257,0.09362993823466666,0.32336286400689374,0.02576850105015864,0.8079199235991259,0.05065997961044582,0.0,1.1640450193274208,0.8079199235991259,0,0,1,0,0,1,0
0.0,0.0,0.08626774387346466,0.06750808929325698,0.04817156057991741,0.067363870759974,0.046468063223999906,0.21009372122962808,0.02193185892127101,0.7825324244001395,0.04817156057991741,0.0,1.3409219223459241,0.7825324244001395,0,0,1,1,0,2,0
0.0,0.0,0.03585752902321594,0.021259854481614104,0.010275909669773792,0.022163286914054486,0.02149912695013071,0.08086770589229952,0.004292478673367972,0.5928813886328077,0.010275909669773792,0.0,0.8794494646160931,0.5928813886328077,0,0,1,0,0,1,0
0.0,0.0,0.0729940646538346,0.08636460145096775,0.04671890363883706,0.07311054279865178,0.03690449392488395,0.1339934947620099,0.01209821929619862,1.1831567224515203,0.04671890363883706,0.0,1.8231849745038022,1.1831567224515203,0,0,1,1,1,3,1
0.0,0.0,0.12355226718782843,0.09163925202658424,0.06443249730699285,0.09281581713699744,0.07629268877224922,0.32282482351214675,0.005601801956612389,0.7416983307068052,0.06443249730699285,0.0,1.2631940286638745,0.7416983307068052,0,0,1,0,0,1,0
0.0,0.0,0.1753661242664397,0.08416825286195052,0.059597893864769255,0.10082513096377747,0.10152903696242904,0.4322183162436343,0.011065658341091845,0.479954570812666,0.059597893864769255,0.0,0.8198010164567234,0.479954570812666,0,0,1,0,0,1,0
0.0,0.0,0.14558828740646987,0.11237810616388155,0.08570142089668971,0.11401148015773066,0.0573011202233921,0.22418915086700564,0.03385763242271631,0.7718844440122423,0.08570142089668971,0.0,1.3605364143829772,0.7718844440122423,0,0,1,1,0,2,0
0.0,0.0,0.0879035824965461,0.06424428001706915,0.03486031479717218,0.06281311433196415,0.08706676660480793,0.2985659730714602,0.00542784230255609,0.7308410800949245,0.03486031479717218,0.0,1.1274110177149785,0.7308410800949245,0,0,1,0,0,1,0
0.0,0.0,0.05390164276737659,0.10660323118457352,0.05638316452094269,0.08087281741436658,0.048694911769600786,0.20099986198495132,0.028200731823881706,1.9776995284745633,0.05638316452094269,0.0,3.0237180838962536,1.9776995284745633,1,0,1,1,1,4,1
0.0,0.0,0.19228546516378267,0.14543421507273577,0.044312807033494064,0.13186667558568707,0.0822933293695502,0.29736137810110613,0.01812575680532635,0.7563414042109524,0.044312807033494064,0.0,0.9867934383452843,0.7563414042109524,0,0,1,0,0,1,0
0.0,0.0,0.05286185682992526,0.04965863667025958,0.043362465039674065,0.048885398802529616,0.0737423392673162,0.22074775800312757,0.0013509363265144512,0.9393861710884344,0.043362465039674065,0.0,1.7596684569887853,0.9393861710884344,0,0,1,1,0,2,0
0.0,0.0,0.08728842285909713,0.054079174072651746,0.027920365868939152,0.05584178421833494,0.03994532395242593,0.1524671977362911,0.006145149897978227,0.6195386829392436,0.027920365868939152,0.0,0.9393983515500477,0.6195386829392436,0,0,1,0,0,1,0
0.0,0.0,0.08765243648362073,0.09976469100415446,0.07173127730074391,0.0897282739481684,0.0649739979240555,0.24692423301509983,0.019761137337388268,1.138172044433157,0.07173127730074391,0.0,1.9565230433029834,1.138172044433157,0,0,1,1,1,3,1
0.0,0.0,0.13290173851634113,0.1748007986006237,0.09158179368235664,0.1435212823499863,0.09041086417280383,0.2883443934578781,0.021865814490757092,1.3152535497162157,0.09158179368235664,0.0,2.0043423879503215,1.3152535497162157,1,0,1,1,1,4,1
0.0,0.0,0.07987929273634196,0.068680422805876,0.044065485848205216,0.06532640604907479,0.038424652351750584,0.1666772073774502,0.018056703406718985,0.8597918266595118,0.044065485848205216,0.0,1.411435847214752,0.8597918266595118,0,0,1,1,0,2,0
0.0,0.0,0.0753083492163413,0.044208536424687556,0.027809357205922723,0.047883694817909786,0.07106556956902386,0.2600681380343055,0.0011856013342249683,0.5870258724144544,0.027809357205922723,0.0,0.9562941969359522,0.5870258724144544,0,0,1,0,0,1,0
0.0,0.0,0.09993847401081914,0.06145062666486479,0.054956066181172714,0.06944894838043036,0.07793286768125358,0.2567663965776353,0.0037069492384095666,0.6148784278993937,0.054956066181172714,0.0,1.1647719181855576,0.6148784278993937,0,0,1,0,0,1,0
0.0,0.0,0.07038573010044777,0.09819893324480831,0.092134384051473,0.08972949516038436,0.07713211191077639,0.3542347406448254,0.02241537455088435,1.3951341837398925,0.092134384051473,0.0,2.70410796217781,1.3951341837398925,1,0,1,1,1,4,1
0.0,0.0,0.12375683381494927,0.1063096207898172,0.07268380897361433,0.10226497109204952,0.053080432806877485,0.21699906647577905,0.02106690081974107,0.8590132641524595,0.07268380897361433,0.0,1.4463199964462379,0.8590132641524595,0,0,1,1,0,2,0
0.0,0.0,0.11161839656436985,0.06714801750613976,0.060550621943551014,0.07661626338005009,0.05228492453802178,0.25071360399816484,0.020991868305573418,0.6015801874310988,0.060550621943551014,0.0,1.1440542000784621,0.6015801874310988,0,0,1,0,0,1,0
0.0,0.0,0.05397428212530093,0.047131720817192184,0.032496742789965796,0.04518361663741277,0.04617675816940044,0.15594235434455975,0.0038805468814398017,0.873209346229599,0.032496742789965796,0.0,1.475276468630668,0.873209346229599,0,0,1,1,0,2,0
0.0,0.0,0.032354490397808244,0.026027058645016633,0.012394110459581446,0.024200679536855736,0.029840197517612386,0.111025063786596,0.0016095590135866227,0.8044093390338383,0.012394110459581446,0.0,1.187469843053305,0.8044093390338383,0,0,1,0,0,1,0
0.0,0.0,0.05172171608504865,0.07033467344054162,0.053332197600346375,0.06143081514161957,0.06921762633424525,0.2255875723517277,0.007526987887009424,1.3598410672186854,0.053332197600346375,0.0,2.3909585652373746,1.3598410672186854,1,0,1,1,1,4,1
0.0,0.0,0.09361086292197052,0.11151781114061511,0.08812737639742399,0.10119346540015618,0.040547478815195014,0.1498313745089088,0.02346961784774663,1.1912786228126875,0.08812737639742399,0.0,2.132691106729196,1.1912786228126875,0,0,1,1,1,3,1
0.0,0.0,0.022146592653816886,0.016929170611922145,0.01181464870883158,0.01695489564662319,0.014381724466194073,0.05644480005398284,0.0017879668515260053,0.7643797173145405,0.01181464870883158,0.0,1.2978304129952496,0.7643797173145405,0,0,1,0,0,1,0
0.0,0.0,0.07867033418868175,0.06679807476162575,0.0590898609221758,0.06783908615852727,0.036432113085848594,0.13672870929564732,0.010570934701670028,0.8490776907560801,0.0590898609221758,0.0,1.6001754258022072,0.8490776907560801,0,0,1,1,0,2,0
0.0,0.0,0.059325147142766196,0.039415298818708026,0.03369223183860404,0.04296199415469658,0.021718858900001213,0.08124561205214653,0.004481926386109577,0.6643832562370274,0.03369223183860404,0.0,1.232298643655073,0.6643832562370274,0,0,1,0,0,1,0
0.0,0.0,0.04938367902704782,0.03598465627551657,0.028121462401972747,0.03736861349501343,0.024621897044077263,0.09701068290143869,0.01011669271280174,0.7286603251143516,0.028121462401972747,0.0,1.2980973034648784,0.7286603251143516,0,0,1,0,0,1,0
0.0,0.0,0.12528042431555025,0.09580380540966438,0.10299825862721515,0.10497157344052352,0.06519004780765285,0.2446828511874365,0.023387031059598457,0.7647087821125048,0.10299825862721515,0.0,1.586843900626086,0.7647087821125048,0,0,1,1,0,2,0
0.0,0.0,0.09153921172987226,0.06738116570528445,0.125092539082247,0.08784852055567204,0.06966659739918578,0.2970416058253276,0.01497729754396721,0.7360826945006508,0.125092539082247,0.0,2.1026137164233982,0.7360826945006508,0,0,1,1,0,2,0
0.0,0.0,0.04274855857379212,0.06348884026333233,0.08535520618639023,0.06377036132171175,0.06425923939347462,0.21934002921173057,0.004541648145050111,1.4851344056276305,0.08535520618639023,0.0,3.481768032593729,1.4851344056276305,1,0,1,1,1,4,1
0.0,0.0,0.1813032457408897,0.07020762750805214,0.029565809077015677,0.08782107745850241,0.10628796219368178,0.45727682046477097,0.00872581288055783,0.3872365328299543,0.029565809077015677,0.0,0.5503094325085948,0.3872365328299543,0,0,1,0,0,1,0
0.0,0.0,0.22368456935085196,0.10276149151500939,0.09202650613566243,0.1303085146291333,0.09547332897804385,0.39633336105649736,0.031685703670510566,0.4594015242611716,0.09202650613566243,0.0,0.8708116407149442,0.4594015242611716,0,0,1,0,0,1,0
0.0,0.0,0.07509197640676965,0.07418047767567666,0.045061201641842366,0.06712853334999133,0.0409191860537104,0.14596717664172856,0.008467811064525793,0.9878484143956408,0.045061201641842366,0.0,1.5879205356250783,0.9878484143956408,0,0,1,1,0,2,0
0.0,0.0,0.15930870572540887,0.05098169037456575,0.06104135717487782,0.08057836091235454,0.08943987476394814,0.31655588460261497,0.00981017594102336,0.3200162233833974,0.06104135717487782,0.0,0.7031777947197388,0.3200162233833974,0,0,1,0,0,1,0
0.0,0.0,0.1665657186685861,0.07922786088701385,0.015120392622325299,0.08503545826623478,0.1790140592164995,0.6353456676220152,0.0024160797102686232,0.4756524083580686,0.015120392622325299,0.0,0.5664292018447074,0.4756524083580686,0,0,1,0,0,1,0
0.0,0.0,0.12292750628954668,0.14075345745970083,0.10757301681847792,0.12800185950685658,0.08584866086123188,0.33508335356934377,0.012375927917949558,1.1450025849022287,0.10757301681847792,0.0,2.0200886008756083,1.1450025849022287,0,0,1,1,1,3,1
0.0,0.0,0.14962292666297256,0.0454427053060487,0.011575938298444173,0.06302106889337852,0.1375162888004303,0.5576784547734406,0.0019836537143134,0.3037128240084773,0.011575938298444173,0.0,0.381079716835177,0.3037128240084773,0,0,1,0,0,1,0
0.0,0.0,0.1273998808555481,0.06966959518704054,0.05533339573255013,0.08051811674054483,0.052310323914982436,0.18865658480817263,0.0031489452191640786,0.5468533240836423,0.05533339573255013,0.0,0.9811783880939077,0.5468533240836423,0,0,1,0,0,1,0
0.0,0.0,0.05877000572295828,0.05294031180116083,0.033028350545527566,0.049419744967701865,0.025600340477625435,0.08846248914092988,0.00562360560591516,0.9007896181106231,0.033028350545527566,0.0,1.4627733742032194,0.9007896181106231,0,0,1,1,0,2,0
0.0,0.0,0.17365185118250842,0.09993276778747502,0.07581425378238463,0.11233291013496077,0.06219293175553335,0.2667801830401302,0.027240163651952868,0.5754743852863441,0.07581425378238463,0.0,1.0120595220469504,0.5754743852863441,0,0,1,0,0,1,0
0.0,0.0,0.07634974765408238,0.07818348124810022,0.08457399659555012,0.07932267668645826,0.05624260114096838,0.19869667170664357,0.013942667504045669,1.024004134213869,0.08457399659555012,0.0,2.131707715306805,1.024004134213869,0,0,1,1,1,3,1
0.0,0.0,0.18564518408316596,0.059762613850179835,0.02227381923985556,0.0818610577558453,0.12648746984410586,0.5415697970395744,0.008708604870575091,0.32191673718112795,0.02227381923985556,0.0,0.44189668371144447,0.32191673718112795,0,0,1,0,0,1,0
0.0,0.0,0.1091838051515033,0.11439971621957304,0.13761403938956424,0.1188993192450534,0.08542167978419853,0.32992610222231333,0.018414851939958714,1.0477622418324015,0.13761403938956424,0.0,2.308139445405856,1.0477622418324015,0,0,1,1,1,3,1
0.0,0.0,0.09101532876857994,0.05604583786122219,0.03246892772385515,0.058893983053719866,0.053278835839944194,0.21736690977853368,0.008665702445282062,0.6157778348072633,0.03246892772385515,0.0,0.9725152264725693,0.6157778348072633,0,0,1,0,0,1,0
0.0,0.0,0.06814513791742896,0.07454652494307723,0.035115688835953354,0.0630884691598842,0.08861182347110297,0.3025608216319884,0.008780940364113846,1.0939214931505503,0.035115688835953354,0.0,1.6092212578782623,1.0939214931505503,0,0,1,1,1,3,1
0.0,0.0,0.12919536279222835,0.1353681838444173,0.0758798293487384,0.1189528899574503,0.09324353108483266,0.33487506704566333,0.021933418233733768,1.0477708576216993,0.0758798293487384,0.0,1.635092572481174,1.0477708576216993,0,0,1,1,1,3,1
0.0,0.0,0.07073174475829105,0.03691056057617857,0.009263279934410083,0.03845403646126457,0.06707520652050845,0.2468677926212927,0.00046758835624227543,0.5218313060282033,0.009263279934410083,0.0,0.6527929980431915,0.5218313060282033,0,0,1,0,0,1,0
0.0,0.0,0.13406150064512162,0.09973435675875775,0.06379143465891894,0.099330412205389,0.05011728035557406,0.1918908430950812,0.03293852559603536,0.7439392542942765,0.06379143465891894,0.0,1.2197727972458734,0.7439392542942765,0,0,1,0,0,1,0
0.0,0.0,0.05512585124177785,0.0616750628803165,0.024288544154700064,0.05069113028927773,0.07919475260480582,0.26395908006427926,0.0010746240374425375,1.1187844306546588,0.024288544154700064,0.0,1.5593781451074264,1.1187844306546588,0,0,1,1,1,3,1
0.0,0.0,0.0647632185013292,0.13338736915706703,0.09394164770290683,0.10636990112959253,0.0734903049426031,0.30044879668204644,0.007463733224003824,2.0595843236235365,0.09394164770290683,0.0,3.5101020612996083,2.0595843236235365,1,0,1,1,1,4,1
0.0,0.0,0.13753113631727354,0.08519762487548857,0.0431590862965452,0.08777136809119897,0.0625250043981392,0.22705047214941407,0.009718925362163075,0.6194743072916846,0.0431590862965452,0.0,0.9332852277952481,0.6194743072916846,0,0,1,0,0,1,0
0.0,0.0,0.20390978156487888,0.17811596975424784,0.09261999821610394,0.16319042982236961,0.09702008893956969,0.33676925416545844,0.04153813037799636,0.8734995196787875,0.09261999821610394,0.0,1.3277177689803072,0.8734995196787875,0,0,1,1,0,2,0
0.0,0.0,0.045683361152833474,0.046946192307888886,0.04161380444482435,0.045297387553358916,0.020743583813551028,0.09859539079043024,0.01948708397611206,1.0276206369797765,0.04161380444482435,0.0,1.9385188830033684,1.0276206369797765,0,0,1,1,1,3,1
0.0,0.0,0.14289007325828337,0.16712187560604608,0.1339176969076135,0.15276288034449725,0.10519434582646563,0.3141015329565738,0.013077258715967084,1.1695753401191424,0.1339176969076135,0.0,2.1067766211645296,1.1695753401191424,0,0,1,1,1,3,1
0.0,0.0,0.15255585211580755,0.10228914651604736,0.06759493858296915,0.10618227093271784,0.11227546334918795,0.45670475547187367,0.008930466471141553,0.6704985393799195,0.06759493858296915,0.0,1.1135788576055283,0.6704985393799195,0,0,1,0,0,1,0
0.0,0.0,0.054238917334122644,0.04419085038384707,0.03189007030181494,0.04362767210090792,0.03014880618150422,0.133688717131121,0.008680584547543068,0.8147293092581163,0.03189007030181494,0.0,1.4026739793314371,0.8147293092581163,0,0,1,1,0,2,0
0.0,0.0,0.18832445811417925,0.1476060011733127,0.10883156778630457,0.1480920070617773,0.10713577168957947,0.32238490465139413,0.025957437631472836,0.7837814528709185,0.10883156778630457,0.0,1.3616723491740694,0.7837814528709185,0,0,1,1,0,2,0
0.0,0.0,0.14311843208377006,0.1833995928506796,0.11728191285393821,0.15679988265976688,0.09063700841272342,0.334692047654839,0.033410104427129064,1.2814443865549503,0.11728191285393821,0.0,2.1009132116219145,1.2814443865549503,1,0,1,1,1,4,1
0.0,0.0,0.04584674170530444,0.036003663303788826,0.03448673840954814,0.03808520168060756,0.041661842065453786,0.13273573102800135,0.001209479097154694,0.7852876055533901,0.03448673840954814,0.0,1.5374890690675271,0.7852876055533901,0,0,1,1,0,2,0
0.0,0.0,0.13649142861982733,0.15582605676835698,0.1075815981140229,0.13893128506764107,0.07998050813432965,0.26629010695943695,0.02371628157135611,1.141646158281641,0.1075815981140229,0.0,1.9298334533708812,1.141646158281641,0,0,1,1,1,3,1
0.0,0.0,0.11227716969640376,0.07728622590460225,0.09428525028952695,0.09028371794878383,0.08976104429302977,0.2977311155189916,0.00998236406471656,0.6883459724502234,0.09428525028952695,0.0,1.5280929200934827,0.6883459724502234,0,0,1,1,0,2,0
0.0,0.0,0.06763466012418679,0.07232248171919567,0.052080421005568686,0.06609001114203672,0.034545880356703855,0.1413714677013502,0.012485259054396187,1.069295126068162,0.052080421005568686,0.0,1.839309359830989,1.069295126068162,0,0,1,1,1,3,1
0.0,0.0,0.09999170302023788,0.07430244829204626,0.052082169671313044,0.07516969231891088,0.03671490851940273,0.15761012333826196,0.007781379520100392,0.7430787052231993,0.052082169671313044,0.0,1.2639384089635008,0.7430787052231993,0,0,1,0,0,1,0
0.0,0.0,0.2557660411587501,0.1332801829057575,0.09303960543070394,0.15384150310024225,0.13138356508259114,0.47762230676414463,0.014033964302839583,0.5210999130377899,0.09303960543070394,0.0,0.8848668980613055,0.5210999130377899,0,0,1,0,0,1,0
0.0,0.0,0.09648286214656682,0.09794994217235752,0.07909683329420071,0.09286989494637064,0.05839980091975005,0.16202037918561507,0.010581837773750968,1.015195080225578,0.07909683329420071,0.0,1.8349884791884659,1.015195080225578,0,0,1,1,1,3,1
0.0,0.0,0.08495265575394811,0.06566885493352316,0.05746103334853832,0.06843784974238319,0.0214266647402026,0.10993500349258269,0.036320313395612334,0.7729962218897364,0.05746103334853832,0.0,1.4493771596914375,0.7729962218897364,0,0,1,1,0,2,0
0.0,0.0,0.1829039822613929,0.09301876827324085,0.062246051598134414,0.10779689260150226,0.10619724596780065,0.4297150114139845,0.016192167030208367,0.5085633377679456,0.062246051598134414,0.0,0.8488823975799819,0.5085633377679456,0,0,1,0,0,1,0
0.0,0.0,0.2672880207131918,0.13718936148429453,0.10222617150031038,0.1609732287955228,0.13070825606182027,0.5173555732648175,0.007370098521857926,0.5132622399462579,0.10222617150031038,0.0,0.8957177977074642,0.5132622399462579,0,0,1,0,0,1,0
0.0,0.0,0.017302551865181315,0.02035615449861119,0.013469799148002719,0.017871165002601604,0.017481612092599973,0.06990056362943353,0.0031421209719818964,1.176414799528668,0.013469799148002719,0.0,1.954856084471271,1.176414799528668,0,0,1,1,1,3,1
0.0,0.0,0.044251016515437926,0.02894596757553679,0.013252588886781302,0.0288488851383232,0.018981016807150586,0.06690021648831254,0.006623468013254652,0.6541163511822923,0.013252588886781302,0.0,0.9535962377578102,0.6541163511822923,0,0,1,0,0,1,0
0.0,0.0,0.07133362404328601,0.0856949517731664,0.0944924721449909,0.08430399993365242,0.051176686793876415,0.19571415188870656,0.019798999280407886,1.2013093630544194,0.0944924721449909,0.0,2.525946219451849,1.2013093630544194,1,0,1,1,1,4,1
0.0,0.0,0.07694435055140365,0.02625767304140345,0.01252055336135341,0.03549506249889099,0.05445839289718525,0.22610409137076337,0.00431688068137417,0.34125093788300964,0.01252055336135341,0.0,0.5039710148159102,0.34125093788300964,0,0,1,0,0,1,0
0.0,0.0,0.15012212758467913,0.0932808963899467,0.06572491983216322,0.10060221004918393,0.07437652029187686,0.26761608655505476,0.018696183334754077,0.6213625967613169,0.06572491983216322,0.0,1.0591693550510421,0.6213625967613169,0,0,1,0,0,1,0
0.0,0.0,0.04124803244710766,0.031362738126206505,0.02967433585662504,0.033411961139036425,0.03524930558671439,0.11276928915979134,0.0012518436092591163,0.760326637150143,0.02967433585662504,0.0,1.4797213500970592,0.760326637150143,0,0,1,1,0,2,0
0.0,0.0,0.16787159592862516,0.09893633042573904,0.022530676272920814,0.09706873326325605,0.16229431400867242,0.5818867085310245,0.00566776383744267,0.5893536695399889,0.022530676272920814,0.0,0.7235666192372715,0.5893536695399889,0,0,1,0,0,1,0
0.0,0.0,0.18706300083581373,0.10321538167261331,0.09198916224063923,0.12137073160541989,0.07633448380065849,0.30026325291224687,0.0446289298880751,0.5517650708390737,0.09198916224063923,0.0,1.043517422064461,0.5517650708390737,0,0,1,0,0,1,0
0.0,0.0,0.3248986066711419,0.12147444193828039,0.11411194733349722,0.1704898594703,0.11107974086244371,0.4578214087612701,0.043724039934467405,0.3738830070706575,0.11411194733349722,0.0,0.7251051846000981,0.3738830070706575,0,0,1,0,0,1,0
0.0,0.0,0.06804873525988768,0.0807348826161362,0.08781545687962145,0.07933348934294539,0.04518346205916775,0.17910154846833373,0.018011074288882177,1.1864099442533154,0.08781545687962145,0.0,2.47686987836249,1.1864099442533154,0,0,1,1,1,3,1
0.0,0.0,0.04475416755817905,0.02198165645649099,0.010798362207304176,0.024878960669616302,0.03092704940415899,0.12554127245868016,0.002322285139843136,0.4911534836265811,0.010798362207304176,0.0,0.7324298053667903,0.4911534836265811,0,0,1,0,0,1,0
0.0,0.0,0.15687690026124657,0.07152016303910082,0.04288909734215727,0.08570158092040138,0.0740247192465911,0.24949252824071447,0.012113240721562224,0.4558969932667335,0.04288909734215727,0.0,0.7292885753234455,0.4558969932667335,0,0,1,0,0,1,0
0.0,0.0,0.12859248475638435,0.03570154784876678,0.03969741837939661,0.05992324970832863,0.10166152681668168,0.42974754516937913,0.00703269496478525,0.27763107840496004,0.03969741837939661,0.0,0.5863358191980252,0.27763107840496004,0,0,1,0,0,1,0
0.0,0.0,0.10711360113612846,0.1011228550493594,0.06174350205261031,0.0927757033218644,0.055874769669730116,0.23723542295453148,0.014138174289436532,0.9440622844764708,0.06174350205261031,0.0,1.5204869865966095,0.9440622844764708,0,0,1,1,0,2,0
0.0,0.0,0.19456149333685552,0.17582695115718172,0.09651990312526856,0.16068382469412187,0.11791912631807734,0.32370168907925245,0.02005164638300452,0.9037042450559264,0.09651990312526856,0.0,1.3997911396567218,0.9037042450559264,0,0,1,1,0,2,0
0.0,0.0,0.031543909850389094,0.04989424318085051,0.034982000297710175,0.04157859912745007,0.025057861315944025,0.1038811456053412,0.0108713328585339,1.5816891985898347,0.034982000297710175,0.0,2.690647837673683,1.5816891985898347,1,0,1,1,1,4,1
0.0,0.0,0.18938932741551956,0.08604559079780183,0.10441958588049308,0.11647502372290408,0.06158996604336105,0.2955009627154884,0.006456501066278964,0.4543293840398675,0.10441958588049308,0.0,1.005675312342732,0.4543293840398675,0,0,1,0,0,1,0
0.0,0.0,0.15532506322155842,0.1473940866134887,0.042986962428922436,0.1232750497193646,0.07117075356583788,0.2647632974019876,0.025283955295017223,0.94893338282349,0.042986962428922436,0.0,1.225686437252002,0.94893338282349,0,0,1,0,0,1,0
0.0,0.0,0.14144037740501195,0.08375452398889749,0.033255254452688184,0.08555116995887378,0.11180364929167248,0.43868892248499786,0.005383504659531153,0.5921500873755607,0.033255254452688184,0.0,0.8272669609723374,0.5921500873755607,0,0,1,0,0,1,0
0.0,0.0,0.1194280147897183,0.04285440809726497,0.019110582839143922,0.05606185345584804,0.11456415007905019,0.4402222566559989,0.0027700213825480264,0.35882744383950427,0.019110582839143922,0.0,0.5188436917570846,0.35882744383950427,0,0,1,0,0,1,0
0.0,0.0,0.10392729449087743,0.054552087727348306,0.06537227389106814,0.06960093595916056,0.04633741924982708,0.16470207646694393,0.01768434228618143,0.5249012118844764,0.06537227389106814,0.0,1.1539144580972904,0.5249012118844764,0,0,1,0,0,1,0
0.0,0.0,0.10565500224710295,0.09402636403893526,0.0713238278070374,0.0912578895330027,0.0412912554613938,0.19675794270101937,0.018979913432217298,0.8899292235100011,0.0713238278070374,0.0,1.5649862604044014,0.8899292235100011,0,0,1,1,0,2,0
0.0,0.0,0.09245138384587893,0.06372186544376941,0.07211268627520484,0.07300195025215565,0.025395636355478368,0.13075757880693578,0.03744799481564952,0.6892398312843484,0.07211268627520484,0.0,1.4692379587033122,0.6892398312843484,0,0,1,1,0,2,0
0.0,0.0,0.11795331971117097,0.13393487761197503,0.023457127930505972,0.10232005071640675,0.05292046552440536,0.1951972784954651,0.003966369247401001,1.1354809043020626,0.023457127930505972,0.0,1.3343471093545296,1.1354809043020626,0,0,1,1,1,3,1
0.0,0.0,0.0905783354933957,0.07195601921570018,0.05698317022954792,0.07286838603858597,0.032216042727771455,0.16035706227479152,0.034072126757117946,0.7943977378918464,0.05698317022954792,0.0,1.423494539266622,0.7943977378918464,0,0,1,1,0,2,0
0.0,0.0,0.11822896778127295,0.12552126824953697,0.10347919525923197,0.11818767488489472,0.051674702879497984,0.2203662587107298,0.024188425889609556,1.0616704935736176,0.10347919525923197,0.0,1.936907095605599,1.0616704935736176,0,0,1,1,1,3,1
0.0,0.0,0.10863597631303756,0.10840339069560222,0.08969296697671321,0.10378393117023879,0.03788418482030433,0.17984697678181027,0.04942950832207229,0.9978498516309744,0.08969296697671321,0.0,1.8234708328175533,0.9978498516309744,0,0,1,1,0,2,0
0.0,0.0,0.12537420691324105,0.10122917037715128,0.11667994642404904,0.11112812352289818,0.062467587208686635,0.23479465529216423,0.011349489683113403,0.8074097971156394,0.11667994642404904,0.0,1.7380558897262057,0.8074097971156394,0,0,1,1,0,2,0
0.0,0.0,0.08886314090964907,0.15193870150975555,0.09186437376958151,0.12115122942468542,0.06294128152718505,0.2646371696292768,0.009203682736117373,1.7097864217720435,0.09186437376958151,0.0,2.7435484412910625,1.7097864217720435,1,0,1,1,1,4,1
0.0,0.0,0.09959082695570405,0.05231555130523571,0.04656299719221124,0.06269623168959668,0.06243660643275833,0.2760711899283955,0.020099017089433423,0.5252996446034106,0.04656299719221124,0.0,0.9928379819904866,0.5252996446034106,0,0,1,0,0,1,0
0.0,0.0,0.18376105206406987,0.09860829961251326,0.04440586136503802,0.10634587816353361,0.0968972313147218,0.41882625264856976,0.003790223597992224,0.5366086115436544,0.04440586136503802,0.0,0.778257313581198,0.5366086115436544,0,0,1,0,0,1,0
0.0,0.0,0.05792383893266874,0.0682229644482289,0.06946262764178425,0.06595809886772769,0.03147215128607119,0.13084849616743877,0.016645813321615854,1.1777842753698564,0.06946262764178425,0.0,2.3769697875216798,1.1777842753698564,0,0,1,1,1,3,1
0.0,0.0,0.04958490203220419,0.03848294761618832,0.027354709089392432,0.038476376588493316,0.025651409319051667,0.07649963022639905,0.004175499726395025,0.7760864689160052,0.027354709089392432,0.0,1.3277495015180254,0.7760864689160052,0,0,1,1,0,2,0
0.0,0.0,0.0544946521180027,0.09287450179545315,0.0518407344079236,0.07302109752920816,0.041191099422078076,0.1635747113576875,0.02784276892421728,1.7042552604810823,0.0518407344079236,0.0,2.655537287452147,1.7042552604810823,1,0,1,1,1,4,1
0.0,0.0,0.08576720352312929,0.14012313018329461,0.07250410250887185,0.10962939159964759,0.07496353390537756,0.3428087710370534,0.04410463088240184,1.633742161167073,0.07250410250887185,0.0,2.4790915975618733,1.633742161167073,1,0,1,1,1,4,1
0.0,0.0,0.18504561965669605,0.123878614750386,0.08606670844607392,0.1297173894008855,0.06536050585293011,0.22467209223589316,0.012606246571933913,0.669445434778594,0.08606670844607392,0.0,1.1345536794239024,0.669445434778594,0,0,1,0,0,1,0
0.0,0.0,0.10451788936728668,0.11642622759188237,0.07054511355207652,0.10197886452578199,0.045042937579765616,0.174769733422122,0.017232968532173498,1.1139252272644466,0.07054511355207652,0.0,1.7888760804463635,1.1139252272644466,0,0,1,1,1,3,1
0.0,0.0,0.06543946968982019,0.05784536314584874,0.07698187936761579,0.06452801883728337,0.030883255696752956,0.11966915934867864,0.0014798816106898907,0.8839386914554354,0.07698187936761579,0.0,2.060303710418479,0.8839386914554354,0,0,1,1,0,2,0
0.0,0.0,0.03952674151883325,0.021384797464164575,0.007852862693855996,0.022537299785254594,0.03336138815876178,0.13212121714247854,0.0008118616874842349,0.5410073189730723,0.007852862693855996,0.0,0.7396744421658924,0.5410073189730723,0,0,1,0,0,1,0
0.0,0.0,0.21220874562805495,0.1271606636883788,0.06845921639655979,0.1337473223503431,0.0952138322484347,0.381445949227493,0.016623120310395353,0.5992216017791017,0.06845921639655979,0.0,0.9218232626686532,0.5992216017791017,0,0,1,0,0,1,0
0.0,0.0,0.13005409521670988,0.07477782468172076,0.03927871569265641,0.07972211506820194,0.056764098276516496,0.23079739875444308,0.020032896335152418,0.5749703581941099,0.03927871569265641,0.0,0.8769863278660907,0.5749703581941099,0,0,1,0,0,1,0
0.0,0.0,0.10363307222964978,0.06369988649836467,0.0611210315354245,0.07303846919045091,0.03789208684757777,0.1836362304935276,0.022520718254182708,0.614661617823989,0.0611210315354245,0.0,1.204438997216958,0.614661617823989,0,0,1,0,0,1,0
0.0,0.0,0.16225720112350692,0.04076758541733708,0.0525061577708681,0.0740746324322623,0.13282352238723075,0.5542982349085082,0.0033845579097439406,0.2512513089326425,0.0525061577708681,0.0,0.574847635080137,0.2512513089326425,0,0,1,0,0,1,0
0.0,0.0,0.1742382541604045,0.17399813486298257,0.11124021329074538,0.15836868429427872,0.10922061399173057,0.33069682440209086,0.013463702148163288,0.9986161597248346,0.11124021329074538,0.0,1.6370498687462114,0.9986161597248346,0,0,1,1,0,2,0
0.0,0.0,0.1850672566819879,0.09350111683128624,0.09074109853047385,0.11570264721875856,0.06339312233044918,0.25459457749158126,0.03647647627040732,0.5052250370086638,0.09074109853047385,0.0,0.9955365585917458,0.5052250370086638,0,0,1,0,0,1,0
0.0,0.0,0.08992558632524997,0.1686405481592416,0.09913400507269665,0.13158517192910743,0.05971490009685459,0.27415256100912727,0.04653546268328396,1.8753135757794241,0.09913400507269665,0.0,2.9777017473279908,1.8753135757794241,1,0,1,1,1,4,1
0.0,0.0,0.1231120876409481,0.05153004486772308,0.028089583569470923,0.06356544023646629,0.12479494852354221,0.4775946567525113,0.0006326198797921122,0.41855862650449766,0.028089583569470923,0.0,0.6467194508954227,0.41855862650449766,0,0,1,0,0,1,0
0.0,0.0,0.04639125579510778,0.03324401929170258,0.01905115404252869,0.032982612105260406,0.027916995087989296,0.11237906839783522,0.0030231282960789894,0.7165855318293937,0.01905115404252869,0.0,1.127239286772211,0.7165855318293937,0,0,1,0,0,1,0
0.0,0.0,0.14499103542131161,0.12605384219081905,0.07574603267801062,0.11821118812024009,0.05149006552651855,0.2016844590932421,0.04469406896726484,0.869384596364464,0.07574603267801062,0.0,1.3917997239120636,0.869384596364464,0,0,1,1,0,2,0
0.0,0.0,0.047848143117277725,0.025405872821919757,0.014121403026937767,0.028195322947013754,0.0283977809309704,0.12631327090551764,0.008011074932547185,0.530957738567026,0.014121403026937767,0.0,0.8260811641281978,0.530957738567026,0,0,1,0,0,1,0
0.0,0.0,0.11479677251196926,0.05550767351348007,0.048432953739948714,0.06856126831971954,0.10254664268115314,0.391311439655744,0.003593181349181141,0.48352570175255466,0.048432953739948714,0.0,0.9054237288671392,0.48352570175255466,0,0,1,0,0,1,0
0.0,0.0,0.182860048546572,0.199986477147408,0.10812366779243103,0.17273916765845476,0.1163388632104938,0.3686587327391979,0.0169134726200065,1.0936526873106844,0.10812366779243103,0.0,1.684941366074295,1.0936526873106844,0,0,1,1,1,3,1
0.0,0.0,0.03928490627261518,0.026669997767270914,0.029952399023580573,0.030644325207684397,0.023550298402618318,0.09988189467116909,0.001959180941263262,0.6788693528463063,0.029952399023580573,0.0,1.441290329359691,0.6788693528463063,0,0,1,1,0,2,0
0.0,0.0,0.09101532876857994,0.05604583786122219,0.03246892772385515,0.058893983053719866,0.053278835839944194,0.21736690977853368,0.008665702445282062,0.6157778348072633,0.03246892772385515,0.0,0.9725152264725693,0.6157778348072633,0,0,1,0,0,1,0
0.0,0.0,0.10722895993560702,0.1145702095993547,0.05540016193357078,0.09794238526697178,0.08156231605982973,0.28918622429416696,0.00187822462401646,1.0684533470697517,0.05540016193357078,0.0,1.5851015111354596,1.0684533470697517,0,0,1,1,1,3,1
0.0,0.0,0.1354893347217898,0.12342720576399352,0.10018977199808131,0.12063337956196452,0.04154888642767662,0.20189057851232167,0.05196288377038725,0.9109668672487509,0.10018977199808131,0.0,1.6504275247473599,0.9109668672487509,0,0,1,1,0,2,0
0.0,0.0,0.0670147399006067,0.02998896516331503,0.020022073249243832,0.03675368586912015,0.024270822932549178,0.0899548632305062,0.012019271115053057,0.4474913685619628,0.020022073249243832,0.0,0.7462580952882399,0.4474913685619628,0,0,1,0,0,1,0
0.0,0.0,0.09625267284302971,0.06910925494908979,0.06331959307019597,0.07444769395285132,0.04657656263861319,0.1524738745581768,0.01190086232187074,0.717990835132006,0.06331959307019597,0.0,1.3758316343444934,0.717990835132006,0,0,1,1,0,2,0
0.0,0.0,0.04021710617833146,0.046355351073285395,0.06395445790676699,0.04922056655791732,0.03067235823450515,0.12415662277726866,0.016369023698998213,1.152599052470067,0.06395445790676699,0.0,2.7427897397984546,1.152599052470067,0,0,1,1,1,3,1
0.0,0.0,0.1181135484471998,0.05161364567517925,0.0548119220657972,0.06903819046583888,0.040127041001246824,0.15978556268921212,0.0148472017394507,0.4369795791773429,0.0548119220657972,0.0,0.9010369098481663,0.4369795791773429,0,0,1,0,0,1,0
0.0,0.0,0.07723076821258346,0.04291715241954349,0.03826921672162177,0.05033357244332305,0.040670197282371444,0.13052791125200158,0.004269775512673637,0.5556929928292248,0.03826921672162177,0.0,1.0512043297739424,0.5556929928292248,0,0,1,0,0,1,0
0.0,0.0,0.08076215301709884,0.046339591925403927,0.03087740433466431,0.051079685300642746,0.028038567202506255,0.1321018355449859,0.007765660476429266,0.5737714563421403,0.03087740433466431,0.0,0.9560918980431605,0.5737714563421403,0,0,1,0,0,1,0
0.0,0.0,0.10322623678068156,0.09353757317843253,0.07614514079459504,0.09161163098303542,0.05592478599749798,0.21598479763271436,0.012366884077521375,0.9061326845081026,0.07614514079459504,0.0,1.6437785149043418,0.9061326845081026,0,0,1,1,0,2,0
0.0,0.0,0.1281125752324558,0.05828881815083514,0.0732141708478726,0.07947609559549967,0.04809143362629448,0.18362493569049393,0.013980814803486933,0.45497768714262277,0.0732141708478726,0.0,1.0264563201838837,0.45497768714262277,0,0,1,0,0,1,0
0.0,0.0,0.03652296218010556,0.034702859826332914,0.02282275750223262,0.032187859833751005,0.03547021546636358,0.11774196661836962,0.0015857715378823183,0.9501395181390098,0.02282275750223262,0.0,1.5750103191131735,0.9501395181390098,0,0,1,1,0,2,0
0.0,0.0,0.16467656261947083,0.08027239330026426,0.0652203175477733,0.09761041669194317,0.06306505538162188,0.24640879654953063,0.016117725356978793,0.48745191526640413,0.0652203175477733,0.0,0.8835005117499538,0.48745191526640413,0,0,1,0,0,1,0
0.0,0.0,0.120051465589215,0.04573684230915964,0.012578894760054693,0.05602601124189724,0.10177839857133142,0.41072905302727986,0.0055541632985647805,0.3809737857917717,0.012578894760054693,0.0,0.4857520983263601,0.3809737857917717,0,0,1,0,0,1,0
0.0,0.0,0.08996852274711141,0.0554962588320802,0.04773882941250589,0.06217496745594442,0.03869751342454133,0.16024554756636272,0.012283231250383872,0.6168339804143508,0.04773882941250589,0.0,1.1474451024349863,0.6168339804143508,0,0,1,0,0,1,0
0.0,0.0,0.1789677071121583,0.04375958388607371,0.04582153990396615,0.07807710369706797,0.16743209715990048,0.6873422632150312,0.002878156624168801,0.24450969441629772,0.04582153990396615,0.0,0.5005407103594937,0.24450969441629772,0,0,1,0,0,1,0
0.0,0.0,0.1356234849689226,0.09070581158960438,0.04639669874158818,0.09085795172242987,0.056897147298460134,0.22956898403300352,0.02708594261445761,0.6688011505473291,0.04639669874158818,0.0,1.0108979242399234,0.6688011505473291,0,0,1,0,0,1,0
0.0,0.0,0.10153270984318136,0.142212076456381,0.10617516187911469,0.12303300615876454,0.08037723868450941,0.3022200012318572,0.0323810353513065,1.4006390259552943,0.10617516187911469,0.0,2.4463524352565207,1.4006390259552943,1,0,1,1,1,4,1
0.0,0.0,0.133168119803653,0.06886104753576758,0.08171847663579365,0.08815217287774545,0.051386148457720604,0.21398311605597936,0.029497581352357725,0.5170947111259545,0.08171847663579365,0.0,1.130739051167256,0.5170947111259545,0,0,1,0,0,1,0
0.0,0.0,0.1552058253292642,0.16008567568891408,0.1002633169327453,0.1439101234099594,0.10139229087852715,0.29395062085981344,0.011693233229794504,1.0314345090771597,0.1002633169327453,0.0,1.6774326262349668,1.0314345090771597,0,0,1,1,1,3,1
0.0,0.0,0.12529695924210582,0.06434289278129181,0.0329745399272892,0.07173932118299466,0.0623295377070614,0.28448963250982534,0.015788398526496546,0.5135190802027817,0.0329745399272892,0.0,0.7766880905102397,0.5135190802027817,0,0,1,0,0,1,0
0.0,0.0,0.19919151701271248,0.12634963510738179,0.0847929404950134,0.13417093193062235,0.08038599368006978,0.4114596917059222,0.04837980258102723,0.6343091447522506,0.0847929404950134,0.0,1.0599925075946506,0.6343091447522506,0,0,1,0,0,1,0
0.0,0.0,0.0757712418683738,0.10141545091161144,0.09349083284107544,0.09302324413316804,0.05552204990460176,0.21759171500956223,0.01854683057603528,1.3384248428043506,0.09349083284107544,0.0,2.572264973910424,1.3384248428043506,1,0,1,1,1,4,1
0.0,0.0,0.056039506575781835,0.03345282722125022,0.03968198057654425,0.040656785398706624,0.04559440725103581,0.1672023388960916,0.014344185765088509,0.5969401289407154,0.03968198057654425,0.0,1.305034737665987,0.5969401289407154,0,0,1,1,0,2,0
0.0,0.0,0.057123418566961875,0.02706727889332735,0.013771812134736508,0.031257447122088264,0.04152201388930638,0.15343388818224235,0.004546306869218931,0.4738302738538824,0.013771812134736508,0.0,0.7149147781730474,0.4738302738538824,0,0,1,0,0,1,0
0.0,0.0,0.09000868641741842,0.060637268034839174,0.08599215289348774,0.07431884384514613,0.04312815439057954,0.1735498737193247,0.013482477497748384,0.6736749170931987,0.08599215289348774,0.0,1.6290404595827102,0.6736749170931987,0,0,1,1,0,2,0
0.0,0.0,0.0432270702906444,0.09405014447648788,0.0949937721584705,0.08158028285052266,0.07396037986903226,0.3187385189146987,0.01073063804507676,2.1756729792503045,0.0949937721584705,0.0,4.373175007903883,2.1756729792503045,1,0,1,1,1,4,1
0.0,0.0,0.048280615388848966,0.048211151250259036,0.023211027583256872,0.04197848636815597,0.025661206633318147,0.08605428637186564,0.009300404034086834,0.9985405596307739,0.023211027583256872,0.0,1.4792831237790658,0.9985405596307739,0,0,1,1,0,2,0
0.0,0.0,0.10384407628521318,0.03316537629838413,0.024733950629758746,0.048727194877935046,0.04229930680516359,0.13331855762578243,0.00684993720717848,0.3193736042650166,0.024733950629758746,0.0,0.5575548595979735,0.3193736042650166,0,0,1,0,0,1,0
0.0,0.0,0.10338571287347612,0.037913286710758075,0.007709442018116142,0.046730432078277095,0.10290245302250424,0.40551964285379416,0.0009447809144275392,0.3667133392388253,0.007709442018116142,0.0,0.44128232207853413,0.3667133392388253,0,0,1,0,0,1,0
0.0,0.0,0.030913609073120324,0.024173054124637692,0.025032526317196144,0.026073060909897965,0.017660046440846858,0.07325234094072335,0.005888280061910249,0.7819298011326209,0.025032526317196144,0.0,1.591661092186256,0.7819298011326209,0,0,1,1,0,2,0
0.0,0.0,0.19042697508239834,0.17774800153516673,0.1307593116485,0.16917057245030795,0.11619831262448664,0.3977571178228357,0.02013119418300249,0.9334132837271154,0.1307593116485,0.0,1.620073484739705,0.9334132837271154,0,0,1,1,0,2,0
0.0,0.0,0.16290158208645972,0.01722273834474639,0.011058123020671017,0.05210129544915588,0.14965161466679622,0.6277962556079315,0.0013173022005262087,0.10572415810822144,0.011058123020671017,0.0,0.17360597360210953,0.10572415810822144,0,0,1,0,0,1,0
0.0,0.0,0.13385679433726122,0.0594866447798012,0.08759063781819415,0.08510518042876446,0.049855446691367995,0.18926836979286588,0.020215916981035347,0.44440180024124487,0.08759063781819415,0.0,1.0987577027261257,0.44440180024124487,0,0,1,0,0,1,0
0.0,0.0,0.20070857058334185,0.12507423800471296,0.05034439430576069,0.1253003602246321,0.08632848623881086,0.29167377633309916,0.00902306603835752,0.6231603089040422,0.05034439430576069,0.0,0.873992365190346,0.6231603089040422,0,0,1,0,0,1,0
0.0,0.0,0.04644797870809012,0.02864486597055731,0.022532084570362126,0.03156744880489172,0.028625247161054284,0.08728096987397631,0.0007859287043281802,0.6166952808710123,0.022532084570362126,0.0,1.1017884992163633,0.6166952808710123,0,0,1,0,0,1,0
0.0,0.0,0.15258216684753054,0.06855619172319764,0.03873078259423701,0.08210633322204071,0.10981961864861135,0.47621783963324194,0.0027222893678870725,0.4493037675099688,0.03873078259423701,0.0,0.703137682445939,0.4493037675099688,0,0,1,0,0,1,0
0.0,0.0,0.1743035334698385,0.07942333402091939,0.0929701113626483,0.1065300782185814,0.07458004572056236,0.3372529111521328,0.014843451181635409,0.4556584527083613,0.0929701113626483,0.0,0.9890359243777126,0.4556584527083613,0,0,1,0,0,1,0
0.0,0.0,0.08200528146171321,0.03249144457436318,0.023508460466399043,0.04262415776920966,0.08176843111248866,0.30740713426262545,0.0015659775945162438,0.3962067782518912,0.023508460466399043,0.0,0.6828733609498836,0.3962067782518912,0,0,1,0,0,1,0
0.0,0.0,0.0823689633177847,0.08832610539848669,0.06923071101557368,0.08206297128258293,0.040214142003386015,0.1734782574411039,0.022633405960921275,1.0723096361925413,0.06923071101557368,0.0,1.9127945438825016,1.0723096361925413,0,0,1,1,1,3,1
0.0,0.0,0.07114502999425903,0.07166823712278923,0.0597922453848712,0.06856843740617716,0.043335619557299164,0.16005865611972414,0.0013559040235739635,1.0073399334941435,0.0597922453848712,0.0,1.8477557007505314,1.0073399334941435,0,0,1,1,1,3,1
0.0,0.0,0.17226807891814186,0.08950752316405211,0.06614030957308982,0.10435585870483398,0.055778386405612466,0.2774570263946132,0.037694569204877834,0.5195797395920596,0.06614030957308982,0.0,0.903515788872953,0.5195797395920596,0,0,1,0,0,1,0
0.0,0.0,0.04605519199354519,0.020167110368959882,0.016049446347217493,0.025609714769670614,0.018221311214309737,0.07766072206886233,0.005448150300306992,0.43788054322394515,0.016049446347217493,0.0,0.786355865488253,0.43788054322394515,0,0,1,0,0,1,0
0.0,0.0,0.09435438480731913,0.045932316837118604,0.037757946047640406,0.055994241132299186,0.055731527924839826,0.24862006122738672,0.013043901250961436,0.48680122423236244,0.037757946047640406,0.0,0.8869685927905533,0.48680122423236244,0,0,1,0,0,1,0
0.0,0.0,0.026544183639203064,0.05390636574280596,0.037234785231942596,0.042897925089189395,0.05586987628820127,0.1849873238570048,0.003981278202670353,2.030739981892411,0.037234785231942596,0.0,3.433434562499971,2.030739981892411,1,0,1,1,1,4,1
0.0,0.0,0.08733832648477657,0.047132735588900396,0.021782088304616767,0.05084647149179854,0.08163054165682379,0.28905217413059253,0.0037337861596698496,0.5396507791609285,0.021782088304616767,0.0,0.7890468894963274,0.5396507791609285,0,0,1,0,0,1,0
0.0,0.0,0.04336934981953817,0.02698326951897564,0.028432024192508513,0.0314419782624995,0.045357329580563904,0.1426668810200883,0.001841087547395864,0.622159369967078,0.028432024192508513,0.0,1.2777230052804367,0.622159369967078,0,0,1,0,0,1,0
0.0,0.0,0.10945576857002232,0.0697057308036625,0.05766840227596365,0.07663390811332774,0.03771336619037858,0.15993669297125568,0.023924421809025837,0.6368334431421657,0.05766840227596365,0.0,1.1636935270763236,0.6368334431421657,0,0,1,0,0,1,0
0.0,0.0,0.06745420055088017,0.10308034468766686,0.10701070940714982,0.09515639983334093,0.04507760690363528,0.18614183110849675,0.021199336315516893,1.5281304309504695,0.10701070940714982,0.0,3.114527158456063,1.5281304309504695,1,0,1,1,1,4,1
0.0,0.0,0.12623418170670503,0.07271074107036327,0.06963074799132828,0.08532160295968994,0.04927580414839858,0.23938757135945296,0.02633816778402443,0.5759942678998909,0.06963074799132828,0.0,1.127589687258564,0.5759942678998909,0,0,1,0,0,1,0
0.0,0.0,0.14237046425595623,0.10429124658255431,0.06836573919923954,0.1048296741550761,0.07308445458027785,0.24776836641650263,0.008054728707634611,0.7325291421816026,0.06836573919923954,0.0,1.2127218518409708,0.7325291421816026,0,0,1,0,0,1,0
0.0,0.0,0.10762484158988685,0.0710362804679412,0.04070627740617716,0.07260091998298661,0.03370463801795428,0.14032014070903778,0.01689929854501149,0.6600299650954478,0.04070627740617716,0.0,1.0382502587056968,0.6600299650954478,0,0,1,0,0,1,0
0.0,0.0,0.15390322707883403,0.09843743531117174,0.038366933702608824,0.09728625785094659,0.05634666416069141,0.17570002019921285,0.0188953121623872,0.6396018951496982,0.038366933702608824,0.0,0.888892862856233,0.6396018951496982,0,0,1,0,0,1,0
0.0,0.0,0.18114573746347912,0.05961861340974025,0.07082663192313747,0.09280239905152429,0.0690392447721998,0.28009964144039706,0.018636953673302654,0.3291177872952855,0.07082663192313747,0.0,0.7201081684354194,0.3291177872952855,0,0,1,0,0,1,0
0.0,0.0,0.09551871609628552,0.07242681012582736,0.05496726264259602,0.07383489974763406,0.03201896356114747,0.13651695190150415,0.014531990282356015,0.7582393780653607,0.05496726264259602,0.0,1.333694005539212,0.7582393780653607,0,0,1,1,0,2,0
0.0,0.0,0.13626316669521465,0.11407941190031466,0.0717702120825347,0.10904805064459465,0.06061772183202784,0.257083733340306,0.045385869283968885,0.8371930395720163,0.0717702120825347,0.0,1.3638921257893406,0.8371930395720163,0,0,1,1,0,2,0
0.0,0.0,0.1047360708961707,0.07307733783296678,0.04970242114179733,0.07514829192597541,0.10851853005604412,0.3629774747471035,0.00801461505224471,0.6977218019149185,0.04970242114179733,0.0,1.1722664947970498,0.6977218019149185,0,0,1,0,0,1,0
0.0,0.0,0.05747579324013499,0.06555893708322882,0.06362443261169552,0.06305452500457204,0.027187257979907568,0.10307900558671028,0.015829248966494725,1.1406157752978157,0.06362443261169552,0.0,2.247574410687859,1.1406157752978157,0,0,1,1,1,3,1
0.0,0.0,0.03265484449312657,0.04474783505006108,0.03958656139115878,0.04043426899610188,0.015392755973033311,0.060686182425902936,0.004608556375530503,1.3702856485453818,0.03958656139115878,0.0,2.58252076313539,1.3702856485453818,1,0,1,1,1,4,1
0.0,0.0,0.10482625143192188,0.04325422153079478,0.015212933718032883,0.05163690705288609,0.1087210770013111,0.40266782248076655,0.0009056910623819158,0.41262382577001394,0.015212933718032883,0.0,0.5577476700970079,0.41262382577001394,0,0,1,0,0,1,0
0.0,0.0,0.1745118786427043,0.08116855921618495,0.05105080346499214,0.09697495013501659,0.1145383634167374,0.5006657869034529,0.014265653954773362,0.4651150095481981,0.05105080346499214,0.0,0.7576481673417441,0.4651150095481981,0,0,1,0,0,1,0
0.0,0.0,0.11288509252958688,0.09375984548648389,0.05766473489280426,0.08951737959883972,0.05483478604794835,0.21233446489796176,0.01693811832450005,0.8305703863556966,0.05766473489280426,0.0,1.3413926993672896,0.8305703863556966,0,0,1,1,0,2,0
0.0,0.0,0.09098030588651987,0.07384812137638205,0.06776678478209738,0.07661083335534535,0.02935898332437739,0.14743062782614388,0.03821747150281228,0.811684561535005,0.06776678478209738,0.0,1.5565275171485708,0.811684561535005,0,0,1,1,0,2,0
0.0,0.0,0.05124607399488907,0.024233849192546657,0.016181667664901596,0.02897386001122099,0.04197403053579847,0.1719872499660138,0.0007975877630172157,0.472882592183966,0.016181667664901596,0.0,0.7886404765563578,0.472882592183966,0,0,1,0,0,1,0
0.0,0.0,0.097915059000837,0.10791054877140073,0.07199132241493052,0.09643186973964224,0.05452121234306661,0.22520024410690104,0.014777659575160806,1.1020720183445936,0.07199132241493052,0.0,1.837307107966768,1.1020720183445936,0,0,1,1,1,3,1
0.0,0.0,0.056447553390398135,0.05050080613916272,0.026028884805146466,0.04586951261846751,0.03270640906587934,0.125495492202274,0.004827901969296404,0.8946341953158515,0.026028884805146466,0.0,1.3557422882926675,0.8946341953158515,0,0,1,1,0,2,0
0.0,0.0,0.08046713733339175,0.06390093599432335,0.02484462341655864,0.05827840818464928,0.03422462489720546,0.1166287611027594,0.002884474833176444,0.7941147653209871,0.02484462341655864,0.0,1.102865834251831,0.7941147653209871,0,0,1,0,0,1,0
0.0,0.0,0.10849029180937095,0.07797365384932473,0.09913641447285437,0.09089350349521869,0.0983141611682299,0.3664315828537312,0.006421528565785888,0.7187088709970522,0.09913641447285437,0.0,1.632481882816711,0.7187088709970522,0,0,1,1,0,2,0
0.0,0.0,0.10183515075718608,0.08583108645782783,0.05941071613804274,0.08322700995272113,0.03977660051896897,0.15561083624686065,0.02842458076573469,0.8428351407593944,0.05941071613804274,0.0,1.4262302877313102,0.8428351407593944,0,0,1,1,0,2,0
0.0,0.0,0.08112715437921483,0.04786040765612489,0.016150061970655258,0.04824950791552997,0.06216287465485624,0.23858462990096005,0.007561104246151693,0.5899358616296442,0.016150061970655258,0.0,0.7890043859198125,0.5899358616296442,0,0,1,0,0,1,0
0.0,0.0,0.07419021113244577,0.06938793525187074,0.03828485618686506,0.06281273445576309,0.03674128566798925,0.14673951904053048,0.020343639927526216,0.9352581551472419,0.03828485618686506,0.0,1.4512876902160134,0.9352581551472419,0,0,1,1,0,2,0
0.0,0.0,0.20350461751810323,0.17027453412313395,0.059756498864533006,0.15095254615722603,0.12335266201052372,0.365895709166441,0.015988417572801672,0.8367068005284269,0.059756498864533006,0.0,1.1303424239245097,0.8367068005284269,0,0,1,0,0,1,0
0.0,0.0,0.044794840847944245,0.03530099914211523,0.017551799891182652,0.033237159755839345,0.031333972014854154,0.11469866268679932,0.0070375393065738095,0.7880418912537334,0.017551799891182652,0.0,1.1798595144737278,0.7880418912537334,0,0,1,0,0,1,0
0.0,0.0,0.20458491168278303,0.16833647157753764,0.08973006037698299,0.15774697880371027,0.1349733568904681,0.41428581676636494,0.019847248136156105,0.8228155604309093,0.08973006037698299,0.0,1.2614091059928945,0.8228155604309093,0,0,1,0,0,1,0
0.0,0.0,0.13290844789251532,0.07753664368462895,0.06387053814566397,0.08796306835185931,0.05871966846082707,0.27273167799935016,0.008902519789356547,0.5833794731231846,0.06387053814566397,0.0,1.0639362669285164,0.5833794731231846,0,0,1,0,0,1,0
0.0,0.0,0.06379658081977863,0.07259829832798417,0.07121533456119682,0.07005212800923594,0.048181534519484814,0.22304380332249185,0.0054384075219211046,1.1379475114121747,0.07121533456119682,0.0,2.2542176527890483,1.1379475114121747,0,0,1,1,1,3,1
0.0,0.0,0.14394039710375114,0.12638325455355176,0.1223886572238407,0.12977389085867383,0.050941939622686394,0.2580437216119317,0.061140439249361286,0.8780188124925333,0.1223886572238407,0.0,1.7282860718524273,0.8780188124925333,0,0,1,1,0,2,0
0.0,0.0,0.11329482514851429,0.13883019676235633,0.05916031557031681,0.11252888356088596,0.0800106647427156,0.2937162272178987,0.01244502567244512,1.225377868781751,0.05916031557031681,0.0,1.7475534696281747,1.225377868781751,1,0,1,1,1,4,1
0.0,0.0,0.1335905331903793,0.09946826774627301,0.07032513339780005,0.10071305052018137,0.09516662855043707,0.3980029418338073,0.021953880084144946,0.744570148802187,0.07032513339780005,0.0,1.2709892392813773,0.744570148802187,0,0,1,0,0,1,0
0.0,0.0,0.17571484678156435,0.03495551593344964,0.033975421153614446,0.06990032495051952,0.15101193212333222,0.6459588024638929,0.0071899702408472635,0.19893206317870404,0.033975421153614446,0.0,0.39228640074081317,0.19893206317870404,0,0,1,0,0,1,0
0.0,0.0,0.12963689976838036,0.07020008463657607,0.05960683919558408,0.08241097705927912,0.03718858239235245,0.1540552076223894,0.016766784211272503,0.5415089627493208,0.05960683919558408,0.0,1.0013038167394086,0.5415089627493208,0,0,1,0,0,1,0
0.0,0.0,0.12470296109923884,0.10069854790126165,0.09479089446915981,0.10522273784273048,0.06483813499852528,0.20142681753249728,0.009315584323884771,0.8075007963951217,0.09479089446915981,0.0,1.5676281703261363,0.8075007963951217,0,0,1,1,0,2,0
0.0,0.0,0.18138978698774536,0.08465807634742252,0.05636340824788854,0.10176733698261974,0.11895693168530277,0.4978721519384664,0.01503057779111498,0.46671651715774276,0.05636340824788854,0.0,0.7774456847405286,0.46671651715774276,0,0,1,0,0,1,0
0.0,0.0,0.07568515672535725,0.07855362449249996,0.05626604551312459,0.07226461280587043,0.037114143877387346,0.184823876916028,0.030011724853932272,1.037886291115929,0.05626604551312459,0.0,1.7812989301973068,1.037886291115929,0,0,1,1,1,3,1
0.0,0.0,0.15849596623793916,0.17234767822672953,0.11789619397161609,0.15527187916575358,0.08235684078125613,0.26723750516399414,0.05102598648824509,1.0873878681563998,0.11789619397161609,0.0,1.831226673213575,1.0873878681563998,0,0,1,1,1,3,1
0.0,0.0,0.08931290593499253,0.04599027087100881,0.01877517530209248,0.05001715574477566,0.09463179603652726,0.3248839804496881,0.003041286808172682,0.514928446914896,0.01877517530209248,0.0,0.7251440354679043,0.514928446914896,0,0,1,0,0,1,0
0.0,0.0,0.1366933030942123,0.0927420923317842,0.05344684498612493,0.0939060831859764,0.059195309122823336,0.2200735043967746,0.02391664650241474,0.6784634782318952,0.05344684498612493,0.0,1.0694588875233004,0.6784634782318952,0,0,1,0,0,1,0
0.0,0.0,0.1738011009917164,0.14150401396209425,0.07237285122050345,0.1322954950341021,0.0861968862330633,0.2751432860160332,0.020880022474688675,0.8141674534120764,0.07237285122050345,0.0,1.2305769836049987,0.8141674534120764,0,0,1,0,0,1,0
0.0,0.0,0.1033651036104218,0.1083951111431883,0.08736708462588148,0.10188060263066998,0.05004266417565039,0.21843366074892365,0.02646039182417417,1.0486523856187944,0.08736708462588148,0.0,1.8938722553273473,1.0486523856187944,0,0,1,1,1,3,1
0.0,0.0,0.14591158422459088,0.12953191741369338,0.04122646368619373,0.11155047068454284,0.06876398789357618,0.2140716777276467,0.0318217757929737,0.887736435496995,0.04122646368619373,0.0,1.1702786432529575,0.887736435496995,0,0,1,0,0,1,0
0.0,0.0,0.10624964514305446,0.11317937676084742,0.10508874027462681,0.10942428473484402,0.05768187975973548,0.22956306752113595,0.03953537517859232,1.0652111957387573,0.10508874027462681,0.0,2.0542756869061916,1.0652111957387573,0,0,1,1,1,3,1
0.0,0.0,0.05624289177710968,0.038907527426310186,0.06823924343034699,0.050574297515019254,0.061849168696469274,0.22168126345492808,0.0015846021909070212,0.6917644956095463,0.06823924343034699,0.0,1.9050383512092615,0.6917644956095463,0,0,1,1,0,2,0
0.0,0.0,0.057866564941036376,0.04334666831102782,0.023051306743213512,0.04190280207657637,0.023597666139721373,0.0900211002537519,0.008130377303694461,0.7490667415363945,0.023051306743213512,0.0,1.1474126329991063,0.7490667415363945,0,0,1,0,0,1,0
0.0,0.0,0.14629823033962136,0.13616496135407366,0.10323792139480906,0.13046651861064446,0.09989935159350784,0.26309130696994854,0.014184982484952556,0.9307291708779202,0.10323792139480906,0.0,1.636391949521054,0.9307291708779202,0,0,1,1,0,2,0
0.0,0.0,0.036691548312549144,0.04306034258823777,0.021195899771137863,0.036002033315040635,0.04321936593643193,0.16276479552222228,0.0017102909575527796,1.173544617873019,0.021195899771137863,0.0,1.7512068611871114,1.173544617873019,0,0,1,1,1,3,1
0.0,0.0,0.10692976264679287,0.13725803010703397,0.12966028902222437,0.1277765279707713,0.08202308456002094,0.25210374050135703,0.005011554895260807,1.2836159278169208,0.12966028902222437,0.0,2.496178952832559,1.2836159278169208,1,0,1,1,1,4,1
0.0,0.0,0.15132521912895913,0.10561694525525653,0.04296268168091124,0.10138044783009584,0.11477430087023255,0.42288823126134273,0.03273760657301771,0.6979421402529757,0.04296268168091124,0.0,0.9818498591413909,0.6979421402529757,0,0,1,0,0,1,0
0.0,0.0,0.10536487976623662,0.08040042982904314,0.039565289503079366,0.07643275723185058,0.057571199877849415,0.17691439096958828,0.0028281120624992304,0.7630594458796195,0.039565289503079366,0.0,1.138563257842832,0.7630594458796195,0,0,1,0,0,1,0
0.0,0.0,0.07618409968367863,0.09094540369390637,0.06001912135094167,0.07952350710560827,0.057173970587840114,0.2272116145404304,0.013961762326332408,1.1937426619051845,0.06001912135094167,0.0,1.9815492225074771,1.1937426619051845,0,0,1,1,1,3,1
0.0,0.0,0.1882958884520351,0.1036324467478404,0.07338735153413872,0.11723703337046366,0.06386721402686985,0.23925999358777844,0.028041376399854292,0.5503672822200603,0.07338735153413872,0.0,0.9401100556532638,0.5503672822200603,0,0,1,0,0,1,0
0.0,0.0,0.10088334639168973,0.06119939243283734,0.05194136462820643,0.06880587397139269,0.08121353554584108,0.26424054600625485,0.0049330457642267535,0.6066292207041408,0.05194136462820643,0.0,1.1214897167670368,0.6066292207041408,0,0,1,0,0,1,0
0.0,0.0,0.23258981781958266,0.0767168790472814,0.030424436491664486,0.10411200310145248,0.12957574817350534,0.44357365421368394,0.00936094923952243,0.3298362324293884,0.030424436491664486,0.0,0.4606429288281443,0.3298362324293884,0,0,1,0,0,1,0
0.0,0.0,0.07713030585585735,0.0428260741997732,0.0299472148078905,0.04818241726582356,0.08450648641775277,0.28635597208852553,0.0016133117267066296,0.5552359541248579,0.0299472148078905,0.0,0.9434987285663502,0.5552359541248579,0,0,1,0,0,1,0
0.0,0.0,0.15521684043954356,0.0842724379154397,0.09396058841654197,0.10443057617174123,0.0864027677736438,0.2915113149541333,0.013715382440172256,0.54293010182849,0.09396058841654197,0.0,1.1482766789388645,0.54293010182849,0,0,1,0,0,1,0
0.0,0.0,0.11445581766464165,0.1091613928448664,0.07426604137277258,0.10176116118178677,0.0810367998015847,0.3266045858373896,0.009109199391407636,0.953734299731355,0.07426604137277258,0.0,1.6025907233860122,0.953734299731355,0,0,1,1,0,2,0
0.0,0.0,0.020443129152797432,0.02702939604453694,0.014154309112214285,0.022164057588521396,0.019883366484282756,0.07732642294865857,0.004826016748260078,1.3221104133378274,0.014154309112214285,0.0,2.0144514275442216,1.3221104133378274,1,0,1,1,1,4,1
0.0,0.0,0.11416289679460741,0.0785546890429218,0.03205260111389494,0.07583121899858647,0.05503147976710386,0.2600766038078586,0.01260482833071874,0.6880869631162798,0.03205260111389494,0.0,0.9688464852930752,0.6880869631162798,0,0,1,0,0,1,0
0.0,0.0,0.12680015667797798,0.13826675255684437,0.09278850805465148,0.12403054246157955,0.08912359657624426,0.34195634258343965,0.02851152200180952,1.0904218555985592,0.09278850805465148,0.0,1.8221857486543265,1.0904218555985592,0,0,1,1,1,3,1
0.0,0.0,0.23502518013780171,0.059190660083331535,0.06587974577875734,0.10482156152080553,0.12155278255841914,0.5515289001066597,0.031540780514173035,0.2518470923053192,0.06587974577875734,0.0,0.5321552083634128,0.2518470923053192,0,0,1,0,0,1,0
0.0,0.0,0.08227149046055438,0.079801042093813,0.06299504578415141,0.07621715510808295,0.03895773766709219,0.14728954506550285,0.01740411385483993,0.9699602096289244,0.06299504578415141,0.0,1.7356480529348766,0.9699602096289244,0,0,1,1,0,2,0
0.0,0.0,0.07260296139763348,0.0586115278489064,0.04175657441640633,0.057895647877963155,0.03782373501401637,0.1065075082751532,0.005832022876000653,0.8072772713861429,0.04175657441640633,0.0,1.382405316916829,0.8072772713861429,0,0,1,1,0,2,0
0.0,0.0,0.03972796926084167,0.05128422530812624,0.03977253840394345,0.0455172395702594,0.04488571030332116,0.14153875534816343,0.00645689433628362,1.2908521479985602,0.03977253840394345,0.0,2.2919488072855336,1.2908521479985602,1,0,1,1,1,4,1
0.0,0.0,0.051969548808292895,0.0764661899266889,0.04141480253933125,0.06157918280025049,0.05022003433117807,0.21507080993341937,0.002849046886716755,1.47133697219082,0.04141480253933125,0.0,2.268226816323517,1.47133697219082,1,0,1,1,1,4,1
0.0,0.0,0.16407646503041431,0.0931020556067046,0.08215890282149639,0.10810986976632998,0.1092424640199538,0.47521878096977066,0.010727177201053376,0.5674274379449163,0.08215890282149639,0.0,1.068159837767567,0.5674274379449163,0,0,1,0,0,1,0
0.0,0.0,0.07975973985319744,0.06235732334638046,0.037238669872650065,0.06042826410465211,0.05442481191310767,0.20063082932893703,0.01457735993185605,0.781804725747923,0.037238669872650065,0.0,1.2486844204597474,0.781804725747923,0,0,1,0,0,1,0
0.0,0.0,0.11259846516755351,0.08436062218256718,0.0926521811115694,0.09349297266106432,0.050526514434062905,0.19670285898370607,0.014896426287270668,0.7492097947093661,0.0926521811115694,0.0,1.5720572298521391,0.7492097947093661,0,0,1,1,0,2,0
0.0,0.0,0.12751472053848717,0.1068158705908901,0.07347305712828134,0.10365487971213719,0.052281193836979774,0.21265966077735515,0.02982658986435712,0.8376682509404839,0.07347305712828134,0.0,1.4138564794821207,0.8376682509404839,0,0,1,1,0,2,0
0.0,0.0,0.2349393318328337,0.15700848921037988,0.07271344203343302,0.15541743807175662,0.13399767836120846,0.38737767076948165,0.00775107752337512,0.6682909144867285,0.07271344203343302,0.0,0.9777884003639962,0.6682909144867285,0,0,1,0,0,1,0
0.0,0.0,0.034127168535949326,0.02866362769088213,0.020599450140694718,0.028013468514602072,0.01903648502319612,0.06940693126949415,0.0023686320544173585,0.8398818020571173,0.020599450140694718,0.0,1.4434726486915048,0.8398818020571173,0,0,1,1,0,2,0
0.0,0.0,0.09170103863943789,0.1473493433654686,0.07034803796767597,0.11418694083451279,0.07648980805838394,0.33486126276210426,0.01665027114852943,1.6068273459527944,0.07034803796767597,0.0,2.3739644675633245,1.6068273459527944,1,0,1,1,1,4,1
0.0,0.0,0.07891509452653891,0.06851352594609153,0.04205865458385129,0.06450020025064332,0.031414990260831686,0.1433011163357061,0.012008831290712106,0.8681819134251623,0.04205865458385129,0.0,1.401135993783349,0.8681819134251623,0,0,1,1,0,2,0
0.0,0.0,0.09935978391650488,0.08197009571094331,0.046764114114342295,0.07751602236318343,0.037896669835819886,0.14538853981828168,0.002063591455618256,0.82497432568391,0.046764114114342295,0.0,1.2956239348258753,0.82497432568391,0,0,1,0,0,1,0
0.0,0.0,0.03195754093132984,0.029762713488426993,0.030329369763622684,0.030453084417951626,0.03427691911626615,0.11380172489496336,0.001206361707697734,0.9312913737951591,0.030329369763622684,0.0,1.8803137283761209,0.9312913737951591,0,0,1,1,0,2,0
0.0,0.0,0.07697774409833395,0.06417006463312962,0.070015859522261,0.06883343322171356,0.023995777502867837,0.100665417142307,0.02829263686251949,0.8336075806999097,0.070015859522261,0.0,1.7431555389365567,0.8336075806999097,0,0,1,1,0,2,0
0.0,0.0,0.25898971989168384,0.177415744612246,0.05982393705139366,0.16841128654189239,0.15575594488913533,0.4876016774115248,0.017287384748305462,0.6850274198490415,0.05982393705139366,0.0,0.9160161482344195,0.6850274198490415,0,0,1,0,0,1,0
0.0,0.0,0.11069742272013103,0.08948913469009973,0.10754459768480902,0.09930507244628488,0.06961879300292581,0.24852807926842688,0.00802876886415918,0.8084047856431265,0.10754459768480902,0.0,1.7799145419899214,0.8084047856431265,0,0,1,1,0,2,0
0.0,0.0,0.27031227437313643,0.12218205944660629,0.05761869038376499,0.1430737709125285,0.1661684239375423,0.5651829625677253,0.008035890147552578,0.45200169962037456,0.05761869038376499,0.0,0.6651569378060843,0.45200169962037456,0,0,1,0,0,1,0
0.0,0.0,0.023191636840539476,0.03813161071049128,0.012870707619350778,0.028081391470218202,0.037381262825156136,0.1317004587753935,0.001615052637800566,1.6441257185487113,0.012870707619350778,0.0,2.199073726739547,1.6441257185487113,1,0,1,1,1,4,1
0.0,0.0,0.06952406644720353,0.10654631656617501,0.1223787711148722,0.10124886767360643,0.08084901987460982,0.2825073182530184,0.028282013982537976,1.5324878063523313,0.1223787711148722,0.0,3.292698581667521,1.5324878063523313,1,0,1,1,1,4,1
0.0,0.0,0.05384414956052111,0.04509434887066904,0.03196521889207836,0.043999516548484385,0.02737724794676339,0.08248247281873912,0.0062249834383419165,0.8374820989211609,0.03196521889207836,0.0,1.4311329505387231,0.8374820989211609,0,0,1,1,0,2,0
0.0,0.0,0.10530195759954203,0.10394887513894185,0.07867693587851722,0.09796916093898574,0.05013785746597981,0.21621391912143867,0.04255256032688518,0.987141078546439,0.07867693587851722,0.0,1.734289474679041,0.987141078546439,0,0,1,1,0,2,0
0.0,0.0,0.08649188055352408,0.05145840447529819,0.039954102439109844,0.05734069798580757,0.042404774747784445,0.16381288234553298,0.01685462921847815,0.5949438167162714,0.039954102439109844,0.0,1.0568789746554867,0.5949438167162714,0,0,1,0,0,1,0
0.0,0.0,0.1502774802461366,0.07839893197037674,0.0415675383438561,0.08716072063268655,0.09297864535994754,0.33360715033794835,0.006506117467320242,0.5216910088654709,0.0415675383438561,0.0,0.7982944072747034,0.5216910088654709,0,0,1,0,0,1,0
0.0,0.0,0.1760165478643823,0.08928852202014959,0.042029026441674264,0.09915565458658894,0.07862015128908427,0.30006294172198605,0.014844914856019024,0.5072705710509298,0.042029026441674264,0.0,0.7460480506352762,0.5072705710509298,0,0,1,0,0,1,0
0.0,0.0,0.10626617274261885,0.1453485865199355,0.08291717506358355,0.11997013021151834,0.06846653491057637,0.313953480519406,0.022611427647992562,1.3677656304263652,0.08291717506358355,0.0,2.1480364602941227,1.3677656304263652,1,0,1,1,1,4,1
0.0,0.0,0.09879229117819674,0.03554918780322025,0.015496250263673335,0.04634672926207764,0.037250700394168036,0.1566757284528215,0.006678045201599758,0.3598340269796154,0.015496250263673335,0.0,0.5166893162291885,0.3598340269796154,0,0,1,0,0,1,0
0.0,0.0,0.074920645500201,0.07950972348727742,0.07391633251577945,0.07696410624763382,0.03194600225790299,0.15766036571081912,0.0201223307425901,1.0612383504986433,0.07391633251577945,0.0,2.0478201590306138,1.0612383504986433,0,0,1,1,1,3,1
0.0,0.0,0.09839573751981316,0.07961616790944667,0.09831633056099867,0.08898610097492628,0.05470860105671252,0.25956391773283954,0.007349237858958538,0.8091342245307185,0.09831633056099867,0.0,1.8083170535467892,0.8091342245307185,0,0,1,1,0,2,0
0.0,0.0,0.07974503339119063,0.07253025988427841,0.0473218826365509,0.06803185894907458,0.03871390833305635,0.17392506777829078,0.01974557721661655,0.9095155809002367,0.0473218826365509,0.0,1.5029229345226482,0.9095155809002367,0,0,1,1,0,2,0
0.0,0.0,0.1603839839642729,0.11469891606803448,0.07022911790203112,0.11500273350059324,0.10807463962451418,0.4492086569667296,0.022064259395048105,0.7151474734915622,0.07022911790203112,0.0,1.1530258593987819,0.7151474734915622,0,0,1,0,0,1,0
0.0,0.0,0.17473512827216822,0.08512817883829203,0.043105819753261505,0.09702432642550342,0.13942548198026372,0.45389885663994256,0.00291758190867408,0.48718132695315736,0.043105819753261505,0.0,0.7338722670552528,0.48718132695315736,0,0,1,0,0,1,0
0.0,0.0,0.1272611423194468,0.08798308040648742,0.05422086766574501,0.08936204269954168,0.05297137615817625,0.2344665492133315,0.02427956528773202,0.6913531298698153,0.05422086766574501,0.0,1.1174096670106297,0.6913531298698153,0,0,1,0,0,1,0
0.0,0.0,0.06991527087712462,0.028357632206846232,0.02486973531857244,0.037875067652347376,0.027347532594164746,0.09923769650221093,0.00902179250487842,0.40559417501948536,0.02486973531857244,0.0,0.7613015805571766,0.40559417501948536,0,0,1,0,0,1,0
0.0,0.0,0.07699189659112643,0.048421917963901356,0.010997374684299984,0.04620827680080728,0.09125658791605484,0.28622564503259085,0.001451082022750253,0.6289140960762615,0.010997374684299984,0.0,0.7717503208607626,0.6289140960762615,0,0,1,0,0,1,0
0.0,0.0,0.16349860296092528,0.08548977701182425,0.03932280945914788,0.09345024161093042,0.08429855600042147,0.3234566951846448,0.017800762815256565,0.5228745236296105,0.03932280945914788,0.0,0.7633815875430661,0.5228745236296105,0,0,1,0,0,1,0
0.0,0.0,0.13394835394009588,0.07164918650220868,0.040365674005261115,0.07940310023744357,0.06761802817872772,0.29765192545772007,0.018321080809597143,0.53489758923549,0.040365674005261115,0.0,0.8362478594526442,0.53489758923549,0,0,1,0,0,1,0
0.0,0.0,0.1599498205035748,0.11394020844499894,0.04584089451119433,0.10841778297619176,0.09694640501835702,0.36959983863446993,0.0010703470762340893,0.712345257662823,0.04584089451119433,0.0,0.998938939188638,0.712345257662823,0,0,1,0,0,1,0
0.0,0.0,0.14566713242914897,0.09339315331431715,0.07944861703907699,0.10297551402421508,0.055304263712777094,0.23441140000032645,0.023946463463554408,0.64113647753219,0.07944861703907699,0.0,1.186544836342033,0.64113647753219,0,0,1,0,0,1,0
0.0,0.0,0.12719820467918336,0.08454657269057916,0.06625429716180836,0.09063641180553751,0.03689068657147587,0.1687425107760102,0.017910003199750113,0.664678469522031,0.06625429716180836,0.0,1.1855488423275233,0.664678469522031,0,0,1,0,0,1,0
0.0,0.0,0.15020943752097518,0.21287507196917985,0.10628696800663512,0.1705616373664925,0.11924291709366427,0.42456116208234046,0.023929361974602312,1.4171789622772004,0.10628696800663512,0.0,2.12476606315222,1.4171789622772004,1,0,1,1,1,4,1
0.0,0.0,0.03108802568581283,0.028301198995039648,0.0386406356246852,0.031582764825144334,0.019256093304825198,0.06617161645926627,0.00798137473741995,0.9103276275381837,0.0386406356246852,0.0,2.1532303809145454,0.9103276275381837,0,0,1,1,0,2,0
0.0,0.0,0.10369095377294707,0.05846285491468239,0.06727896169297685,0.07197390632382217,0.04033048116399515,0.19281407002995643,0.01837225894494903,0.5638128397377654,0.06727896169297685,0.0,1.212647770944643,0.5638128397377654,0,0,1,0,0,1,0
0.0,0.0,0.0854118851240802,0.1459367813595686,0.0476533916112971,0.10623470986362862,0.061301991538201546,0.212898701958211,0.025528870405612136,1.7086038148408722,0.0476533916112971,0.0,2.2665218800375992,1.7086038148408722,1,0,1,1,1,4,1
0.0,0.0,0.04642768992671265,0.08217794330690528,0.07141320761553285,0.07054919603901401,0.04779086877779087,0.1537402379464037,0.002320826233945393,1.769981953757958,0.07141320761553285,0.0,3.308108653612252,1.769981953757958,1,0,1,1,1,4,1
0.0,0.0,0.12111873081164541,0.03229308866291167,0.016504933997386936,0.05055246053371393,0.10455768894054308,0.4401865741938686,0.0028711978152435856,0.2666212056987725,0.016504933997386936,0.0,0.40289077868068357,0.2666212056987725,0,0,1,0,0,1,0
0.0,0.0,0.1225388562798172,0.09751343282364423,0.0690933810329999,0.0966647757400264,0.05310468551255558,0.23429370075456657,0.03596697611835295,0.7957691136912577,0.0690933810329999,0.0,1.3596132631019329,0.7957691136912577,0,0,1,1,0,2,0
0.0,0.0,0.10862397871749221,0.13448961293065959,0.047785485739680764,0.10634717257962303,0.056606028215008625,0.26241861388472393,0.010609942159481718,1.238109452526892,0.047785485739680764,0.0,1.678021950590155,1.238109452526892,1,0,1,1,1,4,1
0.0,0.0,0.10383671203884132,0.07559096482698163,0.039323363465317916,0.07358550128953065,0.10038585827375876,0.3299815296150355,0.0031545398272902958,0.7279721725639162,0.039323363465317916,0.0,1.1066723836260466,0.7279721725639162,0,0,1,0,0,1,0
0.0,0.0,0.1160266647368271,0.09377492186817997,0.039548333477636415,0.08578121048770587,0.14032723411281003,0.4243976347390101,0.004323002597741182,0.8082117491624036,0.039548333477636415,0.0,1.1490643688142734,0.8082117491624036,0,0,1,0,0,1,0
0.0,0.0,0.08041630195027576,0.08105607700530128,0.0663884494877345,0.07722922636215321,0.050542582418267215,0.17868694403676352,0.011252193602926385,1.0079432539955206,0.0663884494877345,0.0,1.833492580790696,1.0079432539955206,0,0,1,1,1,3,1
0.0,0.0,0.09467514256463821,0.08248917863358851,0.07131458837688164,0.08274202205217422,0.03836910683626488,0.1539693233349047,0.026923770127422746,0.8712773503342798,0.07131458837688164,0.0,1.6245250687676016,0.8712773503342798,0,0,1,1,0,2,0
0.0,0.0,0.13637656666720646,0.11688735253657101,0.06143484367565594,0.1078965288540011,0.08516777169515552,0.2973923844684435,0.02525465507868078,0.8570863624646113,0.06143484367565594,0.0,1.3075625307744,0.8570863624646113,0,0,1,1,0,2,0
0.0,0.0,0.16745374221792295,0.09081167352686195,0.08108664664039385,0.10754093397801016,0.06352213974884345,0.2492393939580052,0.017144259191515018,0.542305773632144,0.08108664664039385,0.0,1.0265359934898115,0.542305773632144,0,0,1,0,0,1,0
0.0,0.0,0.106778108794308,0.14824794281064488,0.08682922894614692,0.12252580584043615,0.09378157139326276,0.28521921728751404,0.008799582421390218,1.3883609301911257,0.08682922894614692,0.0,2.2015277558612,1.3883609301911257,1,0,1,1,1,4,1
0.0,0.0,0.11256604781997692,0.08742772329937706,0.08213245741529954,0.09238848795850767,0.09721641666216661,0.3230845165945658,0.0029180871300250686,0.7766724364948793,0.08213245741529954,0.0,1.5063038784302674,0.7766724364948793,0,0,1,1,0,2,0
0.0,0.0,0.029893471567189273,0.014657350402761452,0.010893167189878627,0.017525334890647705,0.015553278043710737,0.05618948503074234,0.001515884810813698,0.4903030438192676,0.010893167189878627,0.0,0.8546903910047063,0.4903030438192676,0,0,1,0,0,1,0
0.0,0.0,0.1296230370269711,0.07612186092565815,0.08308868369632805,0.09123886064365384,0.0520317718195951,0.19927488518065856,0.013414206769935063,0.5872511200204276,0.08308868369632805,0.0,1.2282486201911686,0.5872511200204276,0,0,1,0,0,1,0
0.0,0.0,0.07398618186122137,0.08238974965285034,0.04109797623221009,0.06996591434978301,0.03547817171714271,0.17577726949294667,0.02192175244710491,1.1135678854127702,0.04109797623221009,0.0,1.6690421607987154,1.1135678854127702,0,0,1,1,1,3,1
0.0,0.0,0.10090623715573768,0.04780673283191724,0.04027903755440651,0.05919968509349467,0.03438972063412077,0.14572731253083626,0.01010419721609404,0.4737691188406391,0.04027903755440651,0.0,0.8729380852076487,0.4737691188406391,0,0,1,0,0,1,0
0.0,0.0,0.048573054717320756,0.02039229430306026,0.023535434707257216,0.02822326950767462,0.02593260368365189,0.09254751267428718,0.006111965667849308,0.41981865466521745,0.023535434707257216,0.0,0.9043455249094847,0.41981865466521745,0,0,1,0,0,1,0
0.0,0.0,0.24270340354796777,0.08227314063717363,0.05278448525674635,0.11500854251976535,0.1779732767801251,0.7916877765075491,0.03171362727540683,0.3389849522071538,0.05278448525674635,0.0,0.5564696145582186,0.3389849522071538,0,0,1,0,0,1,0
0.0,0.0,0.036547936339960264,0.026204426652440584,0.02824303198867628,0.02929995540837943,0.041099334965509854,0.12580588853272587,0.002496386909810772,0.7169682424872743,0.02824303198867628,0.0,1.4897139039744778,0.7169682424872743,0,0,1,1,0,2,0
0.0,0.0,0.056557092547179985,0.02316401512486331,0.007299541137561602,0.027546165983617053,0.042485604292105704,0.16152921550629004,0.0014669614842633331,0.40956146294255247,0.007299541137561602,0.0,0.5386241807396993,0.40956146294255247,0,0,1,0,0,1,0
0.0,0.0,0.08348883672066877,0.08997979039774333,0.06763209107533641,0.08277012714787295,0.04454601683914624,0.19705649299007452,0.021590315454497327,1.0777334575319382,0.06763209107533641,0.0,1.8877972177667621,1.0777334575319382,0,0,1,1,1,3,1
0.0,0.0,0.09957288209521031,0.07683921040540638,0.07206272536505805,0.08132850706777027,0.05763616280758869,0.207838083003821,0.004624527109076204,0.7716803722881312,0.07206272536505805,0.0,1.4953914885842026,0.7716803722881312,0,0,1,1,0,2,0
0.0,0.0,0.045372586142769226,0.025458518093290177,0.02514866280005858,0.03035957128235204,0.02784107239192307,0.09598785749268889,0.004507045826387073,0.5610867523934355,0.02514866280005858,0.0,1.115344525207064,0.5610867523934355,0,0,1,0,0,1,0
0.0,0.0,0.18919358957060334,0.1394092988829611,0.08437505387813442,0.138096810303665,0.09143834904331927,0.3905342020690604,0.037082291895314784,0.7368566891863289,0.08437505387813442,0.0,1.1828263866794353,0.7368566891863289,0,0,1,0,0,1,0
0.0,0.0,0.03856164682693194,0.02315398198309107,0.023440927212886677,0.02707763450150019,0.023224940002362346,0.08347300871037835,0.0050102216186779566,0.6004251234881641,0.023440927212886677,0.0,1.2082912618808137,0.6004251234881641,0,0,1,0,0,1,0
0.0,0.0,0.1454136739218087,0.0664867429936205,0.09986485781558019,0.09456300443115746,0.062228177273027645,0.21696028887598032,0.019047597754438234,0.45722169022206977,0.09986485781558019,0.0,1.1439808399161286,0.45722169022206977,0,0,1,0,0,1,0
0.0,0.0,0.18990847169226904,0.07815626855253845,0.04287103172797937,0.09727301013133134,0.0835749602080695,0.3877057376494175,0.021224892424177695,0.4115448684896746,0.04287103172797937,0.0,0.6372894369198788,0.4115448684896746,0,0,1,0,0,1,0
0.0,0.0,0.05635228350915633,0.08215576489903494,0.046334841807041685,0.06674966377856699,0.041953083921738056,0.17641074718606445,0.021308653576708324,1.4578700615676847,0.046334841807041685,0.0,2.280090860813804,1.4578700615676847,1,0,1,1,1,4,1
0.0,0.0,0.037709418098979104,0.014693484361113228,0.005395745451017577,0.018123033068055787,0.02758091930790916,0.11601555465493558,0.0013857837472792554,0.3896399218525506,0.005395745451017577,0.0,0.5327236033130764,0.3896399218525506,0,0,1,0,0,1,0
0.0,0.0,0.06033725668823245,0.03805870353516139,0.046884164845828746,0.04583470715109599,0.03170324421854288,0.1159817734986963,0.011910364397093596,0.6307557696240805,0.046884164845828746,0.0,1.4077779677972737,0.6307557696240805,0,0,1,1,0,2,0
0.0,0.0,0.14506079419428108,0.08843207165334337,0.05070476589919877,0.09315742585004164,0.05227742770761106,0.21921329287248564,0.01117445432881714,0.6096165578574494,0.05070476589919877,0.0,0.959155636570966,0.6096165578574494,0,0,1,0,0,1,0
0.0,0.0,0.1447970075612051,0.16203675986080165,0.08154369205428394,0.13760355483427303,0.0720781497467266,0.266755960605125,0.020806916033133137,1.1190537949378196,0.08154369205428394,0.0,1.6822085884857627,1.1190537949378196,0,0,1,1,1,3,1
0.0,0.0,0.10520711867697384,0.10543588830786967,0.06351887881374854,0.09489944352661545,0.07770491464354999,0.28201917864947046,0.003795767918401948,1.0021649434830706,0.06351887881374854,0.0,1.60590997392862,1.0021649434830706,0,0,1,1,1,3,1
0.0,0.0,0.15908424932930393,0.02358828818496203,0.01814368715139324,0.05610112821265531,0.15061684150156007,0.6257182273229844,0.0004428911485932228,0.14827451498117622,0.01814368715139324,0.0,0.26232460590969525,0.14827451498117622,0,0,1,0,0,1,0
0.0,0.0,0.12511557707233847,0.092042867722461,0.04141162580591104,0.08765323458079287,0.07119658213697533,0.28948333986730235,0.01880493249662934,0.7356568559995427,0.04141162580591104,0.0,1.0666411809780636,0.7356568559995427,0,0,1,0,0,1,0
0.0,0.0,0.048700292160899536,0.04464565822387075,0.0280028310780041,0.04149860992166128,0.02747217075786298,0.12099998669895969,0.0062760842194879325,0.9167243053094,0.0280028310780041,0.0,1.4917158473302612,0.9167243053094,0,0,1,1,0,2,0
0.0,0.0,0.031539544353547895,0.0423651223874304,0.015276295799869942,0.03288652123206965,0.06954534213410597,0.2853498699957304,0.002527412684814719,1.3431956630978337,0.015276295799869942,0.0,1.8275340317903055,1.3431956630978337,1,0,1,1,1,4,1
0.0,0.0,0.05933418422466484,0.11542258047363946,0.0749211186404221,0.09127511595309146,0.06161166763630056,0.23837513966780607,0.014921914440885076,1.9452637078972754,0.0749211186404221,0.0,3.207939801675685,1.9452637078972754,1,0,1,1,1,4,1
0.0,0.0,0.06253611808884342,0.06521449644190298,0.03250024258045262,0.05636633838827551,0.08094620618412884,0.24534421512179008,0.005081426187632923,1.042812627682266,0.03250024258045262,0.0,1.5625078674642006,1.042812627682266,0,0,1,1,1,3,1
0.0,0.0,0.14716904859859392,0.0761458826836685,0.09961470883722973,0.09976888070079017,0.057157720036717055,0.2180929601450775,0.011462995180089097,0.5174006763519952,0.09961470883722973,0.0,1.1942687604886575,0.5174006763519952,0,0,1,0,0,1,0
0.0,0.0,0.10876488218201302,0.060841872220928295,0.0378581616292334,0.06707669706327575,0.044024638417328496,0.1973623764309652,0.021423301926053902,0.559383797569105,0.0378581616292334,0.0,0.9074539908111374,0.559383797569105,0,0,1,0,0,1,0
0.0,0.0,0.09368960577024127,0.04613797636282071,0.10869594006258852,0.0736653746396178,0.05281753290105461,0.20006012182633787,0.0161007252853322,0.4924504008007536,0.10869594006258852,0.0,1.6526087664019433,0.4924504008007536,0,0,1,1,0,2,0
0.0,0.0,0.102619633886479,0.049576023843564895,0.0381158823570172,0.0599718909826565,0.06598378278933753,0.2763746775017157,0.005237774795323225,0.4830999572503799,0.0381158823570172,0.0,0.8545250879817078,0.4830999572503799,0,0,1,0,0,1,0
0.0,0.0,0.21661896982477663,0.1376753999505324,0.0788106374647627,0.14269510179765107,0.0974179356232403,0.476607310987295,0.023942385718886388,0.6355619016192169,0.0788106374647627,0.0,0.9993817171630581,0.6355619016192169,0,0,1,0,0,1,0
0.0,0.0,0.08677982619463986,0.10549855464474425,0.049264090843740865,0.0867602565819673,0.04446911681068777,0.17711293275094722,0.007188115640078188,1.2156896779033028,0.049264090843740865,0.0,1.7833737275255883,1.2156896779033028,1,0,1,1,1,4,1
0.0,0.0,0.11500465305559224,0.07186161332731633,0.07370989207934599,0.08310944294739271,0.07846832728324667,0.35599261554602996,0.00942546584255252,0.6248528782544225,0.07370989207934599,0.0,1.26577695564491,0.6248528782544225,0,0,1,0,0,1,0
0.0,0.0,0.11352537225455689,0.03795728531207402,0.034610373018059554,0.05601257897419112,0.08212128783838546,0.3567723482884953,0.008319992211892363,0.3343477339957935,0.034610373018059554,0.0,0.6392141040798627,0.3343477339957935,0,0,1,0,0,1,0
0.0,0.0,0.08096524574083014,0.08318280987347376,0.0474163114266294,0.07368679422860176,0.03469733247631875,0.15947756346850947,0.028613073883770348,1.02737639756373,0.0474163114266294,0.0,1.613007001931965,1.02737639756373,0,0,1,1,1,3,1
0.0,0.0,0.26074630680010946,0.14485256643868175,0.2438630076727793,0.19857861183756303,0.14012211229787536,0.4307584485111764,0.009325752803738013,0.5555285238275793,0.2438630076727793,0.0,1.490775029977406,0.5555285238275793,0,0,1,1,0,2,0
0.0,0.0,0.11701250341739025,0.1089094930882129,0.0929254109440936,0.10693922513447743,0.05251085909036624,0.24905714877658583,0.03969518679881307,0.9307429476727133,0.0929254109440936,0.0,1.7248855742089533,0.9307429476727133,0,0,1,1,0,2,0
0.0,0.0,0.16433997204121567,0.1153954555708018,0.10355155040345236,0.12467060839656792,0.06160378011807321,0.2900879846952899,0.060195688043431055,0.7021709445765074,0.10355155040345236,0.0,1.332272793904028,0.7021709445765074,0,0,1,1,0,2,0
0.0,0.0,0.08454790270700847,0.025190925030292556,0.013721887474762199,0.03716291006058895,0.08001510817518252,0.3302138249542979,0.0016874037960307395,0.29794502617719265,0.013721887474762199,0.0,0.46024030187477727,0.29794502617719265,0,0,1,0,0,1,0
0.0,0.0,0.09284079075243871,0.09335054183633733,0.0694729253234006,0.0872536999371285,0.05545678178457628,0.2621909616091001,0.03088485718351266,1.005479763797913,0.0694729253234006,0.0,1.7537734444815305,1.005479763797913,0,0,1,1,1,3,1
0.0,0.0,0.1342401925061949,0.0633841622688523,0.05336056367607139,0.07859227017999272,0.08099512053889274,0.3645150784853384,0.0018888093574632365,0.47216626346586776,0.05336056367607139,0.0,0.8696639516185481,0.47216626346586776,0,0,1,0,0,1,0
0.0,0.0,0.12125329068893975,0.06386284386157132,0.038334703779924276,0.07182842054800168,0.04778465014978194,0.20111942801574087,0.007250455574045502,0.5266852290233767,0.038334703779924276,0.0,0.8428365467385277,0.5266852290233767,0,0,1,0,0,1,0
0.0,0.0,0.13564312182208108,0.090068266859504,0.04043402849696369,0.08905342100951322,0.05286802945212152,0.193229976452778,0.021642940932747625,0.664004201948706,0.04043402849696369,0.0,0.9620932599471009,0.664004201948706,0,0,1,0,0,1,0
0.0,0.0,0.11731982039546127,0.160729538377681,0.12463022791777426,0.14085228126714938,0.09544364375888827,0.2801400157339319,0.002046369243722016,1.370000123046353,0.12463022791777426,0.0,2.4323028541189338,1.370000123046353,1,0,1,1,1,4,1
0.0,0.0,0.1470937005409025,0.10703377313840529,0.0973632881290891,0.11463113373670056,0.0822536695973789,0.2852988748990541,0.006429000032141496,0.7276521366494946,0.0973632881290891,0.0,1.389561014202941,0.7276521366494946,0,0,1,1,0,2,0
0.0,0.0,0.21642137173676743,0.10014644340625345,0.07949900464944436,0.12405331579967967,0.09045806733949448,0.41603472495253446,0.014666773412284319,0.4627360961003637,0.07949900464944436,0.0,0.8300687521999757,0.4627360961003637,0,0,1,0,0,1,0
0.0,0.0,0.10648281498038409,0.0965075122137375,0.05720933502323435,0.08917679360777338,0.04989171885685375,0.19478164011119775,0.030496262012668984,0.9063115575969515,0.05720933502323435,0.0,1.443570060532568,0.9063115575969515,0,0,1,1,0,2,0
0.0,0.0,0.10960557464116441,0.1042260966581483,0.04753212185553822,0.0913974724532498,0.03797208599747319,0.14615246187179984,0.03445483596791206,0.9509109923320659,0.04753212185553822,0.0,1.3845722212423874,0.9509109923320659,0,0,1,1,0,2,0
0.0,0.0,0.07648640082964799,0.11432012987419739,0.07205829597063218,0.09429623913716872,0.04978211138747219,0.23826665176046485,0.027156973974156062,1.4946269403089025,0.07205829597063218,0.0,2.436720607880634,1.4946269403089025,1,0,1,1,1,4,1
0.0,0.0,0.044794840847944245,0.03530099914211523,0.017551799891182652,0.033237159755839345,0.031333972014854154,0.11469866268679932,0.0070375393065738095,0.7880418912537334,0.017551799891182652,0.0,1.1798595144737278,0.7880418912537334,0,0,1,0,0,1,0
0.0,0.0,0.12399195783539438,0.0972718805618206,0.0538289177563088,0.09309115917883609,0.11546822950670754,0.3595385911891705,0.008711836935878464,0.7844952024691024,0.0538289177563088,0.0,1.2186240328158133,0.7844952024691024,0,0,1,0,0,1,0
0.0,0.0,0.07261484227401026,0.06272380842436813,0.0945818496653413,0.07316107719702196,0.037618890835492184,0.19198233974337575,0.0356979355368675,0.8637758161323076,0.0945818496653413,0.0,2.166271892793431,0.8637758161323076,0,0,1,1,0,2,0
0.0,0.0,0.04442984466365474,0.030680779396566483,0.01454668108344483,0.030084521135058134,0.018272092987317145,0.06578666291423017,0.005190608874395379,0.6905288348403589,0.01454668108344483,0.0,1.0179293421582916,0.6905288348403589,0,0,1,0,0,1,0
0.0,0.0,0.0675302582551143,0.0855520351091025,0.03441985866781684,0.06826354678528404,0.048964955963637126,0.16410509457508485,0.010081308919942168,1.266850897193574,0.03441985866781684,0.0,1.7765387004000268,1.266850897193574,1,0,1,1,1,4,1
0.0,0.0,0.09330102902816584,0.10551331090993336,0.05696165102496972,0.09032232546825057,0.04755797875653137,0.16582368979259526,0.01126296225667576,1.1308790602836858,0.05696165102496972,0.0,1.7413872305591065,1.1308790602836858,0,0,1,1,1,3,1
0.0,0.0,0.1254885315865995,0.09196631889251128,0.0894815888615695,0.09972568955829789,0.04289574645101996,0.17884313384837766,0.017693688259473518,0.732860484295026,0.0894815888615695,0.0,1.4459206713100585,0.732860484295026,0,0,1,1,0,2,0
0.0,0.0,0.06827455457742976,0.06617289834599371,0.04216931160493823,0.06069741571858885,0.04253075586143555,0.15802845472969299,0.006214887320119246,0.9692033811449826,0.04216931160493823,0.0,1.5868374943489254,0.9692033811449826,0,0,1,1,0,2,0
0.0,0.0,0.03652296218010556,0.034702859826332914,0.02282275750223262,0.032187859833751005,0.03547021546636358,0.11774196661836962,0.0015857715378823183,0.9501395181390098,0.02282275750223262,0.0,1.5750103191131735,0.9501395181390098,0,0,1,1,0,2,0
0.0,0.0,0.027023986150683195,0.03536952874620232,0.013655008995480103,0.027854513159641988,0.017704738304808735,0.0661818965938247,0.0023383685641317304,1.3087713921107105,0.013655008995480103,0.0,1.8140448793696449,1.3087713921107105,1,0,1,1,1,4,1
0.0,0.0,0.09922395147964438,0.09181002633826137,0.056877803791819476,0.08493045198699666,0.035776671358251834,0.14323891658320345,0.022307079664636752,0.925271566971699,0.056877803791819476,0.0,1.4984923440409401,0.925271566971699,0,0,1,1,0,2,0
0.0,0.0,0.07771578317872438,0.03655597964140199,0.012920386015930763,0.04093703211936477,0.07763123831257292,0.27448938303246384,0.0007090274417181851,0.47037432773477805,0.012920386015930763,0.0,0.636623952171985,0.47037432773477805,0,0,1,0,0,1,0
0.0,0.0,0.10863992667171656,0.08557750705386694,0.07566068711522854,0.08886390697366975,0.0798735226034237,0.26857711771901144,0.009758527991566334,0.7877096567158247,0.07566068711522854,0.0,1.484138612479932,0.7877096567158247,0,0,1,1,0,2,0
0.0,0.0,0.09165871729357973,0.07946079338897315,0.03537979331477486,0.07149002434657521,0.08820021249541488,0.34026563937386367,0.0007646337653743048,0.8669107404560907,0.03537979331477486,0.0,1.2529013845408397,0.8669107404560907,0,0,1,0,0,1,0
0.0,0.0,0.15421838818036016,0.12653034452989653,0.0992024048890798,0.12662037053230824,0.07109690667600407,0.2809310060073004,0.0368426098270576,0.8204567922544137,0.0992024048890798,0.0,1.4637118723035072,0.8204567922544137,0,0,1,1,0,2,0
0.0,0.0,0.09214475216907507,0.07046779595496754,0.02584223391720006,0.06473064449905255,0.053643355334066924,0.2030938435165419,0.012462552760921246,0.7647427504381168,0.02584223391720006,0.0,1.0451922916148282,0.7647427504381168,0,0,1,0,0,1,0
0.0,0.0,0.23503032863464612,0.15272750371371274,0.07829040589904476,0.15469393549027907,0.11237742212265008,0.36873845721377935,0.020269652402737016,0.6498176417626695,0.07829040589904476,0.0,0.9829238976556719,0.6498176417626695,0,0,1,0,0,1,0
0.0,0.0,0.09058298139679438,0.06611280818322682,0.03001933594222536,0.06320698342636835,0.04199855894803274,0.1741848278005299,0.015258293559499102,0.729850986496454,0.03001933594222536,0.0,1.061248828359118,0.729850986496454,0,0,1,0,0,1,0
0.0,0.0,0.10603785968214101,0.07943371529301983,0.04515486995955916,0.07751504005693495,0.06365987246052071,0.2691128196115034,0.004364031735364202,0.7491000519161374,0.04515486995955916,0.0,1.174933280365727,0.7491000519161374,0,0,1,0,0,1,0
0.0,0.0,0.204122476509773,0.0938813164968551,0.07768688741192337,0.11739299922885163,0.07783987991237527,0.2764913707192176,0.025660322192839057,0.45992415033339035,0.07768688741192337,0.0,0.8405118648886237,0.45992415033339035,0,0,1,0,0,1,0
0.0,0.0,0.12223779087386724,0.08915811539125516,0.04892354603595585,0.08736939192308335,0.06471715870497745,0.2966013438851348,0.015625807919530076,0.7293766140345207,0.04892354603595585,0.0,1.1296059167477477,0.7293766140345207,0,0,1,0,0,1,0
0.0,0.0,0.21741132575920138,0.15471789582662535,0.09644489118496954,0.1558230021493554,0.10409412618267429,0.3953796231780321,0.040269734866157855,0.7116335069152689,0.09644489118496954,0.0,1.1552371105664652,0.7116335069152689,0,0,1,0,0,1,0
0.0,0.0,0.08796785359869622,0.12283227696745705,0.07212320636889574,0.10143890347562654,0.05891846481473291,0.2502386269133669,0.004247642118740713,1.3963155360396506,0.07212320636889574,0.0,2.216187609147634,1.3963155360396506,1,0,1,1,1,4,1
0.0,0.0,0.18690039535003516,0.08103795614254802,0.09287870251098493,0.11046375253652904,0.07025133419369972,0.33796997535172374,0.04027007944953628,0.4335866834529375,0.09287870251098493,0.0,0.9305262720367391,0.4335866834529375,0,0,1,0,0,1,0
0.0,0.0,0.262586449989428,0.11652314574147679,0.052462615909698494,0.13702383934552004,0.17975523212594058,0.6519226767690816,0.0013522939832759906,0.4437498659824304,0.052462615909698494,0.0,0.6435408914553183,0.4437498659824304,0,0,1,0,0,1,0
0.0,0.0,0.009581067477527494,0.06483080838229172,0.03476402626052799,0.04350167762565973,0.09121841377270383,0.3559010229199848,0.00033217304314231595,6.765847614237457,0.03476402626052799,0.0,10.393877404474159,6.765847614237457,1,0,1,1,1,4,1
0.0,0.0,0.13398426589601184,0.04558089610858889,0.027043245741223715,0.06304732596360334,0.09346498792812936,0.39394399000105046,0.0031365266154275216,0.3401933474085499,0.027043245741223715,0.0,0.5420308073738301,0.3401933474085499,0,0,1,0,0,1,0
0.0,0.0,0.11218072364706509,0.06385324261048625,0.032656057693683446,0.06813581664043025,0.07938893803036934,0.34407737020211066,0.005546316347723904,0.5691947006570779,0.032656057693683446,0.0,0.8602943257298987,0.5691947006570779,0,0,1,0,0,1,0
0.0,0.0,0.09414147051388203,0.09472046109599841,0.05985804440917523,0.0858601092787635,0.05563864566573978,0.20467751252117264,0.01287601272231142,1.006139530638631,0.05985804440917523,0.0,1.6419635544021531,1.006139530638631,0,0,1,1,1,3,1
0.0,0.0,0.02002747706292204,0.015762643745686807,0.012010194622649045,0.015890739794236174,0.014065955222410664,0.05879065110902779,0.001283254324544569,0.7870115983440193,0.012010194622649045,0.0,1.3866675075236077,0.7870115983440193,0,0,1,1,0,2,0
0.0,0.0,0.08360296140511923,0.10279019714796057,0.08180228501377769,0.09274641017870452,0.04285144820862295,0.1600453654454675,0.0032328884411863238,1.22948955313099,0.08180228501377769,0.0,2.2079394212824384,1.22948955313099,1,0,1,1,1,4,1
0.0,0.0,0.14217529851334906,0.17192785356313897,0.1282096447217217,0.15356016259033717,0.09443786468503935,0.31553959739573334,0.009362602688349155,1.2092581911393374,0.1282096447217217,0.0,2.1110234365588054,1.2092581911393374,1,0,1,1,1,4,1
0.0,0.0,0.13274270598872032,0.09376424120900416,0.059823982402982145,0.0950237927024277,0.08585556128600355,0.32520022217983263,0.02940338996730326,0.7063554577643901,0.059823982402982145,0.0,1.1570282934924028,0.7063554577643901,0,0,1,0,0,1,0
0.0,0.0,0.10787248270448371,0.08777279202448815,0.08647698410204677,0.09247376271387668,0.04495616226382348,0.22483654965472885,0.021563242849299672,0.8136642094418994,0.08647698410204677,0.0,1.6153161255012702,0.8136642094418994,0,0,1,1,0,2,0
0.0,0.0,0.14738188117833198,0.13583959048116098,0.08350913484353367,0.1256425492460469,0.06539550457813911,0.23290110760675528,0.020586937529591422,0.9216782125245352,0.08350913484353367,0.0,1.4882917444074433,0.9216782125245352,0,0,1,1,0,2,0
0.0,0.0,0.15390101858674307,0.08783163180584345,0.03184184411087685,0.09035153157732669,0.1289224316749156,0.5130407682993641,0.004003609376737215,0.5706983742798625,0.03184184411087685,0.0,0.7775952324450462,0.5706983742798625,0,0,1,0,0,1,0
0.0,0.0,0.08950497288695504,0.0581163537969449,0.07781574519908979,0.07088835641998364,0.03167398874942194,0.1487888383515953,0.02197270925848644,0.6493014032744513,0.07781574519908979,0.0,1.5186930504371512,0.6493014032744513,0,0,1,1,0,2,0
0.0,0.0,0.04186023711993421,0.02545003480782615,0.02259344946864579,0.028838439051058075,0.03538502894710503,0.1317522684140238,0.005506573802591894,0.607961841522044,0.02259344946864579,0.0,1.1476842917667562,0.607961841522044,0,0,1,0,0,1,0
0.0,0.0,0.08941647693709111,0.030305963711470766,0.03135311779663526,0.04534538053916698,0.08050157132253435,0.3196854482084705,0.0004867752281991103,0.33892662541565854,0.03135311779663526,0.0,0.6895640944050091,0.33892662541565854,0,0,1,0,0,1,0
0.0,0.0,0.09237207606938874,0.06040399606544594,0.020851511019983695,0.05850789480506608,0.04714331612622709,0.18935811189958704,0.00641953731957874,0.6539134414022514,0.020851511019983695,0.0,0.8796449197425469,0.6539134414022514,0,0,1,0,0,1,0
0.0,0.0,0.03464166408765745,0.012601541064964061,0.015242993420601564,0.018771934909546786,0.024676300004269784,0.10533804278661404,0.0012176204983347773,0.3637578516790156,0.015242993420601564,0.0,0.8037642375052247,0.3637578516790156,0,0,1,0,0,1,0
0.0,0.0,0.1992240324827817,0.10152272295397403,0.05641620570739032,0.11467142102453004,0.10405390999497154,0.3257357949810923,0.004598263527757997,0.5095881862272919,0.05641620570739032,0.0,0.7927664846786483,0.5095881862272919,0,0,1,0,0,1,0
0.0,0.0,0.21990007364911687,0.0447739265633249,0.041939944322919295,0.08784696777467149,0.17396576527372482,0.7398081128481918,0.0021317045030890304,0.2036094040848932,0.041939944322919295,0.0,0.3943312756381007,0.2036094040848932,0,0,1,0,0,1,0
0.0,0.0,0.08993510918922482,0.09250907362462411,0.03129285937100737,0.0765615289523701,0.0444155563092829,0.17464654630847867,0.018856880372238632,1.0286088030557983,0.03129285937100737,0.0,1.3765542462500047,1.0286088030557983,0,0,1,1,1,3,1
0.0,0.0,0.12165695438364951,0.08189864719222395,0.051002242387190685,0.084114122788822,0.07007962267560106,0.2930552962956128,0.020848038128086607,0.6731877714625695,0.051002242387190685,0.0,1.0924143041260617,0.6731877714625695,0,0,1,0,0,1,0
0.0,0.0,0.13235384171667325,0.0958242318183058,0.03993417940662655,0.09098412118997787,0.07074505780725826,0.2693702261588066,0.010669313556621532,0.7239949107674725,0.03993417940662655,0.0,1.0257154892417535,0.7239949107674725,0,0,1,0,0,1,0
0.0,0.0,0.08446890139041098,0.1135072993069488,0.058913638311798265,0.09259928457902672,0.04282945841186683,0.19455606989284424,0.01414716359238016,1.343760291400484,0.058913638311798265,0.0,2.0412115413966885,1.343760291400484,1,0,1,1,1,4,1
0.0,0.0,0.143679273985737,0.07301414786704918,0.03892259775097075,0.08215754186770152,0.09356066555396735,0.4083436110103408,0.023638273107794767,0.5081709955139508,0.03892259775097075,0.0,0.7790682917902272,0.5081709955139508,0,0,1,0,0,1,0
0.0,0.0,0.14359826312202556,0.11226118296157536,0.07917417971091435,0.11182370218902267,0.07422305000841603,0.32817939691754927,0.011285845806126411,0.78176712415425,0.07917417971091435,0.0,1.3331221798110116,0.78176712415425,0,0,1,1,0,2,0
0.0,0.0,0.08265338666425795,0.07046807969588591,0.06958001954673804,0.07329239140069194,0.024364518550019705,0.11529578627741909,0.03216970394568046,0.8525630948315809,0.06958001954673804,0.0,1.6943819305259529,0.8525630948315809,0,0,1,1,0,2,0
0.0,0.0,0.0734727242415773,0.08903499501592854,0.08109371994244464,0.08315910855396975,0.048243869764797234,0.1791130057743349,0.01647389017520073,1.2117936845447863,0.08109371994244464,0.0,2.315504171246307,1.2117936845447863,1,0,1,1,1,4,1
0.0,0.0,0.038641515828788685,0.020226844610484136,0.02692142287781928,0.026504156981894064,0.030697325246396685,0.12774288520702157,0.005894676249459279,0.5234349828593492,0.02692142287781928,0.0,1.2201138170506471,0.5234349828593492,0,0,1,0,0,1,0
0.0,0.0,0.06626819793232826,0.06925430192198759,0.07621668934704476,0.07024837278083704,0.03825115470242727,0.12526003475451916,0.011886910129003846,1.0450451202488917,0.07621668934704476,0.0,2.1951524359413876,1.0450451202488917,0,0,1,1,1,3,1
0.0,0.0,0.1266801144517931,0.12883548184080637,0.09492144397373439,0.11981813052678507,0.048097529333427355,0.20986002573761803,0.02501815754705915,1.0170062238427267,0.09492144397373439,0.0,1.7663005790787278,1.0170062238427267,0,0,1,1,1,3,1
0.0,0.0,0.1671634138127255,0.036507558719189606,0.023099778363750708,0.06581957740371386,0.11797156750535484,0.5088442700473462,0.0029497111082003903,0.21839312498705057,0.023099778363750708,0.0,0.356579105106177,0.21839312498705057,0,0,1,0,0,1,0
0.0,0.0,0.027368721613689858,0.020930256440492137,0.016615259312820877,0.021461123451873752,0.012247364500554211,0.044758676406463645,0.004093630285556503,0.7647230299201577,0.016615259312820877,0.0,1.3717901951378781,0.7647230299201577,0,0,1,1,0,2,0
0.0,0.0,0.11051334785169628,0.07564315417064044,0.08290684154823978,0.08617662443530423,0.03832212460105828,0.16221901988578935,0.02612814784002872,0.6844645572369398,0.08290684154823978,0.0,1.4346553076677877,0.6844645572369398,0,0,1,1,0,2,0
0.0,0.0,0.09028427586932558,0.11056889000162526,0.03663031000632966,0.08701309146972645,0.05531993230953897,0.20339359080278543,0.016968527580107716,1.2246613740390755,0.03663031000632966,0.0,1.6303788030841675,1.2246613740390755,1,0,1,1,1,4,1
0.0,0.0,0.1840252600093838,0.1052327012877744,0.08679759888551485,0.12032206536761186,0.05570157257262905,0.21767264877812645,0.018352375625965204,0.5718352439614238,0.08679759888551485,0.0,1.0434940109280997,0.5718352439614238,0,0,1,0,0,1,0
0.0,0.0,0.039212044653217024,0.01700566766932153,0.024950307387579907,0.02454342184486,0.02479091559771232,0.11213579566080543,0.004548473861702632,0.43367373841312756,0.024950307387579907,0.0,1.0699494371819807,0.43367373841312756,0,0,1,0,0,1,0
0.0,0.0,0.06008779126253149,0.03308725583590209,0.02464230509589114,0.0377261520075567,0.029606225688084117,0.10950842885475212,0.0021765220475302486,0.5506393978095167,0.02464230509589114,0.0,0.9607375971263817,0.5506393978095167,0,0,1,0,0,1,0
0.0,0.0,0.11346904063234045,0.07116847135135183,0.0365390291831854,0.07308625312955738,0.08985311881221661,0.35167232381851554,0.008700375427580613,0.6272005452253966,0.0365390291831854,0.0,0.949215316521524,0.6272005452253966,0,0,1,0,0,1,0
0.0,0.0,0.062189677607679225,0.11616134587083383,0.058205165810698865,0.08817938379001145,0.048910201660849174,0.21375844640649433,0.02166888527356955,1.867825698951548,0.058205165810698865,0.0,2.8037403416231976,1.867825698951548,1,0,1,1,1,4,1
0.0,0.0,0.17735619214957832,0.047660128073147595,0.034747689417508526,0.07685603442834552,0.14764309809923137,0.6181434059930482,0.004081092140112204,0.2687239660005009,0.034747689417508526,0.0,0.4646432236091986,0.2687239660005009,0,0,1,0,0,1,0
0.0,0.0,0.07099199021503876,0.06030490320114621,0.06358582889368221,0.06379690637775334,0.046917554943889016,0.2082531063450385,0.013790072442356477,0.8494486993502008,0.06358582889368221,0.0,1.7451121824783218,0.8494486993502008,0,0,1,1,0,2,0
0.0,0.0,0.05854242108606583,0.046235007259318534,0.025548439894686276,0.044140218874847294,0.03374566826454139,0.12686612804440367,0.003547240425024949,0.7897558154544392,0.025548439894686276,0.0,1.2261573687071439,0.7897558154544392,0,0,1,0,0,1,0
0.0,0.0,0.04938367902704782,0.03598465627551657,0.028121462401972747,0.03736861349501343,0.024621897044077263,0.09701068290143869,0.01011669271280174,0.7286603251143516,0.028121462401972747,0.0,1.2980973034648784,0.7286603251143516,0,0,1,0,0,1,0
0.0,0.0,0.06458137012774307,0.04763259574724557,0.026724887367597334,0.04664286224745789,0.05807709214615727,0.194169257272147,0.001793782577902018,0.7375479663107584,0.026724887367597334,0.0,1.1513588455760417,0.7375479663107584,0,0,1,0,0,1,0
0.0,0.0,0.0743823131884907,0.09797916546244297,0.07129116125890511,0.08540795134307044,0.03860529811523816,0.15934444032273967,0.0037025470766033288,1.3172196997216203,0.07129116125890511,0.0,2.275649194227331,1.3172196997216203,1,0,1,1,1,4,1
0.0,0.0,0.14425960276480895,0.10086356335193598,0.05202728133154589,0.09950350270005671,0.11920894089546277,0.45640239415698736,0.017448784847979938,0.6991760842450931,0.05202728133154589,0.0,1.059823969630454,0.6991760842450931,0,0,1,0,0,1,0
0.0,0.0,0.07448359235580401,0.07240242341562071,0.042451885815875556,0.06543508125073025,0.03602537741824954,0.13595553673523875,0.014972840748094431,0.972045642268712,0.042451885815875556,0.0,1.5419874849129995,0.972045642268712,0,0,1,1,0,2,0
0.0,0.0,0.24998757354225712,0.1509861556396712,0.09993472848246487,0.16297365332601613,0.11889619217124078,0.4306018389712925,0.03740332668697382,0.6039722276112315,0.09993472848246487,0.0,1.0037294127754257,0.6039722276112315,0,0,1,0,0,1,0
0.0,0.0,0.18065635358597038,0.17868334493203253,0.10525072556578222,0.1608184422539544,0.08768714154566397,0.3168865928133343,0.02470950880644381,0.9890731895782008,0.10525072556578222,0.0,1.5716718133076022,0.9890731895782008,0,0,1,1,0,2,0
0.0,0.0,0.07793643913449867,0.027809545543581005,0.0210350117931407,0.038647635503700345,0.06440921055863448,0.2730601286795572,0.007641880185006987,0.356818826130396,0.0210350117931407,0.0,0.6267149380213709,0.356818826130396,0,0,1,0,0,1,0
0.0,0.0,0.2003283847346505,0.10350250279519126,0.04684039647420738,0.11354344669981006,0.08716690482603288,0.36161495909339886,0.01490042757832032,0.5166616117365266,0.04684039647420738,0.0,0.7504785155135266,0.5166616117365266,0,0,1,0,0,1,0
0.0,0.0,0.1275366665430129,0.14047884329176458,0.09457029505107711,0.1257661620444048,0.07600848128704767,0.26201787780281366,0.01608615345495742,1.1014694489834278,0.09457029505107711,0.0,1.8429781939249283,1.1014694489834278,0,0,1,1,1,3,1
0.0,0.0,0.11182964743799384,0.14704434981817105,0.04226548803091668,0.11204595877631315,0.1045692532342423,0.3810799766397591,0.005082587088168087,1.314884185926778,0.04226548803091668,0.0,1.6928260918283011,1.314884185926778,1,0,1,1,1,4,1
0.0,0.0,0.0982659573356685,0.09745253023034908,0.039654792490434604,0.08320645257170031,0.0653174089230683,0.22915742008681153,0.01730562000564342,0.9917120960351156,0.039654792490434604,0.0,1.3952535667960189,0.9917120960351156,0,0,1,1,0,2,0
0.0,0.0,0.1406362310769994,0.08649873793306014,0.07345865385481584,0.09677309019948385,0.054230587952278954,0.21059085394009697,0.021188802070780263,0.615048641605449,0.07345865385481584,0.0,1.1373758610214584,0.615048641605449,0,0,1,0,0,1,0
0.0,0.0,0.09891455159785781,0.06929166477072685,0.03891663520049004,0.06910362908495041,0.03893362638103345,0.15507521104711464,0.006956214074617931,0.7005133535769261,0.03891663520049004,0.0,1.0939462826951505,0.7005133535769261,0,0,1,0,0,1,0
0.0,0.0,0.10242308996467195,0.09328029603695698,0.11324745244217958,0.10055778362019135,0.04358324291201171,0.1776267376175373,0.008304241928211721,0.9107261394182868,0.11324745244217958,0.0,2.0163981788890872,0.9107261394182868,0,0,1,1,0,2,0
0.0,0.0,0.05492026402592637,0.05466918859298393,0.021469533979157133,0.046432043797762855,0.050090538441967154,0.16541237983152104,0.009951747528739343,0.9954102397784683,0.021469533979157133,0.0,1.3863250222390855,0.9954102397784683,0,0,1,1,0,2,0
0.0,0.0,0.07398615919565181,0.06536550094578068,0.045806391006508906,0.0626308880234305,0.03139397895630968,0.11519414711970276,0.017640790497840085,0.8834708840885214,0.045806391006508906,0.0,1.5025835991121972,0.8834708840885214,0,0,1,1,0,2,0
0.0,0.0,0.025982093347960738,0.02538122068963163,0.020517307409595256,0.02431546053420481,0.03559869050558499,0.1308214348288097,0.0001717331207465993,0.9768359890691635,0.020517307409595256,0.0,1.7664766655979856,0.9768359890691635,0,0,1,1,0,2,0
0.0,0.0,0.1252953018273189,0.0676779903420555,0.05922507932778863,0.07996909045980462,0.04756133481432018,0.19724723111561088,0.022872341966618807,0.5401435585491429,0.05922507932778863,0.0,1.0128237451472402,0.5401435585491429,0,0,1,0,0,1,0
0.0,0.0,0.18156062709776316,0.13957155775023725,0.06245891575017991,0.13079066458710437,0.07031565237512963,0.265702544359202,0.055120722001439325,0.7687282824089472,0.06245891575017991,0.0,1.1127377339025077,0.7687282824089472,0,0,1,0,0,1,0
0.0,0.0,0.17401494553747582,0.09332458038438796,0.09616865661440692,0.1142081907301647,0.06382274242781223,0.25878293144637105,0.009483871853989105,0.5362990161398152,0.09616865661440692,0.0,1.0889418002098314,0.5362990161398152,0,0,1,0,0,1,0
0.0,0.0,0.1556309869338634,0.07484947402687632,0.06391416386667406,0.09231102471357253,0.09642381784732748,0.3213140595550986,0.006712919240218471,0.4809388834615597,0.06391416386667406,0.0,0.8916138682500964,0.4809388834615597,0,0,1,0,0,1,0
0.0,0.0,0.11015306796547784,0.05716912525731629,0.04165389107574313,0.0665363023889634,0.04132128699129337,0.15937982129764466,0.00796419053418526,0.518992410477596,0.04165389107574313,0.0,0.8971345149416583,0.518992410477596,0,0,1,0,0,1,0
0.0,0.0,0.10609404882528381,0.11935913793000316,0.08704363229068635,0.10796398924399415,0.05561651430634,0.21554540234578817,0.012683403116095735,1.1250208115419458,0.08704363229068635,0.0,1.9454514843627753,1.1250208115419458,0,0,1,1,1,3,1
0.0,0.0,0.1271365404903325,0.11011220393081506,0.06909397217552166,0.10411373013187109,0.05774574531099265,0.24535780213886887,0.019731142724689656,0.8660872587761596,0.06909397217552166,0.0,1.4095457204472468,0.8660872587761596,0,0,1,1,0,2,0
0.0,0.0,0.07497111354977583,0.018302495596235323,0.01152896918063031,0.030776268480719193,0.0650276661359831,0.2761114190101752,0.0019963466610219928,0.24412404465673557,0.01152896918063031,0.0,0.3979008109069753,0.24412404465673557,0,0,1,0,0,1,0
0.0,0.0,0.10650433140552681,0.034073028865026805,0.008723060054796868,0.04584336229759432,0.1034844126758128,0.3928903596680497,0.00012871809362749765,0.3199185281654236,0.008723060054796868,0.0,0.40182109529216375,0.3199185281654236,0,0,1,0,0,1,0
0.0,0.0,0.17196061279897387,0.04249659561770988,0.02172923810147727,0.06967076053396774,0.13396777680470454,0.5765445979000651,0.00726882459484549,0.2471283847947457,0.02172923810147727,0.0,0.37348936587532633,0.2471283847947457,0,0,1,0,0,1,0
0.0,0.0,0.029003308983159688,0.010102212414776117,0.024740980730166652,0.018487178635719644,0.024384568808254847,0.08192343604165285,0.002012940699921721,0.3483003998006505,0.024740980730166652,0.0,1.2013109212556388,0.3483003998006505,0,0,1,0,0,1,0
0.0,0.0,0.14193649787349547,0.09985820417779225,0.08393387047417282,0.10639669417581321,0.061709463675345216,0.27984872886175494,0.04186292013922812,0.7035364556503089,0.08393387047417282,0.0,1.2948803339887907,0.7035364556503089,0,0,1,0,0,1,0
0.0,0.0,0.12071002198947417,0.07922543372870297,0.07047891594478083,0.08740995134791524,0.06650515926973552,0.23766588913200845,0.004422839246144832,0.6563231130261769,0.07047891594478083,0.0,1.2401879066729946,0.6563231130261769,0,0,1,0,0,1,0
0.0,0.0,0.12196183208899389,0.019432736219045784,0.005992749092901682,0.041705013404996785,0.1074387395875414,0.4522797699236876,0.002770580859835166,0.15933326478402943,0.005992749092901682,0.0,0.20846912847509957,0.15933326478402943,0,0,1,0,0,1,0
0.0,0.0,0.1291603074935739,0.07518397278824246,0.11075625074217173,0.09757112595305763,0.08358704282872918,0.35358082246219896,0.01622735822130264,0.5820936180286271,0.11075625074217173,0.0,1.4395969438422196,0.5820936180286271,0,0,1,1,0,2,0
0.0,0.0,0.1416636788023634,0.09998030185862383,0.05134633201032866,0.09824265363248497,0.11675649929699489,0.3853992227275437,0.013860785568235388,0.7057532103546184,0.05134633201032866,0.0,1.0682029927874153,0.7057532103546184,0,0,1,0,0,1,0
0.0,0.0,0.04650004290053859,0.10926486193950317,0.037583274234624105,0.07565326025354226,0.08183416162173257,0.37400316954848734,0.01874046501606457,2.3497292775392276,0.037583274234624105,0.0,3.157953607367942,2.3497292775392276,1,0,1,1,1,4,1
0.0,0.0,0.10879674084311004,0.08663625415392838,0.04830843243349578,0.08259442039611564,0.03476649719616262,0.1362619207065473,0.011974798685318488,0.7963056354162789,0.04830843243349578,0.0,1.240326182710162,0.7963056354162789,0,0,1,0,0,1,0
0.0,0.0,0.09663677756395582,0.048713901969714396,0.025059882674827647,0.05478111604455307,0.028681334739112017,0.11253129303804205,0.01754491480567625,0.5040875649015735,0.025059882674827647,0.0,0.7634052283095794,0.5040875649015735,0,0,1,0,0,1,0
0.0,0.0,0.08811560019310795,0.055983536638174944,0.04891307845030539,0.0622489379799408,0.06898612878431049,0.2710767832984329,0.004463698260024639,0.6353347327914008,0.04891307845030539,0.0,1.1904296677198043,0.6353347327914008,0,0,1,0,0,1,0
0.0,0.0,0.06636844809952609,0.0806891171448605,0.02521927647716152,0.06324148971660214,0.11040880268735104,0.312928149822119,0.0005621419339829259,1.215756940209311,0.02521927647716152,0.0,1.595740158381372,1.215756940209311,1,0,1,1,1,4,1
0.0,0.0,0.1804453289155454,0.07669751367871433,0.09620081406071,0.10751029258342101,0.16464358296628986,0.627479536071752,0.015883811155704444,0.4250433585413156,0.09620081406071,0.0,0.9581703810685237,0.4250433585413156,0,0,1,0,0,1,0
0.0,0.0,0.10105586723985752,0.03274096343977392,0.02642862135304829,0.04824160386811341,0.07725726021673596,0.3320569611357192,0.003941054767696197,0.3239855373911755,0.02642862135304829,0.0,0.5855078077216045,0.3239855373911755,0,0,1,0,0,1,0
0.0,0.0,0.06120114976268665,0.03358862425181177,0.02103677994235393,0.03735379455216603,0.048218162598998325,0.1952371030999384,0.0015054485468807592,0.5488144514866351,0.02103677994235393,0.0,0.8925406118245437,0.5488144514866351,0,0,1,0,0,1,0
0.0,0.0,0.08461223017226138,0.07931183932926884,0.04008933308342417,0.07083131047855583,0.04213504598817042,0.18361316675122677,0.016859490351413427,0.9373456038470626,0.04008933308342417,0.0,1.4111406947779677,0.9373456038470626,0,0,1,1,0,2,0
0.0,0.0,0.10849062846561201,0.06701765434365549,0.06492646227434913,0.07686309985681802,0.041127930469879635,0.1802041060559764,0.014891756854034635,0.6177218951497045,0.06492646227434913,0.0,1.2161686434619812,0.6177218951497045,0,0,1,0,0,1,0
0.0,0.0,0.013417386402618305,0.07663154213812119,0.02919908107784,0.04896988793917517,0.0876617590541695,0.29983059948559765,0.0008100608881488174,5.710935714533323,0.02919908107784,0.0,7.886985814874929,5.710935714533323,1,0,1,1,1,4,1
0.0,0.0,0.1345141130960973,0.11323091626517029,0.052745231926598767,0.10343029438825915,0.09646344102662896,0.3306877401921451,0.015858985742285232,0.8417709628231764,0.052745231926598767,0.0,1.2338847611360673,0.8417709628231764,0,0,1,0,0,1,0
0.0,0.0,0.16611958473706873,0.13994783532721286,0.08868510510817292,0.13367509012491685,0.08128068122784025,0.33478975477123774,0.035225008293419326,0.8424472833918722,0.08868510510817292,0.0,1.3763071012376942,0.8424472833918722,0,0,1,1,0,2,0
0.0,0.0,0.05190107697203096,0.04590138381363876,0.03144286744818391,0.04378667801187309,0.013050823359679772,0.06912056440456682,0.014707990562534894,0.8843843347227537,0.03144286744818391,0.0,1.490195687226583,0.8843843347227537,0,0,1,1,0,2,0
0.0,0.0,0.09113483911951153,0.03333954892787161,0.0262532698328478,0.046016801702025635,0.06534719934551075,0.2939104287683509,0.0059559524199643485,0.3658225924068312,0.0262532698328478,0.0,0.6538900539728614,0.3658225924068312,0,0,1,0,0,1,0
0.0,0.0,0.061753565493852344,0.04292939628684906,0.031952297777725215,0.04489116396131892,0.027954273129761592,0.10710303420423016,0.009176098702232863,0.695161498482613,0.031952297777725215,0.0,1.2125693617264417,0.695161498482613,0,0,1,0,0,1,0
0.0,0.0,0.14290572130735804,0.09803661241260504,0.06952921842693018,0.10212704113987457,0.06591806630656041,0.2824482750877979,0.011693283181009135,0.6860182048523235,0.06952921842693018,0.0,1.1725538820468868,0.6860182048523235,0,0,1,0,0,1,0
0.0,0.0,0.12756597415665544,0.08468609713467122,0.11495045445166263,0.10297215571941512,0.038745408396861594,0.17713655915417909,0.04408731898130144,0.6638559681651974,0.11495045445166263,0.0,1.5649548239748572,0.6638559681651974,0,0,1,1,0,2,0
0.0,0.0,0.10491777598990641,0.06994927923783015,0.04372124440073194,0.07213439471657467,0.05268859331075695,0.18750207653744605,0.021129608713281085,0.6666993450682225,0.04372124440073194,0.0,1.0834145038967822,0.6666993450682225,0,0,1,0,0,1,0
0.0,0.0,0.21742505569732126,0.1621030384763828,0.0826892345658881,0.15608009180399376,0.1449762786649519,0.4399852657073216,0.00896848386305999,0.7455547954291476,0.0826892345658881,0.0,1.1258644795683832,0.7455547954291476,0,0,1,0,0,1,0
0.0,0.0,0.022681576631823543,0.020100358222658384,0.010746650466584321,0.018407235885931152,0.0186580894869714,0.07546891140397713,0.004172720970530677,0.8861585061045348,0.010746650466584321,0.0,1.3599428843531165,0.8861585061045348,0,0,1,1,0,2,0
0.0,0.0,0.07077082396730744,0.07628463222913702,0.061793423350980405,0.07128337794414048,0.04585392272529191,0.19592007314736867,0.010835886400095848,1.0778955232858798,0.061793423350980405,0.0,1.9510314676063971,1.0778955232858798,0,0,1,1,1,3,1
0.0,0.0,0.07608061942620858,0.05574654579008523,0.03529214044747593,0.05571646286346374,0.08681632369188838,0.2835457052988116,0.00206949088214968,0.732720283959698,0.03529214044747593,0.0,1.1965923822883318,0.732720283959698,0,0,1,0,0,1,0
0.0,0.0,0.18440270875501258,0.10616592354973853,0.03508098678445984,0.10795388565973736,0.16735741283205685,0.6000889914828502,0.004494662313107149,0.5757255332146494,0.03508098678445984,0.0,0.7659656700389379,0.5757255332146494,0,0,1,0,0,1,0
0.0,0.0,0.09624035345281431,0.09194133073017513,0.04468531142786644,0.08120208158525777,0.06668978857952582,0.2528074261446515,0.007755572845151813,0.9553204254889514,0.04468531142786644,0.0,1.4196251118291634,0.9553204254889514,0,0,1,1,0,2,0
0.0,0.0,0.08091509976666773,0.047013176897833214,0.1247676115935962,0.0749272662889826,0.05332442528197381,0.2371680601535396,0.014428457916647723,0.5810114060539487,0.1247676115935962,0.0,2.1229494375876,0.5810114060539487,0,0,1,1,0,2,0
0.0,0.0,0.03664927553383878,0.02126407837114099,0.033844113051269165,0.028255386331847487,0.01586611686066192,0.06373297437259673,0.004056681373806545,0.5801887724284122,0.033844113051269165,0.0,1.503622841021465,0.5801887724284122,0,0,1,1,0,2,0
0.0,0.0,0.1363034875533008,0.08688078043097089,0.04255606015156725,0.08815527714170247,0.04977448196118212,0.19479788478873183,0.017209924340871624,0.6374022014278645,0.04255606015156725,0.0,0.9496154008276717,0.6374022014278645,0,0,1,0,0,1,0
0.0,0.0,0.14130027490950894,0.07483789763073748,0.06577237524965736,0.08918711135516029,0.0690085776681756,0.3329972457024242,0.02218551541135133,0.5296335626034838,0.06577237524965736,0.0,0.9951097254461673,0.5296335626034838,0,0,1,0,0,1,0
0.0,0.0,0.14985935444644014,0.06300672655915471,0.05033589521691195,0.08155217569541538,0.08613531300200568,0.3744750133876142,0.0054235080546845005,0.4204362574203921,0.05033589521691195,0.0,0.7563215914891963,0.4204362574203921,0,0,1,0,0,1,0
0.0,0.0,0.18376105206406987,0.09860829961251326,0.04440586136503802,0.10634587816353361,0.0968972313147218,0.41882625264856976,0.003790223597992224,0.5366086115436544,0.04440586136503802,0.0,0.778257313581198,0.5366086115436544,0,0,1,0,0,1,0
0.0,0.0,0.1407799894456977,0.10877987300247671,0.09729139968622397,0.11390778378421876,0.06428167356368227,0.22506150311852371,0.02115743276149297,0.7726886522873565,0.09729139968622397,0.0,1.463772015668258,0.7726886522873565,0,0,1,1,0,2,0
0.0,0.0,0.30144706350726563,0.16964647259191407,0.08645848455383726,0.18179962331123278,0.1551014801067852,0.47539415489441167,0.008138986498685613,0.5627718108987793,0.08645848455383726,0.0,0.8495823597804555,0.5627718108987793,0,0,1,0,0,1,0
0.0,0.0,0.1164221296220424,0.12224720559893258,0.07827053700913182,0.10979676945725986,0.08403099611180041,0.3137209914208142,0.03377319432962176,1.0500250765960126,0.07827053700913182,0.0,1.7223187802890016,1.0500250765960126,0,0,1,1,1,3,1
0.0,0.0,0.14280706188082937,0.0715993952445823,0.03197139516125569,0.07949431188281242,0.13663956333176888,0.5319205115350569,0.004184709628162924,0.5013680201355204,0.03197139516125569,0.0,0.7252447028674464,0.5013680201355204,0,0,1,0,0,1,0
0.0,0.0,0.14431412572910796,0.05775506031885333,0.011610265944861503,0.06785862807791902,0.14509737698962408,0.5582410159286196,0.002252114419396108,0.40020101861855145,0.011610265944861503,0.0,0.4806518091105681,0.40020101861855145,0,0,1,0,0,1,0
0.0,0.0,0.08918691207636045,0.06341720815071926,0.06220372129484974,0.06955626241816218,0.04242591904253074,0.1432054084779604,0.0166839632475425,0.711051606370413,0.06220372129484974,0.0,1.4084972561978522,0.711051606370413,0,0,1,1,0,2,0
0.0,0.0,0.07000320547629549,0.11276410105795179,0.07249153769666507,0.09200573632221604,0.057923605621090744,0.2006815988772221,0.020162201921000922,1.6108189542431914,0.07249153769666507,0.0,2.646350137026372,1.6108189542431914,1,0,1,1,1,4,1
0.0,0.0,0.1255113001492581,0.10155990974203065,0.06489330140680519,0.09838110526003115,0.04988223312381851,0.20672773684371623,0.033055728625322765,0.8091630033172567,0.06489330140680519,0.0,1.3261904287539241,0.8091630033172567,0,0,1,1,0,2,0
0.0,0.0,0.11905884731002286,0.11073563444492697,0.10981673822702093,0.11258671360672445,0.038399104386954305,0.19607095785164488,0.04562727183235673,0.9300837935444326,0.10981673822702093,0.0,1.8524496516247508,0.9300837935444326,0,0,1,1,0,2,0
0.0,0.0,0.08161457206820333,0.05435427565298321,0.03458091728163858,0.056226010163952095,0.05702406241535943,0.18699524861000885,0.003578637736459603,0.6659792276841632,0.03458091728163858,0.0,1.089684121313292,0.6659792276841632,0,0,1,0,0,1,0
0.0,0.0,0.08027629629954948,0.0630483391873382,0.04200768649286773,0.0620951652917734,0.06780356989838267,0.21796706120435433,0.0048437286854952095,0.7853819459997438,0.04200768649286773,0.0,1.3086642241686395,0.7853819459997438,0,0,1,1,0,2,0
0.0,0.0,0.10368091329665757,0.0392679148838608,0.006992406426933738,0.047302287372828225,0.09331464548640576,0.378442520745314,0.0004802866177288424,0.3787344738855884,0.006992406426933738,0.0,0.4461754209573006,0.3787344738855884,0,0,1,0,0,1,0
0.0,0.0,0.029589677555301674,0.03996230927058251,0.0397178633758206,0.037308039868071824,0.026742182456713687,0.08341969232077473,0.002531859576227778,1.350503353493593,0.0397178633758206,0.0,2.6927457979794402,1.350503353493593,1,0,1,1,1,4,1
0.0,0.0,0.11605375193300636,0.07955087923714081,0.10478537444457801,0.0949852212129665,0.06934345975655373,0.2595763661517476,0.013203642382006407,0.6854599050201948,0.10478537444457801,0.0,1.5883559321046032,0.6854599050201948,0,0,1,1,0,2,0
0.0,0.0,0.06715157051987784,0.049974848414418835,0.020645606820067972,0.046936718542195874,0.05295675075205089,0.16582717941658032,0.003265215818347216,0.7441985917668746,0.020645606820067972,0.0,1.0516418759216735,0.7441985917668746,0,0,1,0,0,1,0
0.0,0.0,0.08293932254986046,0.038846546621996575,0.028211371513499228,0.04721094682683821,0.05825106822414511,0.22112323540687484,0.0032893520582579164,0.46836744092288235,0.028211371513499228,0.0,0.808508046194096,0.46836744092288235,0,0,1,0,0,1,0
0.0,0.0,0.16648597304024296,0.08050416106195021,0.049927126730921416,0.09435535547376617,0.09880975651673231,0.4076080211421556,0.024107097701332347,0.48354630750894173,0.049927126730921416,0.0,0.7834323936044173,0.48354630750894173,0,0,1,0,0,1,0
0.0,0.0,0.17231966398436688,0.1652709023676052,0.15372926493576283,0.164147683413835,0.09509710753187961,0.3445672474249776,0.007448001752818774,0.9590892847453208,0.15372926493576283,0.0,1.851200894469093,0.9590892847453208,0,0,1,1,0,2,0
0.0,0.0,0.0826982946116723,0.023261132452701627,0.02868592773412518,0.039476621812800185,0.0764656891218462,0.3149347763068637,0.000614075642698048,0.281273650058661,0.02868592773412518,0.0,0.6281439331587106,0.281273650058661,0,0,1,0,0,1,0
0.0,0.0,0.07011154504704646,0.026847959036379408,0.032923918366522566,0.039182845371581954,0.030377024143469992,0.11818352739064723,0.010576529623095007,0.38292660776133663,0.032923918366522566,0.0,0.8525133036148416,0.38292660776133663,0,0,1,0,0,1,0
0.0,0.0,0.12859248475638435,0.03570154784876678,0.03969741837939661,0.05992324970832863,0.10166152681668168,0.42974754516937913,0.00703269496478525,0.27763107840496004,0.03969741837939661,0.0,0.5863358191980252,0.27763107840496004,0,0,1,0,0,1,0
0.0,0.0,0.20963918325164865,0.09243285645225656,0.05552982159699288,0.11250867943828867,0.11848379734898008,0.5386218706448669,0.014750926068984154,0.4409119235566669,0.05552982159699288,0.0,0.7057934970016577,0.4409119235566669,0,0,1,0,0,1,0
0.0,0.0,0.03131549010694394,0.05093816503814505,0.02764262972675402,0.04020861247749702,0.06309572865305756,0.2270574927245748,0.001057251640008652,1.6265604754617857,0.02764262972675402,0.0,2.5092465501897037,1.6265604754617857,1,0,1,1,1,4,1
0.0,0.0,0.2453496525334089,0.13239700127868495,0.04678774644501963,0.13923285038394959,0.08878343399408428,0.33874471200128936,0.0136702111365078,0.5396235955013681,0.04678774644501963,0.0,0.7303210563065665,0.5396235955013681,0,0,1,0,0,1,0
0.0,0.0,0.07424167825718746,0.03605434008510282,0.023061049665099368,0.04235285202312312,0.0369849407947149,0.17531180421842435,0.012034154333163053,0.4856282253208233,0.023061049665099368,0.0,0.7962453825469208,0.4856282253208233,0,0,1,0,0,1,0
0.0,0.0,0.024816405429087432,0.02415863353568631,0.012750376723389124,0.021471012305962295,0.02610740108294002,0.08430401358416174,0.0008437302073380998,0.9734552471537172,0.012750376723389124,0.0,1.4872227624494518,0.9734552471537172,0,0,1,1,0,2,0
0.0,0.0,0.09271194938176229,0.08232933009729687,0.06147040286925465,0.07971025311140267,0.04384890624294733,0.15928472774793437,0.019295603130034863,0.8880024920606399,0.06147040286925465,0.0,1.5510210162167335,0.8880024920606399,0,0,1,1,0,2,0
0.0,0.0,0.063205973228881,0.024403676476827067,0.011634329084109954,0.03091191381666127,0.05727219568901936,0.21716457224432076,0.0012029110101238354,0.386091521713246,0.011634329084109954,0.0,0.5701586980037555,0.386091521713246,0,0,1,0,0,1,0
0.0,0.0,0.09881379667718711,0.03784022249198129,0.020713430333225185,0.04880191799859371,0.0759020084164885,0.3176526734818576,0.006551027291620425,0.38294085262958677,0.020713430333225185,0.0,0.5925595638929697,0.38294085262958677,0,0,1,0,0,1,0
0.0,0.0,0.19433398079893527,0.13128261740221636,0.07381128316065934,0.13267762469100683,0.08457918174602941,0.3149940269896589,0.006932171629673389,0.6755480503947215,0.07381128316065934,0.0,1.0553627541460069,0.6755480503947215,0,0,1,0,0,1,0
0.0,0.0,0.07462357104084211,0.08920444268005069,0.056705995204976045,0.07743461290147989,0.07707489377468271,0.3556211110918667,0.0077278840438225315,1.1953762874057796,0.056705995204976045,0.0,1.955259988096545,1.1953762874057796,0,0,1,1,1,3,1
0.0,0.0,0.16086308113731795,0.08419121700048536,0.10592444510706382,0.10879249006133812,0.058021119588696095,0.241318612875472,0.016061217134195983,0.5233686501377361,0.10592444510706382,0.0,1.1818403509560427,0.5233686501377361,0,0,1,0,0,1,0
0.0,0.0,0.07704956192474598,0.06264307832855823,0.061124724783163435,0.06586511084125647,0.036891365464823786,0.1426207103893672,0.025583002629154795,0.8130126083926642,0.061124724783163435,0.0,1.6063192794441092,0.8130126083926642,0,0,1,1,0,2,0
0.0,0.0,0.11049478621228849,0.024715938229455784,0.027481803941123425,0.046852116653080866,0.08719444683827768,0.37488567393534267,0.0028352053985131382,0.223682178992515,0.027481803941123425,0.0,0.4723957714577009,0.223682178992515,0,0,1,0,0,1,0
0.0,0.0,0.1409845512913654,0.14935962195210079,0.1463315215978505,0.14650882919835437,0.08210402752772514,0.3061500434920405,0.04018478713709652,1.0593966586223382,0.1463315215978505,0.0,2.0973152272807463,1.0593966586223382,0,0,1,1,1,3,1
0.0,0.0,0.11172699300509827,0.08810059156831082,0.0414356343072988,0.08234095261225467,0.06648974745409021,0.2861647498387298,0.026350666084694472,0.7885274692465898,0.0414356343072988,0.0,1.15938917715723,0.7885274692465898,0,0,1,0,0,1,0
0.0,0.0,0.12093627909789757,0.10220610366719282,0.08101480754920559,0.1015908234953722,0.07441894641550974,0.25578013098522207,0.006572561130927104,0.8451166127564186,0.08101480754920559,0.0,1.5150077179103958,0.8451166127564186,0,0,1,1,0,2,0
0.0,0.0,0.12079637007354445,0.16451456200118356,0.1251135668027159,0.14373476521965686,0.08554015588256628,0.281508921010404,0.011615480956577127,1.3619051631755144,0.1251135668027159,0.0,2.39763604644345,1.3619051631755144,1,0,1,1,1,4,1
0.0,0.0,0.17304262559335643,0.16173721490712625,0.10944153872525939,0.15148964853321711,0.10630055390772311,0.3536377060579245,0.008386564073834422,0.9346615014135241,0.10944153872525939,0.0,1.5671120661193363,0.9346615014135241,0,0,1,1,0,2,0
0.0,0.0,0.15006112275855996,0.09703450700944427,0.10973695028506077,0.1134667717656273,0.08168119378227603,0.31708111474290884,0.029985450400690433,0.6466289109182227,0.10973695028506077,0.0,1.3779057199343143,0.6466289109182227,0,0,1,1,0,2,0
0.0,0.0,0.05249520272380079,0.1377480576548375,0.05840549945239952,0.09659920437146882,0.08263672408850055,0.3385415083116145,0.0019486723500268977,2.623962315514016,0.05840549945239952,0.0,3.73652849024649,2.623962315514016,1,0,1,1,1,4,1
0.0,0.0,0.1232497114853312,0.026241196632998034,0.005857326539203067,0.045397357822632586,0.10821263773573105,0.4521880834424376,0.0011739320118125608,0.21290908844871986,0.005857326539203067,0.0,0.26043276168853063,0.21290908844871986,0,0,1,0,0,1,0
0.0,0.0,0.09668375294919365,0.09068616743030285,0.08186124648449081,0.08997933357357252,0.07702450496094324,0.2633651754684768,0.01861547790295798,0.9379572752071573,0.08186124648449081,0.0,1.7846393423114466,0.9379572752071573,0,0,1,1,0,2,0
0.0,0.0,0.08259286055208882,0.08226963688031722,0.07329324886947411,0.08010634579554936,0.051688613672006556,0.215061771771025,0.007473629059590529,0.9960744821757407,0.07329324886947411,0.0,1.8834679080254846,0.9960744821757407,0,0,1,1,0,2,0
0.0,0.0,0.14430509532483182,0.05054677260729054,0.04191106709917679,0.07182742690964743,0.07644591392881206,0.35011682789011006,0.012624693707266564,0.35027468862981964,0.04191106709917679,0.0,0.6407064060485145,0.35027468862981964,0,0,1,0,0,1,0
0.0,0.0,0.12039716502293593,0.057274933829865635,0.033180982297038544,0.06703200374492643,0.0658710088984121,0.2664375177989252,0.007286184610663711,0.4757126806621573,0.033180982297038544,0.0,0.7513064348586398,0.4757126806621573,0,0,1,0,0,1,0
0.0,0.0,0.12586877814879646,0.1382427353891233,0.0882185896591009,0.122643209646536,0.09094725758014306,0.41312808194350725,0.026987585866567767,1.0982996667055391,0.0882185896591009,0.0,1.7991715595185511,1.0982996667055391,0,0,1,1,1,3,1
0.0,0.0,0.12759233810666765,0.1380710712899436,0.11549296386127378,0.12980686113695716,0.06940217769096318,0.28443086929064254,0.03147699934486711,1.0821181837449585,0.11549296386127378,0.0,1.987282713296823,1.0821181837449585,0,0,1,1,1,3,1
0.0,0.0,0.2473862695852584,0.07268555033305611,0.04872880988077645,0.11037154503303677,0.09230882754580108,0.32128151728114374,0.017821849273024187,0.29381281605521786,0.04872880988077645,0.0,0.49078661330222123,0.29381281605521786,0,0,1,0,0,1,0
0.0,0.0,0.1368755256145579,0.15419266888753397,0.1391424076557209,0.14610081776133668,0.08319509463025626,0.27070041362695674,0.006680837157046383,1.1265092257071023,0.1391424076557209,0.0,2.143063430535063,1.1265092257071023,0,0,1,1,1,3,1
0.0,0.0,0.11340178081410489,0.08719618560031127,0.06427110749718967,0.08801631487797928,0.04676073917235185,0.17514987556300451,0.01619696943413972,0.7689069436775744,0.06427110749718967,0.0,1.3356576620973095,0.7689069436775744,0,0,1,1,0,2,0
0.0,0.0,0.06742783008178374,0.037257087156178585,0.0339237318789513,0.043966434068273046,0.06631908239122532,0.20443300011544777,0.0013827265209093084,0.5525394272893337,0.0339237318789513,0.0,1.05564369052222,0.5525394272893337,0,0,1,0,0,1,0
0.0,0.0,0.09454686786376647,0.06021326556431211,0.06352412788874834,0.06962438172028476,0.03114265005492367,0.11977423094484664,0.01459989022317238,0.6368548220576808,0.06352412788874834,0.0,1.3087274863918985,0.6368548220576808,0,0,1,1,0,2,0
0.0,0.0,0.3062220416109931,0.16117834394792283,0.11380533841885254,0.1855960169814228,0.14074255300018737,0.39381149427638606,0.010660888137429,0.5263429658982811,0.11380533841885254,0.0,0.8979849488795091,0.5263429658982811,0,0,1,0,0,1,0
0.0,0.0,0.1664190734563675,0.10850405358824625,0.07753184305247963,0.11523975592133491,0.05867269006979745,0.22190192828730937,0.018896932195898494,0.6519889778602589,0.07753184305247963,0.0,1.1178693337706123,0.6519889778602589,0,0,1,0,0,1,0
0.0,0.0,0.029893471567189273,0.014657350402761452,0.010893167189878627,0.017525334890647705,0.015553278043710737,0.05618948503074234,0.001515884810813698,0.4903030438192676,0.010893167189878627,0.0,0.8546903910047063,0.4903030438192676,0,0,1,0,0,1,0
0.0,0.0,0.09457007473849602,0.07981645561475802,0.06982779547238405,0.08100769536009902,0.02637087001365561,0.14374815623154377,0.036396276397457926,0.8439838062056834,0.06982779547238405,0.0,1.5823469438296234,0.8439838062056834,0,0,1,1,0,2,0
0.0,0.0,0.12387281436114919,0.09738627564882135,0.0462816742597831,0.09123175997964375,0.0686333414760188,0.29083086724096807,0.02109099807363926,0.7861732211207731,0.0462816742597831,0.0,1.1597927346432253,0.7861732211207731,0,0,1,0,0,1,0
0.0,0.0,0.1435695638370644,0.13428151254944032,0.09659352791776997,0.12718152921342876,0.052395479503418434,0.222560904648116,0.046799269860428955,0.9352997505939584,0.09659352791776997,0.0,1.6080945445699173,0.9352997505939584,0,0,1,1,0,2,0
0.0,0.0,0.09091598649721584,0.06468636052726755,0.08025000116309415,0.07513467717871128,0.04610522911589531,0.2187032791591917,0.025951142602565407,0.7114881720067618,0.08025000116309415,0.0,1.5941615233232582,0.7114881720067618,0,0,1,1,0,2,0
0.0,0.0,0.1582107783643856,0.09003478950966333,0.08924258886303027,0.10688073656168563,0.054421744707198544,0.20960985321280387,0.011693887786853948,0.5690776656482529,0.08924258886303027,0.0,1.133148114673174,0.5690776656482529,0,0,1,0,0,1,0
0.0,0.0,0.10747117214304695,0.04507627082985423,0.021270424927684654,0.05472353468261002,0.07213194047261594,0.3138779690187153,0.001875981238186864,0.41942272060768515,0.021270424927684654,0.0,0.6173383717343175,0.41942272060768515,0,0,1,0,0,1,0
0.0,0.0,0.07325946846502616,0.026738967692724158,0.01565468845578263,0.035598023076564275,0.05340728832207659,0.21918738654455264,0.0026608124532949175,0.3649849400770496,0.01565468845578263,0.0,0.5786702847627178,0.3649849400770496,0,0,1,0,0,1,0
0.0,0.0,0.06792727752345668,0.03339644862074108,0.03138196514868712,0.04152553497840648,0.029448510727303024,0.11117511270150228,0.0034075410815205755,0.4916428008822802,0.03138196514868712,0.0,0.9536295653464673,0.4916428008822802,0,0,1,0,0,1,0
0.0,0.0,0.1482122308549561,0.1432987705762154,0.08812176420482414,0.13073288405305275,0.06745097928839668,0.24407551490250887,0.03411910247591464,0.9668419597198439,0.08812176420482414,0.0,1.5614026726636263,0.9668419597198439,0,0,1,1,0,2,0
0.0,0.0,0.08149619248246581,0.08266334673397768,0.08406481240534794,0.08272192458894229,0.03010295699311663,0.13091253138095593,0.02975454082613485,1.0143091340448662,0.08406481240534794,0.0,2.0458147582838184,1.0143091340448662,0,0,1,1,1,3,1
0.0,0.0,0.0971924675712244,0.049808414453766894,0.07425501720660432,0.06776607842134064,0.032847124240235934,0.13258594610386484,0.012946293022983956,0.5124666883323898,0.07425501720660432,0.0,1.2764585394533456,0.5124666883323898,0,0,1,0,0,1,0
0.0,0.0,0.06413727899629912,0.04581910812912239,0.02202586304767061,0.04445033957555364,0.06812794247315132,0.21892733217835048,0.004053197169276546,0.7143800682859954,0.02202586304767061,0.0,1.0577921989566912,0.7143800682859954,0,0,1,0,0,1,0
0.0,0.0,0.07417929992657331,0.056917743312103364,0.06128408731789039,0.06232471846716761,0.029530632327461146,0.11814546934829724,0.02103691716941032,0.7672892043904227,0.06128408731789039,0.0,1.5934396429644362,0.7672892043904227,0,0,1,1,0,2,0
0.0,0.0,0.09386700217873059,0.06231435249466747,0.057365811947651,0.06896537977892914,0.06156994604597666,0.2635891211131827,0.004202671863321409,0.6638508442527308,0.057365811947651,0.0,1.2749836117150963,0.6638508442527308,0,0,1,0,0,1,0
0.0,0.0,0.06371555499264621,0.04156244501570558,0.023296628932503744,0.04253426848914028,0.06064397844506439,0.20241027927867167,0.0019415827338197728,0.6523021374978994,0.023296628932503744,0.0,1.0179312732098427,0.6523021374978994,0,0,1,0,0,1,0
0.0,0.0,0.12935801989518722,0.08308207321910988,0.10767827188908888,0.10080010955562396,0.044451734555473486,0.16721753992780275,0.02270799894602323,0.6422596065309314,0.10767827188908888,0.0,1.4746582438763203,0.6422596065309314,0,0,1,1,0,2,0
0.0,0.0,0.12442613360846073,0.18379309218914344,0.13629729340568225,0.15707740284810748,0.11339912405012893,0.3277134339664715,0.004526827733054209,1.477114250397278,0.13629729340568225,0.0,2.572512733453022,1.477114250397278,1,0,1,1,1,4,1
0.0,0.0,0.1290707669747926,0.10107361020789396,0.0420381365812879,0.0933140309929671,0.0684961911159021,0.2869293943729769,0.021648753846503537,0.7830807044551685,0.0420381365812879,0.0,1.1087765368326539,0.7830807044551685,0,0,1,0,0,1,0
0.0,0.0,0.047848143117277725,0.025405872821919757,0.014121403026937767,0.028195322947013754,0.0283977809309704,0.12631327090551764,0.008011074932547185,0.530957738567026,0.014121403026937767,0.0,0.8260811641281978,0.530957738567026,0,0,1,0,0,1,0
0.0,0.0,0.08476319964849524,0.05355472663674669,0.03612146092124757,0.05699852846080905,0.03330625472868535,0.1332747346194618,0.011930566449148172,0.6318083207159428,0.03612146092124757,0.0,1.057948850220592,0.6318083207159428,0,0,1,0,0,1,0
0.0,0.0,0.13849048774289602,0.0656514534275645,0.07770196898000328,0.08687384089450707,0.055815514004917195,0.2695261273377688,0.03960184732282498,0.4740468493590294,0.07770196898000328,0.0,1.0351063790555686,0.4740468493590294,0,0,1,0,0,1,0
0.0,0.0,0.04843204192926617,0.06634828198016274,0.06244338965099122,0.06089299888514571,0.03443770551218624,0.16468947914198903,0.02573785209718286,1.3698970648397595,0.06244338965099122,0.0,2.659169577232981,1.3698970648397595,1,0,1,1,1,4,1
0.0,0.0,0.1743450309361959,0.10646051556389075,0.05846391915077148,0.11143249530368718,0.08767492542611773,0.3933416264295714,0.02194817677175683,0.6106276982172958,0.05846391915077148,0.0,0.9459603630151946,0.6106276982172958,0,0,1,0,0,1,0
0.0,0.0,0.12064065450494992,0.09100001276511306,0.06350635971218897,0.09153675993684125,0.08775149875926373,0.38718080697423113,0.01557417341383364,0.7543001058674915,0.06350635971218897,0.0,1.2807050194339191,0.7543001058674915,0,0,1,0,0,1,0
0.0,0.0,0.12966197487536207,0.13180168316421317,0.04653847479468162,0.10995095399961752,0.09114649997934256,0.31298665226486005,0.004868413001590072,1.0164943638760944,0.04653847479468162,0.0,1.3754131287695923,1.0164943638760944,0,0,1,1,1,3,1
0.0,0.0,0.15327835956104943,0.12283006012097503,0.09846449330968346,0.12435074327817075,0.07381624536979622,0.31261923370782047,0.0247447901348317,0.8013476861641845,0.09846449330968346,0.0,1.4437335468022972,0.8013476861641845,0,0,1,1,0,2,0
0.0,0.0,0.1112981713192675,0.07210364531303994,0.05654563616147029,0.07801277452670442,0.11184983176141554,0.38053162302996274,0.002385629034759067,0.6478363177224999,0.05654563616147029,0.0,1.1558871458752644,0.6478363177224999,0,0,1,0,0,1,0
0.0,0.0,0.06356509660305566,0.06507011834838139,0.06316458946242046,0.06421748069055971,0.032283802526635916,0.12493606432235484,0.016980006182148007,1.023660753541589,0.06316458946242046,0.0,2.0173443811026384,1.023660753541589,0,0,1,1,1,3,1
0.0,0.0,0.10143501974121591,0.04781230177505828,0.021803675270482572,0.054715824640453756,0.0755420728892254,0.2861299382458828,0.0051063413919776755,0.47135427727780793,0.021803675270482572,0.0,0.6863043051486591,0.47135427727780793,0,0,1,0,0,1,0
0.0,0.0,0.09469961855467521,0.09090887108749394,0.05422211383926504,0.08268486864223205,0.03747536678542405,0.15629496846920898,0.025607768216152862,0.9599606895387689,0.05422211383926504,0.0,1.5325241497020203,0.9599606895387689,0,0,1,1,0,2,0
0.0,0.0,0.04274456264608655,0.031933565779515845,0.029533053972479392,0.03403618704439941,0.015784912653564548,0.05539246515480544,0.007198183873343472,0.7470615381510116,0.029533053972479392,0.0,1.4379649242404495,0.7470615381510116,0,0,1,1,0,2,0
0.0,0.0,0.10773548688086737,0.06636189942414573,0.0644717822674556,0.07623276699915361,0.047465797914198436,0.17914456828112524,0.015010878074029366,0.6159649469313703,0.0644717822674556,0.0,1.2143860031028701,0.6159649469313703,0,0,1,0,0,1,0
0.0,0.0,0.22606000988078506,0.12241443809319896,0.1097197744628686,0.14515216513251292,0.09275977484707199,0.3924820069984829,0.03868227340086216,0.5415106221004459,0.1097197744628686,0.0,1.0268653257741582,0.5415106221004459,0,0,1,0,0,1,0
0.0,0.0,0.12574807766180138,0.07271519840191218,0.06349227847123229,0.08366768823421453,0.06283942243255104,0.2514726049690478,0.02592904242246156,0.5782563161017982,0.06349227847123229,0.0,1.0831687946011872,0.5782563161017982,0,0,1,0,0,1,0
0.0,0.0,0.04950099962515059,0.03536247393716087,0.022659176886497934,0.03572128109649256,0.05028007164692521,0.16232403809577922,0.0010266481054869749,0.71436455506727,0.022659176886497934,0.0,1.1721072131029555,0.71436455506727,0,0,1,0,0,1,0
0.0,0.0,0.14622304590468319,0.08826040664779518,0.042870136249052726,0.09140349886233155,0.055403952472329154,0.1951541595069785,0.02237002296773863,0.6035970766759396,0.042870136249052726,0.0,0.8967782424945753,0.6035970766759396,0,0,1,0,0,1,0
0.0,0.0,0.055857151493429326,0.03372786099262404,0.03280143201581858,0.03902857637362399,0.038355042587279446,0.14051860909876457,0.01329904652869962,0.6038126950296859,0.03280143201581858,0.0,1.1910400045420149,0.6038126950296859,0,0,1,0,0,1,0
0.0,0.0,0.1283334786971853,0.07111396142429705,0.02281568600658985,0.0733442718880923,0.06709370924918658,0.29085943494204125,0.007611274699913915,0.5541298187846752,0.02281568600658985,0.0,0.7319127983721415,0.5541298187846752,0,0,1,0,0,1,0
0.0,0.0,0.0282548083872362,0.033913819229954754,0.01227733644932108,0.027089945824116703,0.018950937345772603,0.07730616804245188,0.0038918127558090487,1.2002423984894521,0.01227733644932108,0.0,1.6347490415507433,1.2002423984894521,1,0,1,1,1,4,1
0.0,0.0,0.12677451471905818,0.1337458933079405,0.13268552253644847,0.1317379559678469,0.0639313617825273,0.2506859619840556,0.017569639339682842,1.0549820570977693,0.13268552253644847,0.0,2.1015999535463634,1.0549820570977693,0,0,1,1,1,3,1
0.0,0.0,0.21354383045554653,0.2455748129982692,0.08108619826719993,0.1964449136798212,0.11670615512978413,0.40874678533501474,0.020321915687419343,1.149991842342399,0.08108619826719993,0.0,1.52970694991125,1.149991842342399,0,0,1,1,1,3,1
0.0,0.0,0.06371678404029583,0.022238647513647375,0.012867222804247356,0.030265325467959486,0.05788423106930809,0.22562696271809132,0.0011323534200068882,0.34901790526147936,0.012867222804247356,0.0,0.5509587448253597,0.34901790526147936,0,0,1,0,0,1,0
0.0,0.0,0.11013856939766237,0.10334551586412424,0.0709376947994641,0.09694182398134372,0.04367317963035079,0.1866534732318858,0.024315408520263423,0.9383141447647395,0.0709376947994641,0.0,1.5823850739268224,0.9383141447647395,0,0,1,1,0,2,0
0.0,0.0,0.043086238250576114,0.04317981005227475,0.040865203650006475,0.04257776550128303,0.056381805587859976,0.14339084331562807,0.0024205388478581286,1.0021484737815007,0.040865203650006475,0.0,1.9505778767604693,1.0021484737815007,0,0,1,1,1,3,1
0.0,0.0,0.0947161810263227,0.0575244766601158,0.019650351024990936,0.0573538713428863,0.07466150365501387,0.3010541427735799,0.004177854586748633,0.6073288503395098,0.019650351024990936,0.0,0.8147922779042506,0.6073288503395098,0,0,1,0,0,1,0
0.0,0.0,0.12426340206094914,0.14137604326640457,0.06953754185596642,0.11913825761243117,0.07238055732896899,0.2252777191527536,0.02534478260269501,1.1377034848408358,0.06953754185596642,0.0,1.697296905826032,1.1377034848408358,0,0,1,1,1,3,1
0.0,0.0,0.17133068628812892,0.12743606226327242,0.10525880345587518,0.13286540356763724,0.06899932150618608,0.25349055928567155,0.02678809133450735,0.7437973968747549,0.10525880345587518,0.0,1.3581542956848278,0.7437973968747549,0,0,1,1,0,2,0
0.0,0.0,0.025244109375970592,0.03057791260960131,0.011175403486101632,0.024393834520318708,0.027247565266613795,0.11922121715320524,0.0049976980533246685,1.211241042936685,0.011175403486101632,0.0,1.653917021070449,1.211241042936685,1,0,1,1,1,4,1
0.0,0.0,0.13025276736890778,0.061593249263194046,0.058381741163579026,0.07795525176471874,0.053614675687095305,0.24149912573506893,0.0014948683598608463,0.4728711538050811,0.058381741163579026,0.0,0.9210865286297407,0.4728711538050811,0,0,1,0,0,1,0
0.0,0.0,0.1392009109663924,0.1686978216934414,0.11967423048538262,0.14906769620966448,0.09766105332484816,0.32705867912210346,0.032874251983296944,1.2118930014845144,0.11967423048538262,0.0,2.0716098663936147,1.2118930014845144,1,0,1,1,1,4,1
0.0,0.0,0.07793643913449867,0.027809545543581005,0.0210350117931407,0.038647635503700345,0.06440921055863448,0.2730601286795572,0.007641880185006987,0.356818826130396,0.0210350117931407,0.0,0.6267149380213709,0.356818826130396,0,0,1,0,0,1,0
0.0,0.0,0.10875274917393485,0.0858699407391465,0.06926426457652483,0.08743922380718817,0.03075420090452188,0.15355802059236578,0.03781773091415232,0.7895814295267263,0.06926426457652483,0.0,1.4264722503272793,0.7895814295267263,0,0,1,1,0,2,0
0.0,0.0,0.1324587465700708,0.0884230042701114,0.10338413697693186,0.10317222302180637,0.05448466451746423,0.27590506647826046,0.03800616376624866,0.6675462286449106,0.10338413697693186,0.0,1.4480409800993983,0.6675462286449106,0,0,1,1,0,2,0
0.0,0.0,0.08116845309015217,0.14423539358384965,0.14576974868710244,0.12885224723623848,0.062109674991974624,0.2546150005215253,0.02547837478736575,1.7769664337106261,0.14576974868710244,0.0,3.5728359774563616,1.7769664337106261,1,0,1,1,1,4,1
0.0,0.0,0.07778252933944016,0.05888997005489356,0.04711982116347384,0.06067057265317528,0.040935350909842814,0.17635232589930444,0.0013940252842698652,0.7571007712687239,0.04711982116347384,0.0,1.3628822466482644,0.7571007712687239,0,0,1,1,0,2,0
0.0,0.0,0.12272063931206088,0.07488410663604397,0.06819129532291879,0.08517003697676691,0.04808246747558137,0.1761950858618751,0.016614178024222118,0.6101948039141332,0.06819129532291879,0.0,1.165853086391273,0.6101948039141332,0,0,1,0,0,1,0
0.0,0.0,0.11560257694758337,0.04635867822133666,0.05123451030640938,0.06488861092416652,0.05146128870304918,0.236927298799954,0.02044315484189284,0.40101421984854735,0.05123451030640938,0.0,0.8442056128764636,0.40101421984854735,0,0,1,0,0,1,0
0.0,0.0,0.14246710769634877,0.16090189875167993,0.08712910168458998,0.13785000172107467,0.08325968974283007,0.2642162927563707,0.011959181875092397,1.1293888951948479,0.08712910168458998,0.0,1.740958060346488,1.1293888951948479,0,0,1,1,1,3,1
0.0,0.0,0.16138848791554328,0.10210739713906428,0.11010074136748539,0.11892600589028929,0.06763985082480538,0.2778457599149859,0.01232305339346546,0.6326768766531937,0.11010074136748539,0.0,1.3148820362922293,0.6326768766531937,0,0,1,1,0,2,0
0.0,0.0,0.06808548726800254,0.10701231281637014,0.07854545668669564,0.0901638923968596,0.09779605708248411,0.4066542241877512,0.016791848523071612,1.5717114674332877,0.07854545668669564,0.0,2.7253244652301114,1.5717114674332877,1,0,1,1,1,4,1
0.0,0.0,0.13398426589601184,0.04558089610858889,0.027043245741223715,0.06304732596360334,0.09346498792812936,0.39394399000105046,0.0031365266154275216,0.3401933474085499,0.027043245741223715,0.0,0.5420308073738301,0.3401933474085499,0,0,1,0,0,1,0
0.0,0.0,0.11408321764331023,0.11381660190364506,0.07035936807729994,0.10301894738197508,0.08520276414641818,0.2720849250841525,0.009828551801211782,0.9976542264548645,0.07035936807729994,0.0,1.6143860543162944,0.9976542264548645,0,0,1,1,0,2,0
0.0,0.0,0.09736846505976887,0.08588738638752286,0.04748414447855172,0.0791568455783416,0.03756457944629318,0.13887775153544005,0.017292803172195736,0.8820772131674144,0.04748414447855172,0.0,1.3697469816046164,0.8820772131674144,0,0,1,1,0,2,0
0.0,0.0,0.048067485775624905,0.07715245371894529,0.09654096229173575,0.0747283388763128,0.037126847751096245,0.13497517194569683,0.007040800223299793,1.6050527174722986,0.09654096229173575,0.0,3.613457199826324,1.6050527174722986,1,0,1,1,1,4,1
0.0,0.0,0.03964963900685778,0.02247776707542073,0.02778899292928678,0.0280985415217465,0.01992250721828414,0.08187054240819226,0.007670772648154762,0.5668954558723023,0.02778899292928678,0.0,1.2677414857302456,0.5668954558723023,0,0,1,0,0,1,0
0.0,0.0,0.16506462919800463,0.06864123263484562,0.04900852358294366,0.08783890451265987,0.08297146871384826,0.387716784934426,0.008542214397186838,0.4158420682025024,0.04900852358294366,0.0,0.7127453291724494,0.4158420682025024,0,0,1,0,0,1,0
0.0,0.0,0.09589035637337173,0.12813174686253156,0.10083153659760888,0.11324634667401094,0.06516110000360066,0.23494649467739404,0.01850336049268212,1.3362179002205952,0.10083153659760888,0.0,2.38773641462143,1.3362179002205952,1,0,1,1,1,4,1
0.0,0.0,0.027759615651266122,0.03692866227276701,0.03656525828997843,0.03454554962169464,0.02775392381296132,0.1008464630777944,0.0032639869628327705,1.3302537211952195,0.03656525828997843,0.0,2.6474168111395433,1.3302537211952195,1,0,1,1,1,4,1
0.0,0.0,0.09433953448455284,0.1644720949172755,0.1486754048198953,0.14298978228474982,0.0940491163792755,0.2861324087093989,0.009264949343378376,1.7433873553494215,0.1486754048198953,0.0,3.3193314140958683,1.7433873553494215,1,0,1,1,1,4,1
0.0,0.0,0.19344148274947234,0.11142241838854655,0.05236060381046732,0.11716173083425821,0.09912535769414493,0.42502998906819983,0.03222708973920253,0.57599766506745,0.05236060381046732,0.0,0.8466755589108599,0.57599766506745,0,0,1,0,0,1,0
0.0,0.0,0.05079055018631983,0.07418826347249012,0.07828499641445064,0.06936301838643767,0.04015465488013463,0.16298224764677377,0.010910248822335392,1.460641842990489,0.07828499641445064,0.0,3.001941451434728,1.460641842990489,1,0,1,1,1,4,1
0.0,0.0,0.08234379107061385,0.1954168173052808,0.11442857873611681,0.14690150110432304,0.07563742944834864,0.3024753841760653,0.048661850674793755,2.3731533563270966,0.11442857873611681,0.0,3.762780766250207,2.3731533563270966,1,0,1,1,1,4,1
0.0,0.0,0.15714912529155523,0.06914209767765941,0.07313378225958063,0.09214177572661367,0.07208782606410455,0.34053125701783227,0.010176858548688272,0.43997481738803873,0.07313378225958063,0.0,0.905350089115618,0.43997481738803873,0,0,1,0,0,1,0
0.0,0.0,0.09558503417573724,0.06300259785862858,0.029515782964094954,0.06277650321427233,0.03647668289163292,0.13859646331210115,0.011032482642538949,0.6591192782702625,0.029515782964094954,0.0,0.9679068874499621,0.6591192782702625,0,0,1,0,0,1,0
0.0,0.0,0.028644497602228047,0.054005568821613545,0.01076280542436279,0.036854610167454484,0.07103910073192354,0.2811114589563235,0.0005123486213366876,1.885307407521278,0.01076280542436279,0.0,2.261031564029757,1.885307407521278,1,0,1,1,1,4,1
0.0,0.0,0.16477608203296543,0.1451390551957188,0.0777924675493958,0.13321166499344972,0.06744874862071447,0.22170262092051152,0.017391228484746373,0.880820642076197,0.0777924675493958,0.0,1.3529279678621493,0.880820642076197,0,0,1,1,0,2,0
0.0,0.0,0.11445542110166262,0.07062009300072143,0.05887977691477987,0.07864384600447134,0.07456322179965724,0.2998776400940271,0.003337477452385105,0.6170042040541803,0.05887977691477987,0.0,1.131433856388684,0.6170042040541803,0,0,1,0,0,1,0
0.0,0.0,0.0803637086214225,0.09188436968083656,0.07099983315357418,0.08378307028416744,0.0850321679369437,0.3034721670071022,0.005040419535498497,1.1433422861480182,0.07099983315357418,0.0,2.0268125851325656,1.1433422861480182,0,0,1,1,1,3,1
0.0,0.0,0.07884398533973253,0.07985503902852911,0.07554472643241728,0.07852469745730198,0.03562899605150348,0.14345155033055068,0.013416942764841516,1.0128106268831734,0.07554472643241728,0.0,1.970953064311567,1.0128106268831734,0,0,1,1,1,3,1
0.0,0.0,0.1407468425469045,0.10004744677567848,0.04289625979645779,0.09593449897367982,0.052894793922354015,0.2052933555610112,0.02103289896945956,0.7108275691141587,0.04289625979645779,0.0,1.0156014045082076,0.7108275691141587,0,0,1,0,0,1,0
0.0,0.0,0.13155009142766672,0.060149039652672244,0.11855446469662051,0.09260065885740792,0.09027203256064165,0.3539079196403238,0.01395756450363154,0.45722949919989947,0.11855446469662051,0.0,1.358434220574694,0.45722949919989947,0,0,1,1,0,2,0
0.0,0.0,0.11991329252284089,0.11305054696845875,0.09733133577004757,0.11083643055745146,0.060529433153894,0.2144584709429396,0.015757014157474818,0.9427612387983296,0.09733133577004757,0.0,1.754435424771684,0.9427612387983296,0,0,1,1,0,2,0
0.0,0.0,0.09103769936605814,0.08251633058012056,0.0656512089476491,0.08043039236848709,0.07007677535530904,0.229449713116718,0.017564775028973724,0.9063874061769058,0.0656512089476491,0.0,1.627522587202194,0.9063874061769058,0,0,1,1,0,2,0
0.0,0.0,0.13575772107562942,0.14806905639790527,0.06331258536561225,0.12380210480926306,0.09105133007184638,0.3679977651098113,0.0314173703089391,1.0906780442887196,0.06331258536561225,0.0,1.5570391359665179,1.0906780442887196,0,0,1,1,1,3,1
0.0,0.0,0.1697323983102777,0.11303394768601484,0.03897284179612506,0.1086932838696081,0.0871620456555773,0.2847249678998902,0.012012538283063494,0.6659499474545688,0.03897284179612506,0.0,0.8955620460993009,0.6659499474545688,0,0,1,0,0,1,0
0.0,0.0,0.17550220888212556,0.0843685078125788,0.09008869789349769,0.10858198060019524,0.08277839520584576,0.2837229160587835,0.009491884566968624,0.48072344859086774,0.09008869789349769,0.0,0.994039976917165,0.48072344859086774,0,0,1,0,0,1,0
0.0,0.0,0.1434741080762456,0.07260539042262902,0.06451116486897512,0.08829901344761969,0.0807928675316878,0.33130793732783936,0.009424756665436015,0.5060486895332745,0.06451116486897512,0.0,0.9556818400773576,0.5060486895332745,0,0,1,0,0,1,0
0.0,0.0,0.12783160530542156,0.060743339601356035,0.134069404470042,0.09584692224454391,0.05157059811786751,0.2026727834724512,0.01161000723130379,0.47517876566957384,0.134069404470042,0.0,1.523967563720895,0.47517876566957384,0,0,1,1,0,2,0
0.0,0.0,0.17154626924339025,0.08135969591028414,0.017250326014050157,0.08787899676950217,0.18251875579704718,0.6560681252900241,0.0014926355616367885,0.4742698398471822,0.017250326014050157,0.0,0.574827115344092,0.4742698398471822,0,0,1,0,0,1,0
0.0,0.0,0.0970446784876552,0.08085580730835708,0.07484483737199901,0.08340028261909209,0.04755924509965495,0.16860667889974068,0.022071033719263194,0.8331726725847192,0.07484483737199901,0.0,1.604405751052193,0.8331726725847192,0,0,1,1,0,2,0
0.0,0.0,0.13488046938668677,0.08825287094256053,0.07832512346953367,0.0974278336853354,0.05328243974209501,0.270999628814314,0.02956071815924676,0.6542994478326121,0.07832512346953367,0.0,1.2349954012922102,0.6542994478326121,0,0,1,0,0,1,0
0.0,0.0,0.1702800253762433,0.08903613713792145,0.07953653715748948,0.10697220920239392,0.12148762498385292,0.5263838889477248,0.005989614965447036,0.522877619166271,0.07953653715748948,0.0,0.9899674606900113,0.522877619166271,0,0,1,0,0,1,0
0.0,0.0,0.058688248842839554,0.06814668435848534,0.0531939618665776,0.06204389485659696,0.034662449834052325,0.14802048949498078,0.022661024786104683,1.1611442589931809,0.0531939618665776,0.0,2.0675106364028246,1.1611442589931809,0,0,1,1,1,3,1
0.0,0.0,0.13592722858551398,0.11398874281306237,0.04177542064436131,0.10142003371400002,0.07312901592121868,0.30032314979741315,0.022371381709442823,0.8385950732915699,0.04177542064436131,0.0,1.1459294737989665,0.8385950732915699,0,0,1,0,0,1,0
0.0,0.0,0.08411668057718018,0.04190820096627079,0.03647039960968466,0.05110087052985161,0.03981056825086013,0.16483776421729507,0.013242624306159523,0.4982091835951054,0.03647039960968466,0.0,0.9317732019969455,0.4982091835951054,0,0,1,0,0,1,0
0.0,0.0,0.1017926997835858,0.07607682440782103,0.06763268833714334,0.0803947592340928,0.05809112878520848,0.24032104422402448,0.0017539702992438388,0.7473627991669519,0.06763268833714334,0.0,1.4117721730371517,0.7473627991669519,0,0,1,1,0,2,0
0.0,0.0,0.12040637699923268,0.0719769493495108,0.03421258291213747,0.07464321465259793,0.059354592293615074,0.17624725669712613,0.008090913950998684,0.5977785675870132,0.03421258291213747,0.0,0.8819188234814298,0.5977785675870132,0,0,1,0,0,1,0
0.0,0.0,0.4061901191227462,0.1703169132269008,0.10030860586807706,0.21178313786115624,0.14282302701670133,0.514518400631762,0.06455063396387713,0.41930240521933476,0.10030860586807706,0.0,0.6662516888095674,0.41930240521933476,0,0,1,0,0,1,0
0.0,0.0,0.17349357150219644,0.09217901103885169,0.1472988265048929,0.12628760502119818,0.05621349837564945,0.23275110810313113,0.036063622042678045,0.5313077535551867,0.1472988265048929,0.0,1.3803189083683394,0.5313077535551867,0,0,1,1,0,2,0
0.0,0.0,0.0811765579335487,0.06118937735564057,0.031158438225613684,0.05867843771761087,0.10493156072514838,0.3199708340390744,0.00017723025611884004,0.7537720881641907,0.031158438225613684,0.0,1.1376027800300355,0.7537720881641907,0,0,1,0,0,1,0
0.0,0.0,0.08070411545334072,0.013491178460977204,0.02289606586038777,0.03264563455892072,0.07030291805068088,0.2985826132434312,0.00023897319351245928,0.1671663361757665,0.02289606586038777,0.0,0.45086664106691093,0.1671663361757665,0,0,1,0,0,1,0
0.0,0.0,0.10182207850803567,0.02840995673789343,0.03584717230805311,0.04862229107296892,0.09339802261969422,0.3680713632862275,0.0014115611040158335,0.27901294239155594,0.03584717230805311,0.0,0.631066453572954,0.27901294239155594,0,0,1,0,0,1,0
0.0,0.0,0.05124607399488907,0.024233849192546657,0.016181667664901596,0.02897386001122099,0.04197403053579847,0.1719872499660138,0.0007975877630172157,0.472882592183966,0.016181667664901596,0.0,0.7886404765563578,0.472882592183966,0,0,1,0,0,1,0
0.0,0.0,0.11108182879785318,0.03640790910059031,0.01886551805578998,0.05069079126370593,0.09805851400607016,0.3850089581394522,0.0010515610527410532,0.3277546088319812,0.01886551805578998,0.0,0.49758750073754443,0.3277546088319812,0,0,1,0,0,1,0
0.0,0.0,0.15164662687927394,0.09884873226730792,0.07246885003250686,0.10545323536159919,0.06534680075349168,0.2627033052702744,0.030733701872325915,0.6518317121177306,0.07246885003250686,0.0,1.129708296960031,0.6518317121177306,0,0,1,0,0,1,0
0.0,0.0,0.09463908849949308,0.07838389627784131,0.10612834941875411,0.08938380761848246,0.04263276972403755,0.20006220934992117,0.0400728223471886,0.8282314346975823,0.10612834941875411,0.0,1.9496203841523638,0.8282314346975823,0,0,1,1,0,2,0
0.0,0.0,0.22651242110067588,0.07053950839835053,0.0593442086653557,0.10673391164068316,0.10330101599966761,0.33339840679814053,0.030797349227563657,0.311414255524394,0.0593442086653557,0.0,0.5734040677703519,0.311414255524394,0,0,1,0,0,1,0
0.0,0.0,0.08400637545115604,0.07262302276946571,0.06427073641064081,0.07338078935018207,0.03476811974315268,0.1665746176125771,0.024116190612260315,0.8644838906042307,0.06427073641064081,0.0,1.6295445304049514,0.8644838906042307,0,0,1,1,0,2,0
0.0,0.0,0.190826168076706,0.0767171549675642,0.07067933158228643,0.1037349523985302,0.074785844699335,0.29253580507964744,0.011468169085549032,0.40202428061357875,0.07067933158228643,0.0,0.7724082898437307,0.40202428061357875,0,0,1,0,0,1,0
0.0,0.0,0.11791818587467406,0.1655040548195042,0.08846525493070719,0.13434788761109745,0.10125104740900115,0.4401254035713166,0.010604074876235768,1.4035379704487096,0.08846525493070719,0.0,2.1537573200355453,1.4035379704487096,1,0,1,1,1,4,1
0.0,0.0,0.12910634708130572,0.16080370599603902,0.10901363254339286,0.13993184790419416,0.07272922059576886,0.2884594816889882,0.014893170649686833,1.2455039130714414,0.10901363254339286,0.0,2.0898681960331325,1.2455039130714414,1,0,1,1,1,4,1
0.0,0.0,0.07756215243855534,0.07680591797787173,0.09923438488537281,0.0826020933199179,0.04539292464482223,0.18997272025467005,0.024316461488297553,0.9902371881895403,0.09923438488537281,0.0,2.269638318307159,0.9902371881895403,0,0,1,1,0,2,0
0.0,0.0,0.11466107747294406,0.14605662809048559,0.10417608649849187,0.12773760503810175,0.08118986032503153,0.2681375714007088,0.017951402976550828,1.2738006436779368,0.10417608649849187,0.0,2.1823493879048455,1.2738006436779368,1,0,1,1,1,4,1
0.0,0.0,0.06749501843124092,0.07123486847883084,0.09130204343416301,0.0753166997057664,0.03493978346612375,0.1603446946834702,0.022795564274781428,1.0553936385358602,0.09130204343416301,0.0,2.408096295021792,1.0553936385358602,0,0,1,1,1,3,1
0.0,0.0,0.09436944914439711,0.07152007730623786,0.07455499791152753,0.07799115041710009,0.03854066770941356,0.16148350393679267,0.010049903424416284,0.7578651787150479,0.07455499791152753,0.0,1.5478900073290374,0.7578651787150479,0,0,1,1,0,2,0
0.0,0.0,0.21401021245590326,0.09055792409422751,0.06712516000311765,0.11556280516186901,0.09390232148024459,0.3542233468617118,0.020768556918972572,0.42314569902680615,0.06712516000311765,0.0,0.7367982372878503,0.42314569902680615,0,0,1,0,0,1,0
0.0,0.0,0.0408367110741507,0.04105669298088706,0.017810884703879943,0.03519024543495118,0.041706674642499365,0.1664489141419945,0.005178003975695076,1.0053622473193649,0.017810884703879943,0.0,1.441500420478482,1.0053622473193649,0,0,1,1,1,3,1
0.0,0.0,0.019374126019450745,0.031088166436920753,0.015263324475814067,0.024203445842276582,0.028810497834258285,0.09503982873146384,0.0006608959939917516,1.6045400894792246,0.015263324475814067,0.0,2.3923194546555426,1.6045400894792246,1,0,1,1,1,4,1
0.0,0.0,0.044617425443641216,0.025474097436146384,0.034534809406853245,0.03252510743069681,0.031682767030176286,0.10257732499564189,0.006180792763803818,0.5709322366904998,0.034534809406853245,0.0,1.3449355562490335,0.5709322366904998,0,0,1,1,0,2,0
0.0,0.0,0.044793310309892725,0.03539411655993948,0.019121716792068755,0.033675815055460114,0.05939729778563872,0.22414009920096023,0.002984445238241504,0.7901475949753102,0.019121716792068755,0.0,1.2170258449088909,0.7901475949753102,0,0,1,0,0,1,0
0.0,0.0,0.18558942842030524,0.10356050952026587,0.07025759458458042,0.11574201051135437,0.08610555495120559,0.3881292452917091,0.036779593893336286,0.5580056601072829,0.07025759458458042,0.0,0.9365682572336205,0.5580056601072829,0,0,1,0,0,1,0
0.0,0.0,0.13244787362513777,0.08369329877318255,0.08032536855908512,0.095039959932647,0.0366792194774271,0.17215119016579186,0.027716342632162456,0.6318913591523228,0.08032536855908512,0.0,1.2383545653735042,0.6318913591523228,0,0,1,0,0,1,0
0.0,0.0,0.1697065396358444,0.2090331188610688,0.17806032157274204,0.19145827473268104,0.12057349812441887,0.4342731587687684,0.028045380155875016,1.2317255869103316,0.17806032157274204,0.0,2.280944271918793,1.2317255869103316,1,0,1,1,1,4,1
0.0,0.0,0.11094220206399363,0.06034576266290307,0.05287767286325873,0.07112785006326462,0.04660069441428513,0.19006216656803235,0.0069904463090953405,0.5439338466911633,0.05287767286325873,0.0,1.0205531607141904,0.5439338466911633,0,0,1,0,0,1,0
0.0,0.0,0.07095783167292519,0.08252436855537346,0.04995769124775467,0.0714910650078567,0.03684276650615021,0.1527128294580818,0.011488774533406796,1.1629893927194008,0.04995769124775467,0.0,1.8670270730187,1.1629893927194008,0,0,1,1,1,3,1
0.0,0.0,0.07835129726564519,0.04827832717461989,0.056908047463705064,0.0579539997696475,0.03246793118559763,0.13468511317679918,0.008292262193187162,0.6161699000469294,0.056908047463705064,0.0,1.3424797779917244,0.6161699000469294,0,0,1,1,0,2,0
0.0,0.0,0.12608050849913857,0.07368668698207305,0.032938464192192554,0.07659808666386929,0.05368694520937391,0.1845699297766256,0.014970037068046851,0.5844369079909644,0.032938464192192554,0.0,0.8456842914041919,0.5844369079909644,0,0,1,0,0,1,0
0.0,0.0,0.08540262935469506,0.12009575773280956,0.04567010610281745,0.09281606273078288,0.06712856970728805,0.2398259658053997,0.013505454231979411,1.4062137480601964,0.04567010610281745,0.0,1.9409697818247822,1.4062137480601964,1,0,1,1,1,4,1
0.0,0.0,0.09770992640287432,0.11942284389192002,0.08068125882714694,0.10430921825346534,0.05091980243250903,0.2173837103005773,0.021772876015997835,1.2222056251879627,0.08068125882714694,0.0,2.0479194096882556,1.2222056251879627,1,0,1,1,1,4,1
0.0,0.0,0.13909666605236587,0.05814577483848313,0.0528076703571738,0.07704897152162647,0.06911097881316709,0.3244707517349226,0.017629268317051316,0.4180212112012942,0.0528076703571738,0.0,0.7976657577696987,0.4180212112012942,0,0,1,0,0,1,0
0.0,0.0,0.10503997600343519,0.07128276548071391,0.06492302478190375,0.07813213293669169,0.04059131923765029,0.1558774509451652,0.01658733813840059,0.6786186514335389,0.06492302478190375,0.0,1.29669197150418,0.6786186514335389,0,0,1,0,0,1,0
0.0,0.0,0.11922733801202531,0.18788718650827785,0.08688484514441988,0.14547163904325025,0.1090375445551119,0.3790538471816294,0.010057502955955071,1.575860149030406,0.08688484514441988,0.0,2.3045866128317942,1.575860149030406,1,0,1,1,1,4,1
0.0,0.0,0.06008779126253149,0.03308725583590209,0.02464230509589114,0.0377261520075567,0.029606225688084117,0.10950842885475212,0.0021765220475302486,0.5506393978095167,0.02464230509589114,0.0,0.9607375971263817,0.5506393978095167,0,0,1,0,0,1,0
0.0,0.0,0.14230782193145816,0.07106330380509975,0.04834603048687153,0.0831951150071323,0.10653957444543447,0.4162531468462791,0.004055230596870232,0.4993597926018022,0.04834603048687153,0.0,0.8390859587712964,0.4993597926018022,0,0,1,0,0,1,0
0.0,0.0,0.12273455897875934,0.06286948656493563,0.041669822636485804,0.0725358386862791,0.09149039686303906,0.3069915093475774,0.007447008708106598,0.5122353056282234,0.041669822636485804,0.0,0.8517442709452526,0.5122353056282234,0,0,1,0,0,1,0
0.0,0.0,0.20067411201638707,0.05773546617000562,0.058416749399037335,0.09364044843885891,0.14887976261671884,0.6417128898648068,0.012357201507190234,0.2877061614162246,0.058416749399037335,0.0,0.5788072790987554,0.2877061614162246,0,0,1,0,0,1,0
0.0,0.0,0.03193308154369183,0.0665921739048961,0.01451018272398426,0.04490690301936707,0.08388141646208902,0.3041121737799164,0.0009478123763930189,2.0853010541037627,0.01451018272398426,0.0,2.5396802634801654,2.0853010541037627,1,0,1,1,1,4,1
0.0,0.0,0.05308692428416928,0.07934738033894154,0.04146634413282971,0.06331200727372051,0.06443510736283205,0.28464058550155674,0.008113275305380275,1.4946408511700424,0.04146634413282971,0.0,2.2757289176551527,1.4946408511700424,1,0,1,1,1,4,1
0.0,0.0,0.05193244748254951,0.07306514181678678,0.05015295077841063,0.06205392047363343,0.03816516852597671,0.12990881670923157,0.011743670122704204,1.4068995100188153,0.05015295077841063,0.0,2.372615309942609,1.4068995100188153,1,0,1,1,1,4,1
0.0,0.0,0.12671790557826995,0.07870809199345044,0.060848174350777995,0.0862455659789872,0.043100445405615355,0.145056057257421,0.017279120321280556,0.6211235145558855,0.060848174350777995,0.0,1.1013058052180642,0.6211235145558855,0,0,1,0,0,1,0
0.0,0.0,0.08778706610040315,0.08142593599262661,0.04181619484147702,0.07311378323178336,0.05045955486341708,0.21374159173162252,0.014785383764286692,0.9275285310363235,0.04181619484147702,0.0,1.403859730696786,0.9275285310363235,0,0,1,1,0,2,0
0.0,0.0,0.03265484449312657,0.04474783505006108,0.03958656139115878,0.04043426899610188,0.015392755973033311,0.060686182425902936,0.004608556375530503,1.3702856485453818,0.03958656139115878,0.0,2.58252076313539,1.3702856485453818,1,0,1,1,1,4,1
0.0,0.0,0.08996124826388542,0.10421639181123606,0.07140573798933297,0.09244994246892263,0.07713325273787121,0.2606313868208676,0.012353291112843336,1.1584458350300348,0.07140573798933297,0.0,1.9521758647629421,1.1584458350300348,0,0,1,1,1,3,1
0.0,0.0,0.0984493990839676,0.0829648490470376,0.04446415421811532,0.07721081284903952,0.05419035388321404,0.2088334686828114,0.007824315339553838,0.8427070872133033,0.04446415421811532,0.0,1.2943472494862078,0.8427070872133033,0,0,1,0,0,1,0
0.0,0.0,0.14787032315424936,0.07722928407145613,0.05482537992603226,0.08928856780579847,0.11769915984157384,0.4486492087975756,0.01103634779402522,0.5222735715355422,0.05482537992603226,0.0,0.8930376842556409,0.5222735715355422,0,0,1,0,0,1,0
0.0,0.0,0.17011075819273636,0.19477645755053566,0.0768419526036323,0.15912640647436,0.11175126158029329,0.35159881096139306,0.017092799674459803,1.1449911494645435,0.0768419526036323,0.0,1.5967056777252562,1.1449911494645435,0,0,1,1,1,3,1
0.0,0.0,0.200921874585431,0.13978169952082314,0.09508062584475845,0.14389147486795892,0.06702116422088707,0.31487406673010143,0.08035892761684157,0.6956982862664994,0.09508062584475845,0.0,1.1689178041583304,0.6956982862664994,0,0,1,0,0,1,0
0.0,0.0,0.02432214179333783,0.023525937368044782,0.016924171725077035,0.02207454706362611,0.012637473558871851,0.04188029512651452,0.0019922067494274167,0.967224446904659,0.016924171725077035,0.0,1.6630297778472516,0.967224446904659,0,0,1,1,0,2,0
0.0,0.0,0.2383576793587143,0.11414292436176368,0.15242856918390302,0.1547680243165362,0.11080054615188244,0.4173437610616339,0.022158212965303792,0.4788704345436736,0.15242856918390302,0.0,1.118362856611124,0.4788704345436736,0,0,1,0,0,1,0
0.0,0.0,0.13279318548852037,0.05998191997192646,0.04807625728354079,0.07520832067897852,0.04080152445943222,0.1478573403591322,0.018406384160022028,0.45169086094595384,0.04807625728354079,0.0,0.8137267219791677,0.45169086094595384,0,0,1,0,0,1,0
0.0,0.0,0.08885607653688768,0.07641141219592984,0.033442137444181355,0.06878025959323218,0.03710151416109719,0.12822835997951923,0.010357120524339245,0.8599361488582037,0.033442137444181355,0.0,1.2362948897436115,0.8599361488582037,0,0,1,0,0,1,0
0.0,0.0,0.06932659367232966,0.05426098780493122,0.041849391771237726,0.05492449026335746,0.06984297646427239,0.22494194626731148,0.0023985951914181854,0.7826751936810423,0.041849391771237726,0.0,1.3863221624339883,0.7826751936810423,0,0,1,1,0,2,0
0.0,0.0,0.13310650752303477,0.06008429550426268,0.018768213907824318,0.06801082810984611,0.11352490379074594,0.43765628948177365,0.004936102479369164,0.45139674404815117,0.018768213907824318,0.0,0.5923971598554745,0.45139674404815117,0,0,1,0,0,1,0
0.0,0.0,0.22535351486462946,0.08550144978608588,0.042012904119989036,0.10959232963919754,0.1124935402693535,0.4061373860205257,0.011081502121910489,0.3794086390390121,0.042012904119989036,0.0,0.5658389137784652,0.3794086390390121,0,0,1,0,0,1,0
0.0,0.0,0.10490575548663882,0.060497072587211424,0.05578197133580722,0.07042046799921724,0.08868195265664774,0.32090874111480955,0.008053209582654867,0.5766747079973937,0.05578197133580722,0.0,1.1084037761307777,0.5766747079973937,0,0,1,0,0,1,0
0.0,0.0,0.15604798724332228,0.09456022499729769,0.08812071655089826,0.10832228844720398,0.06673579221419053,0.27704082755551607,0.04681539106022106,0.6059650028349938,0.08812071655089826,0.0,1.170664063736263,0.6059650028349938,0,0,1,0,0,1,0
0.0,0.0,0.05046150475331895,0.06922864313694851,0.07898199522425775,0.06697519656286843,0.035562976446634524,0.13883391555435137,0.00989063144815664,1.3718828162685544,0.07898199522425775,0.0,2.9370448233935185,1.3718828162685544,1,0,1,1,1,4,1
0.0,0.0,0.2668478902666629,0.11284428268921665,0.09157212566587801,0.14602714532774352,0.08974903386922241,0.3270505172889161,0.02084902418238283,0.4228770918869141,0.09157212566587801,0.0,0.7660380680272673,0.4228770918869141,0,0,1,0,0,1,0
0.0,0.0,0.13173756040243473,0.11686277323581405,0.05642293498986614,0.10547151046598226,0.07048963831290499,0.29479579133564165,0.024722792288486905,0.8870809949556292,0.05642293498986614,0.0,1.315375754041393,0.8870809949556292,0,0,1,1,0,2,0
0.0,0.0,0.09804619870177164,0.08608336291735859,0.051298958988907545,0.08037797088134908,0.03926433736362065,0.16364831050669593,0.013890577007612868,0.8779788107888402,0.051298958988907545,0.0,1.401185589443911,0.8779788107888402,0,0,1,1,0,2,0
0.0,0.0,0.1383951134601147,0.13146215459929952,0.06188567162488856,0.11580127357090057,0.08252474414925284,0.23873849230624172,0.006042985059835905,0.9498977342104803,0.06188567162488856,0.0,1.3970610979614704,0.9498977342104803,0,0,1,1,0,2,0
0.0,0.0,0.10216801843977531,0.11485448619464068,0.05891212637527243,0.09769727930108227,0.05964546284673498,0.26437858450714014,0.02230733222272396,1.124161589771394,0.05891212637527243,0.0,1.7007759810508682,1.124161589771394,0,0,1,1,1,3,1
0.0,0.0,0.1589722233703108,0.08340357595491434,0.08901867744402828,0.10369951318104194,0.05991759749977595,0.2616860182567281,0.03475605064294484,0.5246391447988369,0.08901867744402828,0.0,1.08459934159669,0.5246391447988369,0,0,1,0,0,1,0
0.0,0.0,0.10964565618127539,0.052531088117087656,0.07226805446148546,0.07174397171923405,0.04625087606673095,0.17976602643758255,0.01467899367079384,0.4790943011544251,0.07226805446148546,0.0,1.1381937846991574,0.4790943011544251,0,0,1,0,0,1,0
0.0,0.0,0.08036997251197232,0.09162378868171317,0.02637576134405469,0.07249832780486334,0.14750091431699613,0.5556844120792296,0.0012771083246619767,1.1400109494514898,0.02637576134405469,0.0,1.4681861664444866,1.1400109494514898,0,0,1,1,1,3,1
0.0,0.0,0.06711950669794248,0.041546458502994175,0.038416422087091534,0.04715721144775559,0.04171393652766586,0.13978052891812523,0.009244575497716258,0.6189830879847597,0.038416422087091534,0.0,1.1913330891546579,0.6189830879847597,0,0,1,0,0,1,0
0.0,0.0,0.3430908994046509,0.13375040538534824,0.055318327792751074,0.1664775094920246,0.18023641828547918,0.563310751204405,0.011165635897665864,0.3898384240998934,0.055318327792751074,0.0,0.5510731483494079,0.3898384240998934,0,0,1,0,0,1,0
0.0,0.0,0.07495442104177676,0.039230990565319035,0.023500503296212113,0.04422922636715674,0.041631580938982546,0.1795694448183123,0.012828737719139036,0.5233909705270477,0.023500503296212113,0.0,0.8369173702135227,0.5233909705270477,0,0,1,0,0,1,0
0.0,0.0,0.12977228564756405,0.08604105989409724,0.046788950922026694,0.08716083908944629,0.10182728940838844,0.42706556783397487,0.016573160392148022,0.66301056850611,0.046788950922026694,0.0,1.0235543482875304,0.66301056850611,0,0,1,0,0,1,0
0.0,0.0,0.2120457631685472,0.10575688665957055,0.12060247410637978,0.13604050264851703,0.06693387337492995,0.28866292684191297,0.05131549984402656,0.4987432256888957,0.12060247410637978,0.0,1.0674973641829497,0.4987432256888957,0,0,1,0,0,1,0
0.0,0.0,0.06895209157503411,0.1106260177953711,0.0790031362690428,0.09230181585870478,0.04899292030272013,0.17850374011117015,0.014776107938197018,1.6043663201814367,0.0790031362690428,0.0,2.7501182286810333,1.6043663201814367,1,0,1,1,1,4,1
0.0,0.0,0.06896343663028558,0.08022238463154055,0.12032990408436516,0.08743452749443296,0.0664919550343476,0.2498005468718991,0.008665673250919539,1.1632428038469769,0.12032990408436516,0.0,2.9080537522702476,1.1632428038469769,0,0,1,1,1,3,1
0.0,0.0,0.11695405665084913,0.09325747129689392,0.06058316142359808,0.09101304016705875,0.043427304160933586,0.18311528987536485,0.0248928508940456,0.7973787022762033,0.06058316142359808,0.0,1.3153824821765419,0.7973787022762033,0,0,1,1,0,2,0
0.0,0.0,0.11303799919169431,0.09579150442194802,0.06110704222662413,0.09143201256555362,0.04425065811069469,0.1723192163380513,0.021510494527159318,0.8474199621982006,0.06110704222662413,0.0,1.3880036781155478,0.8474199621982006,0,0,1,1,0,2,0
0.0,0.0,0.060401087917838325,0.08851848764123446,0.0879541901871008,0.08134806334685202,0.050700383227460094,0.17306856186960584,0.009330613531129133,1.465487215634687,0.0879541901871008,0.0,2.9216320811356957,1.465487215634687,1,0,1,1,1,4,1
0.0,0.0,0.1881424024230411,0.08222466333026086,0.013192218766161685,0.09144598696243113,0.1680602925180729,0.6372947712632092,0.0036456296859316575,0.43703187181328007,0.013192218766161685,0.0,0.5071497637843146,0.43703187181328007,0,0,1,0,0,1,0
0.0,0.0,0.08528280821581662,0.03441100800691682,0.012247844513788369,0.04158816718585966,0.08139037931095715,0.323077192717169,0.0012631804477175955,0.4034881735092946,0.012247844513788369,0.0,0.547100950307375,0.4034881735092946,0,0,1,0,0,1,0
0.0,0.0,0.09592806337549996,0.05446378550306052,0.021783630801063728,0.056659816295671184,0.106615672919635,0.36898523814242834,0.0008816199567247146,0.5677506230814553,0.021783630801063728,0.0,0.7948312390548956,0.5677506230814553,0,0,1,0,0,1,0
0.0,0.0,0.09321492006761779,0.06831730599071198,0.09070285034428528,0.08013809559833178,0.04234801503184661,0.1546914021560584,0.008289552909958382,0.7328931146220019,0.09070285034428528,0.0,1.705933452350691,0.7328931146220019,0,0,1,1,0,2,0
0.0,0.0,0.0408367110741507,0.04105669298088706,0.017810884703879943,0.03519024543495118,0.041706674642499365,0.1664489141419945,0.005178003975695076,1.0053622473193649,0.017810884703879943,0.0,1.441500420478482,1.0053622473193649,0,0,1,1,1,3,1
0.0,0.0,0.14693711298854908,0.09734019094851933,0.042384647379545504,0.0960005355662833,0.06225111202011512,0.2609071865285003,0.017984667923411937,0.6624570641934476,0.042384647379545504,0.0,0.9509094372196926,0.6624570641934476,0,0,1,0,0,1,0
0.0,0.0,0.09027088689981659,0.09121604477145333,0.07961797474403806,0.08808023779669032,0.048082935219312416,0.22575709680137587,0.004308751437982446,1.0104590465986887,0.07961797474403806,0.0,1.8924387800277438,1.0104590465986887,0,0,1,1,1,3,1
0.0,0.0,0.0988911408952999,0.0702351695693413,0.029196708936900927,0.06713954724272085,0.06775501322069329,0.2719568884753208,0.006234638325915542,0.7102199318720523,0.029196708936900927,0.0,1.0054578413011985,0.7102199318720523,0,0,1,0,0,1,0
0.0,0.0,0.13740407843484698,0.09908377591959905,0.12006400986906732,0.1139089100357781,0.04819691358581199,0.21282540458428453,0.026725967537925343,0.721107087512645,0.12006400986906732,0.0,1.594903101726179,0.721107087512645,0,0,1,1,0,2,0
0.0,0.0,0.05384414956052111,0.04509434887066904,0.03196521889207836,0.043999516548484385,0.02737724794676339,0.08248247281873912,0.0062249834383419165,0.8374820989211609,0.03196521889207836,0.0,1.4311329505387231,0.8374820989211609,0,0,1,1,0,2,0
0.0,0.0,0.04912560743072749,0.02326444489487939,0.01556963543014619,0.027806033162658114,0.03250041830417267,0.14454786317615864,0.006213847970320243,0.473560990908728,0.01556963543014619,0.0,0.7904897642236907,0.473560990908728,0,0,1,0,0,1,0
0.0,0.0,0.1562490709283978,0.19355370269253738,0.1182295013968771,0.16539649442758744,0.11085950564560368,0.3591078613259472,0.003315984965434684,1.238743134915018,0.1182295013968771,0.0,1.9954116003716273,1.238743134915018,1,0,1,1,1,4,1
0.0,0.0,0.15739749803298525,0.029605465914000578,0.009219511060016942,0.05645698523025084,0.13612160582216398,0.5727603961589047,0.0032511148496545974,0.18809242962278014,0.009219511060016942,0.0,0.24666675641263838,0.18809242962278014,0,0,1,0,0,1,0
0.0,0.0,0.04280686188226709,0.028535184849877025,0.02495454346608242,0.031207943762025892,0.03053875374040202,0.10306322311752984,0.0034121155601250243,0.6665874817190428,0.02495454346608242,0.0,1.249530482579819,0.6665874817190428,0,0,1,0,0,1,0
0.0,0.0,0.03603923687045414,0.00980202922230547,0.03542226354986846,0.022766389716233387,0.026325565154160194,0.10209051215714483,0.0007947826982384158,0.27197460598104983,0.03542226354986846,0.0,1.2548278451868027,0.27197460598104983,0,0,1,0,0,1,0
0.0,0.0,0.1597717649459622,0.1980321916077067,0.12890910522919746,0.17118631334764325,0.10252183532597901,0.3307160215635068,0.004558311656141378,1.23946150443528,0.12890910522919746,0.0,2.046289284331288,1.23946150443528,1,0,1,1,1,4,1
0.0,0.0,0.034127168535949326,0.02866362769088213,0.020599450140694718,0.028013468514602072,0.01903648502319612,0.06940693126949415,0.0023686320544173585,0.8398818020571173,0.020599450140694718,0.0,1.4434726486915048,0.8398818020571173,0,0,1,1,0,2,0
0.0,0.0,0.16971863963960102,0.10903061466711056,0.08072183594524002,0.11712542622976553,0.06861541800169944,0.2823438954731912,0.007048080492086307,0.6424160156045384,0.08072183594524002,0.0,1.1180347248868143,0.6424160156045384,0,0,1,0,0,1,0
0.0,0.0,0.06602481592448455,0.03919700258671468,0.03282745577644194,0.04431156921858896,0.02311982545726252,0.10500570947668215,0.011263623619895252,0.5936617675659672,0.03282745577644194,0.0,1.0908529846194233,0.5936617675659672,0,0,1,0,0,1,0
0.0,0.0,0.07753472801892644,0.058719677701579105,0.06183840977639492,0.06420312329961989,0.02396204815790586,0.11288265457536042,0.02441904058290007,0.757324129171079,0.06183840977639492,0.0,1.5548714193867612,0.757324129171079,0,0,1,1,0,2,0
0.0,0.0,0.08247625830846,0.01426790308192779,0.014022262507358548,0.03125858174491853,0.07314291487882114,0.31039743244976703,0.0012035002801516778,0.17299196620438917,0.014022262507358548,0.0,0.34300564991482635,0.17299196620438917,0,0,1,0,0,1,0
0.0,0.0,0.10326505864620672,0.08881358777078689,0.06352506658129144,0.086104325192268,0.06600969449660701,0.2046304833808003,0.007539359112833795,0.8600462623935855,0.06352506658129144,0.0,1.4752054677906912,0.8600462623935855,0,0,1,1,0,2,0
0.0,0.0,0.1265373065869891,0.15279591259432393,0.16429026619177603,0.14910484949185326,0.03815644893815831,0.24866948774637612,0.08940739641271332,1.2075071708762275,0.16429026619177603,0.0,2.505851289926329,1.2075071708762275,1,0,1,1,1,4,1
0.0,0.0,0.02002747706292204,0.015762643745686807,0.012010194622649045,0.015890739794236174,0.014065955222410664,0.05879065110902779,0.001283254324544569,0.7870115983440193,0.012010194622649045,0.0,1.3866675075236077,0.7870115983440193,0,0,1,1,0,2,0
0.0,0.0,0.06448784997204018,0.059580689074559615,0.04985654760220358,0.05837644393084075,0.024585800530336134,0.113056832279946,0.026559218537469776,0.923891325405732,0.04985654760220358,0.0,1.6969947010097226,0.923891325405732,0,0,1,1,0,2,0
0.0,0.0,0.19500649014592947,0.09678533399264296,0.05232956995266642,0.11022668202097047,0.07621476138265862,0.3142256345326241,0.012024337156239347,0.49631598212056277,0.05232956995266642,0.0,0.7646624436513828,0.49631598212056277,0,0,1,0,0,1,0
0.0,0.0,0.032746399586823606,0.02332578726058253,0.025972193911055118,0.02634254200476094,0.017667188676822137,0.06773434683457924,0.002084613886676838,0.712294336493454,0.025972193911055118,0.0,1.505401399611388,0.712294336493454,0,0,1,1,0,2,0
0.0,0.0,0.05600370150871399,0.06847652942259772,0.055795798475966586,0.062188139707469,0.029447399112287723,0.11908553477307109,0.023477239316699657,1.2226925164835167,0.055795798475966586,0.0,2.2189624183467576,1.2226925164835167,1,0,1,1,1,4,1
0.0,0.0,0.08943756086092719,0.0948361910388838,0.06432040544213058,0.08585758709520634,0.04496036079402029,0.2039631249094133,0.013109683859071537,1.0603501456865978,0.06432040544213058,0.0,1.7795075742385378,1.0603501456865978,0,0,1,1,1,3,1
0.0,0.0,0.09665811012635604,0.11028839490364883,0.12868064437198204,0.11147888607640893,0.058740609436951544,0.22708832341104465,0.04122735095145453,1.1410036235537047,0.12868064437198204,0.0,2.4722867711407908,1.1410036235537047,0,0,1,1,1,3,1
0.0,0.0,0.13125054368999045,0.09666396237922456,0.08187241284589991,0.10161272032358488,0.048449308809985686,0.20606081592719452,0.02367643943319896,0.7364786703578892,0.08187241284589991,0.0,1.3602611459322598,0.7364786703578892,0,0,1,1,0,2,0
0.0,0.0,0.10213119572217266,0.07002205096933099,0.05311263936384632,0.07382198425617026,0.0331977905107828,0.1682581728082104,0.02630737939757104,0.6856021303978425,0.05311263936384632,0.0,1.2056402925884129,0.6856021303978425,0,0,1,0,0,1,0
0.0,0.0,0.020384158650207203,0.05832096919527456,0.026370796660746904,0.04084922342537581,0.07186864560501367,0.2410483669070013,0.0012533145162288838,2.8609524309334606,0.026370796660746904,0.0,4.154579677757898,2.8609524309334606,1,0,1,1,1,4,1
0.0,0.0,0.05797889926189855,0.0700323162580383,0.030000945655273774,0.05701111935831222,0.03661750223336575,0.1673088338622635,0.014679558973673092,1.2078723341980688,0.030000945655273774,0.0,1.725309343182127,1.2078723341980688,1,0,1,1,1,4,1
0.0,0.0,0.034120832792768244,0.057579465992025104,0.05298589313206191,0.05056641447722009,0.04056999025459658,0.12561282461558673,0.0028043611594253505,1.687466975813458,0.05298589313206191,0.0,3.240311263336363,1.687466975813458,1,0,1,1,1,4,1
0.0,0.0,0.08956129170791652,0.07990023385515373,0.08504808381186338,0.08360246080752182,0.03297654894487411,0.15813928064894803,0.02596085505136569,0.8921191310705513,0.08504808381186338,0.0,1.8417161343409119,0.8921191310705513,0,0,1,1,0,2,0
0.0,0.0,0.0748023716135961,0.08803179254296006,0.09856767167784992,0.08735840709434155,0.04584340571434229,0.18443775742346044,0.038130501538791606,1.1768425759963952,0.09856767167784992,0.0,2.4945328024077202,1.1768425759963952,0,0,1,1,1,3,1
0.0,0.0,0.15410710083881712,0.09663572527220587,0.09150877802050394,0.10972183235093322,0.06931764252016527,0.3042152673179028,0.042847008201442834,0.6270645394123566,0.09150877802050394,0.0,1.2208605665025465,0.6270645394123566,0,0,1,0,0,1,0
0.0,0.0,0.08921723041338739,0.11700947636701038,0.054234019458272636,0.0943675506514202,0.10702074451489484,0.35609292135568976,0.011814910954356132,1.311497390441997,0.054234019458272636,0.0,1.9193778562053565,1.311497390441997,1,0,1,1,1,4,1
0.0,0.0,0.11127183784580312,0.057370255742418136,0.05851632370441029,0.07113216825876241,0.0439421456729599,0.16733674296107268,0.006576658890478114,0.5155818513581837,0.05851632370441029,0.0,1.0414633228588888,0.5155818513581837,0,0,1,0,0,1,0
0.0,0.0,0.29242663864092555,0.14173254824865278,0.0746608839554819,0.16263815477342827,0.11415899099409493,0.42822102704517273,0.032856365041147174,0.4846756240530582,0.0746608839554819,0.0,0.739989671324625,0.4846756240530582,0,0,1,0,0,1,0
0.0,0.0,0.08931624670265649,0.05794552983054192,0.042823152792339926,0.06200761478902006,0.03480051493261619,0.14702478363715235,0.0037290416698594624,0.6487608157408472,0.042823152792339926,0.0,1.1282108029857663,0.6487608157408472,0,0,1,0,0,1,0
0.0,0.0,0.16841312985337756,0.089492813966257,0.019556517245892007,0.0917388187579459,0.1437900635871073,0.5314125192144612,0.006748045612975623,0.531385424988806,0.019556517245892007,0.0,0.6475070191977839,0.531385424988806,0,0,1,0,0,1,0
0.0,0.0,0.09040977971891982,0.04367829509595322,0.02567827934613506,0.05086116231424034,0.06072166581446098,0.23519575202049176,0.00513600488813257,0.4831093729281585,0.02567827934613506,0.0,0.7671272679841116,0.4831093729281585,0,0,1,0,0,1,0
0.0,0.0,0.09551558125141638,0.06520096017498414,0.020694484508436473,0.06165299652745529,0.06450914630337756,0.245409724898384,0.004548298293241556,0.6826140479563835,0.020694484508436473,0.0,0.8992726033329098,0.6826140479563835,0,0,1,0,0,1,0
0.0,0.0,0.13601406176809344,0.05347271203102809,0.062289364041526796,0.0763122124679191,0.04658942945418728,0.20042727260116633,0.0211503727664105,0.3931381667289128,0.062289364041526796,0.0,0.8510974782331825,0.3931381667289128,0,0,1,0,0,1,0
0.0,0.0,0.07246493367400833,0.058988239415813715,0.03653674779660778,0.05674454007556089,0.04517058389334277,0.17033890929595644,0.011662314765293174,0.8140133773915795,0.03653674779660778,0.0,1.3182054293558887,0.8140133773915795,0,0,1,1,0,2,0
0.0,0.0,0.12617643524578856,0.04612109386334161,0.028079739959366676,0.06162459073295962,0.12355208687642746,0.4796485507169422,0.0036161216782903288,0.3655256882777778,0.028079739959366676,0.0,0.588067380496109,0.3655256882777778,0,0,1,0,0,1,0
0.0,0.0,0.08941980967982506,0.08647680568660171,0.04235480347552538,0.07618205613213846,0.04500952947806445,0.17855840483895488,0.019541164998304526,0.9670769700725762,0.04235480347552538,0.0,1.4407340933661197,0.9670769700725762,0,0,1,1,0,2,0
0.0,0.0,0.08826137662548504,0.06717352851614611,0.0935787623847788,0.079046799010639,0.050471934000027634,0.1846451695480092,0.015012412864661479,0.7610663918690617,0.0935787623847788,0.0,1.821300275915174,0.7610663918690617,0,0,1,1,0,2,0
0.0,0.0,0.1710689613104386,0.10735227506838455,0.0658842948988898,0.11291445158652437,0.06431667646703812,0.2652753788429605,0.03018812712785533,0.6275343388520072,0.0658842948988898,0.0,1.0126650444077907,0.6275343388520072,0,0,1,0,0,1,0
0.0,0.0,0.12565548717372862,0.09954152903639105,0.06770871999991998,0.09811181631160767,0.05326994686999402,0.1969399772305148,0.031005529444938503,0.7921718271398763,0.06770871999991998,0.0,1.3310116556503462,0.7921718271398763,0,0,1,1,0,2,0
0.0,0.0,0.10094684325531356,0.08763915077298683,0.05410628041167342,0.08258285630324017,0.03636534184667746,0.15783613959465853,0.0026625798202183615,0.8681626862629757,0.05410628041167342,0.0,1.4041452161207935,0.8681626862629757,0,0,1,1,0,2,0
0.0,0.0,0.04601087934135774,0.06063177177279426,0.0354021284374207,0.05066913783109175,0.027576828346708788,0.1190489241634298,0.017044063350759947,1.3177416928131307,0.0354021284374207,0.0,2.0871544823837476,1.3177416928131307,1,0,1,1,1,4,1
0.0,0.0,0.04442984466365474,0.030680779396566483,0.01454668108344483,0.030084521135058134,0.018272092987317145,0.06578666291423017,0.005190608874395379,0.6905288348403589,0.01454668108344483,0.0,1.0179293421582916,0.6905288348403589,0,0,1,0,0,1,0
0.0,0.0,0.22186734053298318,0.08750006286637418,0.06800706967835787,0.11621863398602236,0.07055382150484861,0.2635267139642196,0.027747549587740023,0.39437831759221337,0.06800706967835787,0.0,0.7008982542131296,0.39437831759221337,0,0,1,0,0,1,0
0.0,0.0,0.06727570491404948,0.06431139247766537,0.05368624163227841,0.06239618287541466,0.029372466876925078,0.12968782775943827,0.025702484588042623,0.9559236374585751,0.05368624163227841,0.0,1.7539151814984655,0.9559236374585751,0,0,1,1,0,2,0
0.0,0.0,0.06033000823229523,0.09993360736891485,0.10027320374943349,0.0901176066798896,0.08506080980841133,0.29490307196836935,0.014085138350378168,1.6564219676909082,0.10027320374943349,0.0,3.318472821595869,1.6564219676909082,1,0,1,1,1,4,1
0.0,0.0,0.09288493001778433,0.046089307458851786,0.021093514179439915,0.051539264778731955,0.08543134654822099,0.31575214208337166,0.0010002153757390304,0.49619256059585487,0.021093514179439915,0.0,0.7232830809297877,0.49619256059585487,0,0,1,0,0,1,0
0.0,0.0,0.09824083279196692,0.07603987357047465,0.07781887535495473,0.08203486382196774,0.027000573931947332,0.11952872655742638,0.017786562383746526,0.7740070742724611,0.07781887535495473,0.0,1.566122542229385,0.7740070742724611,0,0,1,1,0,2,0
0.0,0.0,0.13976414894775993,0.08218404174752017,0.06026692182246277,0.09109978856631576,0.051202122084015075,0.20232627600636025,0.011624763522069826,0.588015269659521,0.06026692182246277,0.0,1.0192166261936078,0.588015269659521,0,0,1,0,0,1,0
0.0,0.0,0.2110838948346153,0.05790068914458266,0.04086374024163802,0.09193725334135466,0.16875572391756283,0.7320554843592938,0.00517760904692135,0.2743004855461011,0.04086374024163802,0.0,0.4678896112561842,0.2743004855461011,0,0,1,0,0,1,0
0.0,0.0,0.05899275270013636,0.10341011814526554,0.06711714720625189,0.08323253404922983,0.04130152355735921,0.1741301671916912,0.014733087170605456,1.7528994751511462,0.06711714720625189,0.0,2.890598708278534,1.7528994751511462,1,0,1,1,1,4,1
0.0,0.0,0.10035133770807839,0.0760467859605659,0.04331664207397328,0.07394038792579588,0.11463869308266383,0.3436766424203002,0.00101297802123861,0.7577978520219775,0.04331664207397328,0.0,1.1894434226511337,0.7577978520219775,0,0,1,0,0,1,0
0.0,0.0,0.459397501837881,0.10666813963919528,0.1261986171167062,0.19973309955824445,0.16303500820141983,0.553921734656959,0.03898235947576588,0.2321908739633588,0.1261986171167062,0.0,0.506894898055368,0.2321908739633588,0,0,1,0,0,1,0
0.0,0.0,0.08411668057718018,0.04190820096627079,0.03647039960968466,0.05110087052985161,0.03981056825086013,0.16483776421729507,0.013242624306159523,0.4982091835951054,0.03647039960968466,0.0,0.9317732019969455,0.4982091835951054,0,0,1,0,0,1,0
0.0,0.0,0.09297082804613993,0.03231683522126142,0.023378784205806667,0.04524582067361737,0.08544717668426394,0.34850172763128884,0.0010379073206736448,0.3475981477445325,0.023378784205806667,0.0,0.5990590977669875,0.3475981477445325,0,0,1,0,0,1,0
0.0,0.0,0.057123418566961875,0.02706727889332735,0.013771812134736508,0.031257447122088264,0.04152201388930638,0.15343388818224235,0.004546306869218931,0.4738302738538824,0.013771812134736508,0.0,0.7149147781730474,0.4738302738538824,0,0,1,0,0,1,0
0.0,0.0,0.01911406583783927,0.05780124879918341,0.016446319171405405,0.03779072065190287,0.07485642198175178,0.3092267888824715,0.0014259337157774472,3.023858211608292,0.016446319171405405,0.0,3.8842433816582456,3.023858211608292,1,0,1,1,1,4,1
0.0,0.0,0.17163748545025764,0.0825293101595647,0.028835753996654032,0.09138296494151027,0.09789995774820727,0.39670442023976826,0.010031732663220582,0.4808321976453377,0.028835753996654032,0.0,0.6488350433999449,0.4808321976453377,0,0,1,0,0,1,0
0.0,0.0,0.11043134528536282,0.02537789176754129,0.03222960067720146,0.048354182374411706,0.07530670218978427,0.33023299283537244,0.009409443558828808,0.22980487919516263,0.03222960067720146,0.0,0.5216541611597766,0.22980487919516263,0,0,1,0,0,1,0
0.0,0.0,0.1813757072176771,0.10203654039154086,0.044816435720398756,0.10756630593028942,0.08897289378118706,0.2956955312814684,0.02202408855992143,0.5625669467528867,0.044816435720398756,0.0,0.8096573058617487,0.5625669467528867,0,0,1,0,0,1,0
0.0,0.0,0.07251896402976746,0.04252025502021167,0.025333558193415606,0.04572325806590159,0.03772327489038234,0.15287183958390285,0.0011782969923921367,0.5863248222621604,0.025333558193415606,0.0,0.9356570169529476,0.5863248222621604,0,0,1,0,0,1,0
0.0,0.0,0.11459805431046495,0.07741739590411495,0.0327883701979037,0.07555530407914965,0.06458838160490808,0.2739433788087613,0.013392487302386598,0.6755500415769605,0.0327883701979037,0.0,0.9616638354052708,0.6755500415769605,0,0,1,0,0,1,0
0.0,0.0,0.045683361152833474,0.046946192307888886,0.04161380444482435,0.045297387553358916,0.020743583813551028,0.09859539079043024,0.01948708397611206,1.0276206369797765,0.04161380444482435,0.0,1.9385188830033684,1.0276206369797765,0,0,1,1,1,3,1
0.0,0.0,0.1627725245911491,0.2153690530512416,0.10156326015866284,0.1737684727130738,0.1024205694855608,0.311251489453138,0.02097044934266389,1.3231209042883403,0.10156326015866284,0.0,1.9470753244790142,1.3231209042883403,1,0,1,1,1,4,1
0.0,0.0,0.12572079474199177,0.11948609382676856,0.11945798421306866,0.12103774165214938,0.0736658110139919,0.3128797392490807,0.04268273462168783,0.9504007962340959,0.11945798421306866,0.0,1.9005780066232907,0.9504007962340959,0,0,1,1,0,2,0
0.0,0.0,0.1446462376727775,0.14273919438298538,0.040912312657026106,0.11775923477394358,0.07382026150815488,0.2763834217964617,0.018295469014064255,0.9868089890931168,0.040912312657026106,0.0,1.2696509798235474,0.9868089890931168,0,0,1,0,0,1,0
0.0,0.0,0.12127778699197389,0.08076902805011117,0.06682728453033367,0.08741078190563246,0.07747310376610131,0.31471821312776627,0.029442982691676757,0.6659781982768048,0.06682728453033367,0.0,1.2170002375618467,0.6659781982768048,0,0,1,0,0,1,0
0.0,0.0,0.1590513321695303,0.07108036063971081,0.026048150137766853,0.08181505089667972,0.15556943220446948,0.5893755055973809,0.003657965625396968,0.44689920399248123,0.026048150137766853,0.0,0.6106701451818423,0.44689920399248123,0,0,1,0,0,1,0
0.0,0.0,0.08922905432281598,0.09938116016881139,0.08205422122876964,0.0925113989723021,0.06418460357447019,0.3010439126969606,0.027590078254232982,1.113763304561833,0.08205422122876964,0.0,2.0333438410917597,1.113763304561833,0,0,1,1,1,3,1
0.0,0.0,0.1108259808103891,0.07025070159018716,0.039051668570501324,0.07259476314031618,0.04685977298517189,0.16115955563655693,0.023087042788051567,0.6338772479093083,0.039051668570501324,0.0,0.9862433259613106,0.6338772479093083,0,0,1,0,0,1,0
0.0,0.0,0.1256505894209234,0.0880304244117727,0.06437618233088022,0.09152190514383726,0.07291639982444784,0.30010500250786615,0.0121562920889506,0.7005914116762773,0.06437618233088022,0.0,1.21293019407898,0.7005914116762773,0,0,1,0,0,1,0
0.0,0.0,0.07327331092335539,0.07245043102122624,0.05637512767322179,0.06863732515975741,0.03897760088784187,0.15898107768798675,0.020731380468393387,0.9887562244974105,0.05637512767322179,0.0,1.7581271945252275,0.9887562244974105,0,0,1,1,0,2,0
0.0,0.0,0.07723076821258346,0.04291715241954349,0.03826921672162177,0.05033357244332305,0.040670197282371444,0.13052791125200158,0.004269775512673637,0.5556929928292248,0.03826921672162177,0.0,1.0512043297739424,0.5556929928292248,0,0,1,0,0,1,0
0.0,0.0,0.2171391208571635,0.10312680406825538,0.058676512247999954,0.12051731031041853,0.1061772940672527,0.47914694095667354,0.02214757150114263,0.4749320561357383,0.058676512247999954,0.0,0.7451562414054786,0.4749320561357383,0,0,1,0,0,1,0
0.0,0.0,0.07471468077475035,0.09039747779551012,0.08070582442566823,0.08405386519785969,0.05156852482742794,0.19603201373511553,0.013279737402847424,1.2098862897071978,0.08070582442566823,0.0,2.2900587995311628,1.2098862897071978,1,0,1,1,1,4,1
0.0,0.0,0.09144447516131451,0.0790780095865567,0.06374841996520747,0.07833722857490884,0.04208450629920305,0.18245146858495143,0.011818294385304327,0.864755849833565,0.06374841996520747,0.0,1.5618753065672304,0.864755849833565,0,0,1,1,0,2,0
0.0,0.0,0.05728247988521984,0.09137110984508527,0.060179218857810864,0.0750509796083003,0.03882802740819482,0.15945803026241584,0.01245575338566463,1.5950691198957807,0.060179218857810864,0.0,2.645620150985255,1.5950691198957807,1,0,1,1,1,4,1
0.0,0.0,0.0843805550485824,0.044570225381922866,0.029026977416181238,0.05063699580715234,0.08243774908514666,0.308847305622079,0.00382600673719188,0.5281986727580655,0.029026977416181238,0.0,0.8721953838813561,0.5281986727580655,0,0,1,0,0,1,0
0.0,0.0,0.09701638567973109,0.040625717648605904,0.019483540624359207,0.04943784040032552,0.07537520382102124,0.3049684112625618,0.003917842705120557,0.41874677784781256,0.019483540624359207,0.0,0.6195720267230738,0.41874677784781256,0,0,1,0,0,1,0
0.0,0.0,0.1145449045183266,0.05984163055867407,0.04245217514737927,0.06917008519576351,0.0882015567756289,0.3363932044856108,0.0035062603900308754,0.5224248811890067,0.04245217514737927,0.0,0.8930376527751543,0.5224248811890067,0,0,1,0,0,1,0
0.0,0.0,0.1752211836930708,0.09507198989904886,0.06392466643654585,0.10732245748192859,0.10305216600097344,0.32459461485293234,0.0014720579892096048,0.5425796431437152,0.06392466643654585,0.0,0.9074002673891015,0.5425796431437152,0,0,1,0,0,1,0
0.0,0.0,0.05322028973665473,0.08952365679925586,0.04901827094971509,0.07032146857122037,0.07217486591052662,0.32523736208520754,0.010863692335487356,1.6821023549453529,0.04901827094971509,0.0,2.6031298458660603,1.6821023549453529,1,0,1,1,1,4,1
0.0,0.0,0.17800338295894988,0.11888850115112194,0.04508878890406085,0.11521729354131366,0.08248696481901166,0.2896124990172681,0.027786358078823695,0.6678964819565099,0.04508878890406085,0.0,0.9211980476514339,0.6678964819565099,0,0,1,0,0,1,0
0.0,0.0,0.050191564634790374,0.06824281200222045,0.04652644966469696,0.05830090957598206,0.03380125866684691,0.12783097687422193,0.01100628912195785,1.359619945678543,0.04652644966469696,0.0,2.286578948535466,1.359619945678543,1,0,1,1,1,4,1
0.0,0.0,0.19032018391435035,0.13263792473539646,0.11635903521029456,0.14298876714885947,0.07803037578728028,0.32934058293199703,0.02385945308621196,0.6969162444632915,0.11635903521029456,0.0,1.3082987128629167,0.6969162444632915,0,0,1,1,0,2,0
0.0,0.0,0.15315802461980346,0.1272928982817213,0.10839507893994069,0.12903472503079666,0.09496475537022941,0.2775040870539292,0.009391892194783912,0.8311158849288096,0.10839507893994069,0.0,1.5388448562317858,0.8311158849288096,0,0,1,1,0,2,0
0.0,0.0,0.07007958858962063,0.04039690564850633,0.03422602014834414,0.04627485500874436,0.03003692758299062,0.10900751978003365,0.013807101523378955,0.5764350223292697,0.03422602014834414,0.0,1.0648159112051547,0.5764350223292697,0,0,1,0,0,1,0
0.0,0.0,0.14948782202920802,0.10423820502769429,0.040955160804131335,0.09972984822218199,0.060737538771245686,0.24818916982663727,0.012199168161487516,0.6972976548529335,0.040955160804131335,0.0,0.9712657030868628,0.6972976548529335,0,0,1,0,0,1,0
0.0,0.0,0.14224006694444513,0.10203635457967034,0.07751304258075073,0.10595645467113414,0.09976061910122505,0.4160796454089548,0.02139328468654442,0.7173480681182075,0.07751304258075073,0.0,1.2622894429676021,0.7173480681182075,0,0,1,0,0,1,0
0.0,0.0,0.109460091362392,0.07380166459276023,0.08827745769187059,0.08633521955994578,0.03693738603795273,0.14908215269010933,0.031637343369816814,0.6742273777302806,0.08827745769187059,0.0,1.4807007701762878,0.6742273777302806,0,0,1,1,0,2,0
0.0,0.0,0.09695407103901332,0.13850467421401605,0.08501874974466014,0.1147455423029264,0.06295821631647816,0.2158193850701041,0.003417968270603399,1.4285449201340255,0.08501874974466014,0.0,2.3054330378318593,1.4285449201340255,1,0,1,1,1,4,1
0.0,0.0,0.07797571765810532,0.07957874545752726,0.08224286843549604,0.07984401925216397,0.048489157100425694,0.1689984075968582,0.008806466567636693,1.0205449504356692,0.08224286843549604,0.0,2.075255521815398,1.0205449504356692,0,0,1,1,1,3,1
0.0,0.0,0.09303809480328432,0.05867872605386768,0.06267306517426144,0.06826715302132028,0.04267980339296993,0.19164380142456297,0.00999669482794339,0.6306889182223245,0.06267306517426144,0.0,1.304309672022361,0.6306889182223245,0,0,1,1,0,2,0
0.0,0.0,0.0426024862958367,0.014282033556380363,0.010000828979543816,0.02029184559703531,0.030207383488012076,0.1246809962540306,0.001454582498367773,0.3352315690130747,0.010000828979543816,0.0,0.5699736018621826,0.3352315690130747,0,0,1,0,0,1,0
0.0,0.0,0.0639697761143234,0.07713761459500065,0.07975798053722875,0.07450074646038837,0.05504237793998525,0.2165570335709681,0.007424797912269872,1.205825836115331,0.07975798053722875,0.0,2.4526135942424436,1.205825836115331,1,0,1,1,1,4,1
0.0,0.0,0.16216430113734248,0.14702972674211967,0.14375164040227434,0.14999384875596403,0.09340892205087661,0.2998893966618177,0.007422394102141226,0.9066657645681917,0.14375164040227434,0.0,1.7931170546658615,0.9066657645681917,0,0,1,1,0,2,0
0.0,0.0,0.10713975050213899,0.09519684121260308,0.06399306238812096,0.09038162382886654,0.05738418416747533,0.20805289463463583,0.02427921973865495,0.8885213214061118,0.06399306238812096,0.0,1.4858016474090867,0.8885213214061118,0,0,1,1,0,2,0
0.0,0.0,0.09814407682438979,0.10649872907015351,0.05856314718060057,0.09242617053632433,0.048324422643243534,0.17559373502638198,0.01669028967908702,1.0851153467505135,0.05856314718060057,0.0,1.681815141335087,1.0851153467505135,0,0,1,1,1,3,1
0.0,0.0,0.0494049767726823,0.04201635121960457,0.009553492900614448,0.03574779302812647,0.05059862581189304,0.15105833546138858,0.0017642210580156293,0.8504305342028249,0.009553492900614448,0.0,1.0437976837800962,0.8504305342028249,0,0,1,0,0,1,0
0.0,0.0,0.16029256476380194,0.13990060338568602,0.09822904199503327,0.1345807033825518,0.09846273137906981,0.3016155584143311,0.0228713057852505,0.8727774168091799,0.09822904199503327,0.0,1.4855845631208682,0.8727774168091799,0,0,1,1,0,2,0
0.0,0.0,0.07903538758157302,0.08079175978500643,0.08889297846909612,0.08237797140517052,0.04138753837175714,0.14976900456317604,0.019098092611010004,1.0222096714835516,0.08889297846909612,0.0,2.146919203246376,1.0222096714835516,0,0,1,1,1,3,1
0.0,0.0,0.11875625273146972,0.11846232744422155,0.09324709240132498,0.11223200000530946,0.07457951641744193,0.21076683535825513,0.0048535780235403865,0.9975165703107409,0.09324709240132498,0.0,1.7827072871436105,0.9975165703107409,0,0,1,1,0,2,0
0.0,0.0,0.06022740214605052,0.07117888281908454,0.020356652144064492,0.05573545498207102,0.0773404720560348,0.24508960909082012,0.004866438273771296,1.1818158922177564,0.020356652144064492,0.0,1.519806797151624,1.1818158922177564,0,0,1,1,1,3,1
0.0,0.0,0.03659689373579428,0.06494262260878852,0.02103631477837462,0.046879613432936486,0.07920555899712947,0.2539507754853923,7.733694340191015e-05,1.7744907146192381,0.02103631477837462,0.0,2.3492864919456315,1.7744907146192381,1,0,1,1,1,4,1
0.0,0.0,0.10180365892742235,0.04831766905729559,0.04551594610755717,0.060988735787392674,0.10790413005194228,0.3892377904640492,0.0016906865176113588,0.4746115704954307,0.04551594610755717,0.0,0.9217025640422583,0.4746115704954307,0,0,1,0,0,1,0
0.0,0.0,0.13065673027453217,0.18006428895270996,0.1422274389078355,0.15825318677194689,0.06407303361560844,0.2970829302907531,0.04742170357439402,1.378137279549912,0.1422274389078355,0.0,2.466687024054073,1.378137279549912,1,0,1,1,1,4,1
0.0,0.0,0.06674687596826737,0.059712997097779746,0.04941567951650938,0.05889713742008406,0.04478404692025418,0.16528974186939163,0.00750843550074554,0.894605202511132,0.04941567951650938,0.0,1.634938565927851,0.894605202511132,0,0,1,1,0,2,0
0.0,0.0,0.10640089821898577,0.07641106385723927,0.058840078064927755,0.07951577599959801,0.038192101517004994,0.14144804729025537,0.022820701463859307,0.71813628456118,0.058840078064927755,0.0,1.2711346713364702,0.71813628456118,0,0,1,0,0,1,0
0.0,0.0,0.18519850663294707,0.05299315317520903,0.02196506708601207,0.0782874700173443,0.16406548462408832,0.668336473889524,0.003153695871484712,0.2861408982057273,0.02196506708601207,0.0,0.4047430882728172,0.2861408982057273,0,0,1,0,0,1,0
0.0,0.0,0.14639932712617015,0.10381660670860622,0.11443360324000575,0.11711653594584709,0.05782348919840655,0.21324662193564117,0.020656690645013912,0.7091282427199456,0.11443360324000575,0.0,1.4907767915062131,0.7091282427199456,0,0,1,1,0,2,0
0.0,0.0,0.048168889378503735,0.044289053334241664,0.016549679315312073,0.038324168840574775,0.03841834402097924,0.14108927881678732,0.00917626513021956,0.9194343999055574,0.016549679315312073,0.0,1.2630033706638237,0.9194343999055574,0,0,1,0,0,1,0
0.0,0.0,0.12216732201808153,0.07808585248725262,0.09351716020747904,0.09296404680001645,0.07324792855076338,0.3166606167409526,0.013972338100857415,0.639166120949877,0.09351716020747904,0.0,1.4046440997146015,0.639166120949877,0,0,1,1,0,2,0
0.0,0.0,0.06706420213254882,0.09851716505962503,0.0974954917344006,0.09039850599654985,0.033737816727375816,0.17119292442341233,0.04158163567977995,1.4689758910278687,0.0974954917344006,0.0,2.9227177516981584,1.4689758910278687,1,0,1,1,1,4,1
0.0,0.0,0.05341034265906454,0.024495758064889517,0.013799460181731824,0.029050329742643845,0.0285815571433127,0.12622886093761024,0.008596184607923078,0.45862464497945543,0.013799460181731824,0.0,0.7169866238163587,0.45862464497945543,0,0,1,0,0,1,0
0.0,0.0,0.22503464475002172,0.12442090671507369,0.08348739954339324,0.1393409644308906,0.1259090864431743,0.5786934758214938,0.01943409431350196,0.5528942175062321,0.08348739954339324,0.0,0.9238905529362671,0.5528942175062321,0,0,1,0,0,1,0
0.0,0.0,0.06412922507508602,0.06452088391750475,0.028308531421810054,0.055369881082976406,0.05673306579273817,0.21677439211877156,0.007101706685666653,1.0060916493269958,0.028308531421810054,0.0,1.447514260719134,1.0060916493269958,0,0,1,1,1,3,1
0.0,0.0,0.04186023711993421,0.02545003480782615,0.02259344946864579,0.028838439051058075,0.03538502894710503,0.1317522684140238,0.005506573802591894,0.607961841522044,0.02259344946864579,0.0,1.1476842917667562,0.607961841522044,0,0,1,0,0,1,0
0.0,0.0,0.1670335434598343,0.23163093386959527,0.08808858923608541,0.17959600010877755,0.0930003467264872,0.329518951183958,0.018850719231227994,1.386724740115173,0.08808858923608541,0.0,1.9140922379481438,1.386724740115173,1,0,1,1,1,4,1
0.0,0.0,0.15939099904621715,0.08509970243982215,0.09559233581199848,0.10629568493446497,0.048250778816145916,0.22928361966518823,0.03385911593958014,0.5339019709210544,0.09559233581199848,0.0,1.1336330514270503,0.5339019709210544,0,0,1,0,0,1,0
0.0,0.0,0.052366302147625825,0.016458927428277224,0.012843436028207183,0.024531898258096867,0.03838016074610697,0.16582476216407416,0.004819748351022812,0.31429779181441797,0.012843436028207183,0.0,0.5595545742241924,0.31429779181441797,0,0,1,0,0,1,0
0.0,0.0,0.2148557253698286,0.12588016286680864,0.10295481014342178,0.1423927153117169,0.07725376199014929,0.31575137578096346,0.006349468050725667,0.5858795560163808,0.10295481014342178,0.0,1.06505845984733,0.5858795560163808,0,0,1,0,0,1,0
0.0,0.0,0.16129579138275082,0.0438000513346584,0.051322165212991565,0.0750545148162648,0.09029639671830943,0.3986852729806802,0.009692385643796913,0.27154942735793564,0.051322165212991565,0.0,0.5897340903820507,0.27154942735793564,0,0,1,0,0,1,0
0.0,0.0,0.09987797697484353,0.11975286606213792,0.09024824320750179,0.10740798807665529,0.03783806599714077,0.19066630490355335,0.046088241606359166,1.1989797021279063,0.09024824320750179,0.0,2.102555669172829,1.1989797021279063,0,0,1,1,1,3,1
0.0,0.0,0.07897373590748662,0.08482657745648323,0.11401701616362693,0.09066097674602,0.08674562595934553,0.3091905421437842,0.01924225690648518,1.0740976399826347,0.11401701616362693,0.0,2.5178127072566796,1.0740976399826347,0,0,1,1,1,3,1
0.0,0.0,0.08711776980522513,0.03838038703776521,0.04473047070284142,0.05215225364589924,0.034169885164961826,0.13459705630350444,0.0087009522931974,0.4405524449389466,0.04473047070284142,0.0,0.9539948500928198,0.4405524449389466,0,0,1,0,0,1,0
0.0,0.0,0.09654581180536526,0.061336347144248626,0.06878700509043284,0.07200137779607385,0.060853544948757915,0.19767460289480093,0.002816266799461035,0.6353016324133043,0.06878700509043284,0.0,1.3477747198634094,0.6353016324133043,0,0,1,1,0,2,0
0.0,0.0,0.11676943671424253,0.18566593757041777,0.09032944150742683,0.14460768834062623,0.11475032853437761,0.4436452576177756,0.010643526633320431,1.5900080773421654,0.09032944150742683,0.0,2.3635723805097437,1.5900080773421654,1,0,1,1,1,4,1
0.0,0.0,0.08844011763348839,0.05485664897579032,0.03425672948999007,0.05810253626876477,0.051703164763602094,0.2121603866958748,0.009936160325145106,0.6202618244052894,0.03425672948999007,0.0,1.0076012249763502,0.6202618244052894,0,0,1,0,0,1,0
0.0,0.0,0.23254378640128612,0.1312770159564602,0.06227072563766997,0.13934213598796913,0.10970082258941723,0.41257875559184887,0.031473089197181725,0.5645235826956995,0.06227072563766997,0.0,0.8323030784278196,0.5645235826956995,0,0,1,0,0,1,0
0.0,0.0,0.10871874102524348,0.07451430708493133,0.04411089085732884,0.07546456151310875,0.08247409766144197,0.2650139014356045,0.0018212845203527527,0.6853797330848126,0.04411089085732884,0.0,1.0911100120696273,0.6853797330848126,0,0,1,0,0,1,0
0.0,0.0,0.12345522805892353,0.07605816347058231,0.0549183543432081,0.08262247733582405,0.04729693551682279,0.21433452683989487,0.019276179035508604,0.6160739289254897,0.0549183543432081,0.0,1.060914624341816,0.6160739289254897,0,0,1,0,0,1,0
0.0,0.0,0.19976414509255844,0.09061252559298555,0.12469809806695181,0.12642182358637033,0.07108272395494354,0.25677789523848915,0.02518377412892057,0.45359527334461414,0.12469809806695181,0.0,1.0778187734410631,0.45359527334461414,0,0,1,0,0,1,0
0.0,0.0,0.0820472133115136,0.0872656640112606,0.07161334852974445,0.08204797246594482,0.04354684922479807,0.16890829168570387,0.014489361752895983,1.0635900586882718,0.07161334852974445,0.0,1.9364103876069414,1.0635900586882718,0,0,1,1,1,3,1
0.0,0.0,0.10794737158717793,0.07237211184968008,0.0344004402455116,0.0717730088830124,0.12617300448087798,0.40246770984839886,0.0013759336116206376,0.6704326409521902,0.0344004402455116,0.0,0.9891075754576188,0.6704326409521902,0,0,1,0,0,1,0
0.0,0.0,0.07370595387920635,0.04535862228213652,0.026366295574318348,0.04769737350444942,0.030881165293726268,0.12734705567165555,0.007721030979022387,0.615391355834239,0.026366295574318348,0.0,0.9731092397876092,0.615391355834239,0,0,1,0,0,1,0
0.0,0.0,0.11550884123526378,0.08746863088909775,0.10872661633413236,0.0997931798368979,0.05454688887372682,0.21784501715481844,0.04015326503541956,0.7572396425595174,0.10872661633413236,0.0,1.6985154262625204,0.7572396425595174,0,0,1,1,0,2,0
0.0,0.0,0.220460804693197,0.1260678239856692,0.06479126479023473,0.13434692936369255,0.0882538265320758,0.31168119833918045,0.014632064079289884,0.5718352172663649,0.06479126479023473,0.0,0.8657240606440225,0.5718352172663649,0,0,1,0,0,1,0
0.0,0.0,0.11166745076613895,0.11338004298495415,0.061482928398071804,0.09997761628352979,0.10066592030891382,0.34321640267699394,0.003677162234134729,1.0153274466250068,0.061482928398071804,0.0,1.5659120385688146,1.0153274466250068,0,0,1,1,1,3,1
0.0,0.0,0.05877000572295828,0.05294031180116083,0.033028350545527566,0.049419744967701865,0.025600340477625435,0.08846248914092988,0.00562360560591516,0.9007896181106231,0.033028350545527566,0.0,1.4627733742032194,0.9007896181106231,0,0,1,1,0,2,0
0.0,0.0,0.07904550297474819,0.08596816485085952,0.11228895417015868,0.09081769671165646,0.043261795595770376,0.17748041378163432,0.02483661209970525,1.0875644287302944,0.11228895417015868,0.0,2.508107399568991,1.0875644287302944,0,0,1,1,1,3,1
0.0,0.0,0.11814796584144488,0.11430464511874586,0.08059079238803887,0.10683701211674386,0.052560028579841454,0.21561675476547676,0.02967227039260301,0.9674620874137987,0.08059079238803887,0.0,1.6495737911775978,0.9674620874137987,0,0,1,1,0,2,0
0.0,0.0,0.1254912868689807,0.12688233051835446,0.09998774951489046,0.11981092435514504,0.04875675172632776,0.24443595391062176,0.04696782474551641,1.0110767257817608,0.09998774951489046,0.0,1.807840829852013,1.0110767257817608,0,0,1,1,1,3,1
0.0,0.0,0.08597478997717392,0.04524011000230946,0.03738458278345442,0.05345989819131182,0.036022964997934184,0.11400280613060625,0.00532549824051053,0.5261959211345478,0.03738458278345442,0.0,0.9610227810375485,0.5261959211345478,0,0,1,0,0,1,0
0.0,0.0,0.08379578750704514,0.09023689239494143,0.029702718428998166,0.07349307268148153,0.045037937445451426,0.1646359829919326,0.022324605683906797,1.0768538398605656,0.029702718428998166,0.0,1.4313151421688544,1.0768538398605656,0,0,1,1,1,3,1
0.0,0.0,0.07566587903808367,0.07975563380545304,0.06659877381333677,0.07544398011558164,0.05319678008723006,0.1670960415744626,0.008120666392690164,1.0540362549552424,0.06659877381333677,0.0,1.9341937909865243,1.0540362549552424,0,0,1,1,1,3,1
0.0,0.0,0.17113278843967356,0.1495842891990131,0.05241325039218702,0.13067865430747166,0.1321675625696299,0.40878666255591994,0.005264533116697463,0.8740780564893713,0.05241325039218702,0.0,1.1803486700839698,0.8740780564893713,0,0,1,0,0,1,0
0.0,0.0,0.12639722281308305,0.14186295564323345,0.07064413305621714,0.1201918167889418,0.11508471365450765,0.4560031837017125,0.021076412616319307,1.122349290092627,0.07064413305621714,0.0,1.681250605981263,1.122349290092627,0,0,1,1,1,3,1
0.0,0.0,0.07157738034606731,0.02374609455185833,0.011738222468756217,0.03270194797963505,0.06001449089048421,0.25583552227261547,0.0031304457625714794,0.33174953717939215,0.011738222468756217,0.0,0.49574070898300426,0.33174953717939215,0,0,1,0,0,1,0
0.0,0.0,0.13262138096752457,0.10773371221419237,0.09555432934756888,0.11091078368586953,0.049431294725330956,0.18838162934803737,0.022522374094886624,0.8123343241784603,0.09555432934756888,0.0,1.5328335992666327,0.8123343241784603,0,0,1,1,0,2,0
0.0,0.0,0.14344497247589044,0.08809121958393683,0.07632128267101186,0.098987173578694,0.04571741940604133,0.2226346506047898,0.04416942753790959,0.6141073050952524,0.07632128267101186,0.0,1.1461632516910307,0.6141073050952524,0,0,1,0,0,1,0
0.0,0.0,0.11271350925779451,0.0918193730128222,0.07330849964575692,0.09241518873229895,0.055910288998919415,0.23010824600526184,0.006471416894650144,0.8146189307608829,0.07330849964575692,0.0,1.465009906407946,0.8146189307608829,0,0,1,1,0,2,0
0.0,0.0,0.0735821778222016,0.11271809288330817,0.06601150792636283,0.0912574678787952,0.052247201235400824,0.22663607329345584,0.02575603088220751,1.5318459492965624,0.06601150792636283,0.0,2.4289464806960877,1.5318459492965624,1,0,1,1,1,4,1
0.0,0.0,0.09220910220401796,0.10110838468483671,0.06697141731656353,0.09034932222256374,0.05257889743653932,0.23904232361946667,0.027947329218350456,1.0965000826170976,0.06697141731656353,0.0,1.8227916246044062,1.0965000826170976,0,0,1,1,1,3,1
0.0,0.0,0.17018826025675318,0.11024644881383225,0.08298014258686594,0.11841532511782088,0.07590653586070967,0.2774326372708236,0.019227761046164055,0.647787343616811,0.08298014258686594,0.0,1.1353630135602573,0.647787343616811,0,0,1,0,0,1,0
0.0,0.0,0.10484456428411651,0.07996706339210974,0.050009172587559984,0.07869696591397399,0.042718481790794384,0.15664604921279932,0.016301417165086565,0.7627128905082757,0.050009172587559984,0.0,1.239692273747058,0.7627128905082757,0,0,1,0,0,1,0
0.0,0.0,0.035193689131925256,0.03102579655451418,0.02813616173375608,0.03134536099367742,0.015445658184159411,0.07246457905753714,0.010164753433939725,0.8815476800552429,0.02813616173375608,0.0,1.6809910741505651,0.8815476800552429,0,0,1,1,0,2,0
0.0,0.0,0.038941377418973876,0.04527896679616885,0.03509978787479228,0.04114977472152596,0.063197417756138,0.1766798124645223,0.0010221625530775662,1.1627170654996426,0.03509978787479228,0.0,2.0640433378317122,1.1627170654996426,0,0,1,1,1,3,1
0.0,0.0,0.06397340437737044,0.07400971076949277,0.059307910183190544,0.06782518402488664,0.045064275516349346,0.19966702332125913,0.020987344758279004,1.156864397406912,0.059307910183190544,0.0,2.0839212533542795,1.156864397406912,0,0,1,1,1,3,1
0.0,0.0,0.09338065298217577,0.06997675900314514,0.03489191991126869,0.06705652272493369,0.07367320535498197,0.24674678003397396,0.006786322440143238,0.7493630361897958,0.03489191991126869,0.0,1.12301159344899,0.7493630361897958,0,0,1,0,0,1,0
0.0,0.0,0.04958490203220419,0.03848294761618832,0.027354709089392432,0.038476376588493316,0.025651409319051667,0.07649963022639905,0.004175499726395025,0.7760864689160052,0.027354709089392432,0.0,1.3277495015180254,0.7760864689160052,0,0,1,1,0,2,0
0.0,0.0,0.08944558115209811,0.07475676760509208,0.05143700167828626,0.07259902951014212,0.08232265103581185,0.2769500526429282,0.009179700667468765,0.8357699829574597,0.05143700167828626,0.0,1.410828314039125,0.8357699829574597,0,0,1,1,0,2,0
0.0,0.0,0.07237118118280125,0.04245692864064898,0.07017094494056564,0.056863995851166214,0.026749672968873206,0.099226684317133,0.01199342907809521,0.5866470782939257,0.07017094494056564,0.0,1.5562315760075482,0.5866470782939257,0,0,1,1,0,2,0
0.0,0.0,0.09390387971180351,0.1505978203084318,0.0696518449938181,0.11618784133062132,0.08976353666862853,0.32834613878395696,0.01792162177606997,1.6037273118353421,0.0696518449938181,0.0,2.3454549537596106,1.6037273118353421,1,0,1,1,1,4,1
0.0,0.0,0.07955697830435203,0.08650213868262291,0.09125800483495847,0.08595481512613908,0.032094205325925725,0.13373486942101162,0.021013309482811795,1.0872842740134212,0.09125800483495847,0.0,2.2343471680181874,1.0872842740134212,0,0,1,1,1,3,1
0.0,0.0,0.0873794643359499,0.042539994809379415,0.04738871732409663,0.05496204281970134,0.036725827059494225,0.14415371123075096,0.024236359759671717,0.48683644717000774,0.04738871732409663,0.0,1.0291626717355147,0.48683644717000774,0,0,1,0,0,1,0
0.0,0.0,0.09295854169121039,0.054416985883713506,0.053017579514202655,0.06370252324321002,0.031663762969831255,0.13967879168500405,0.009690640385375529,0.5853835431383028,0.053017579514202655,0.0,1.1557131569644392,0.5853835431383028,0,0,1,0,0,1,0
0.0,0.0,0.1622991077511233,0.08416658564182494,0.08978268378516811,0.10510374070498532,0.05522117097724682,0.19867518542061685,0.021103230646184048,0.5185861353270876,0.08978268378516811,0.0,1.0717754401847532,0.5185861353270876,0,0,1,0,0,1,0
0.0,0.0,0.12074375249358843,0.05647316895394721,0.07978896530476008,0.07836976392656074,0.05213195004685617,0.233584837011074,0.02250701555566696,0.4677070248410667,0.07978896530476008,0.0,1.1285139225072562,0.4677070248410667,0,0,1,0,0,1,0
0.0,0.0,0.17319403889263835,0.09801398128747302,0.09775066548992689,0.11674316673937785,0.05987273709432151,0.23267845229566567,0.03303188508432561,0.565916794812066,0.09775066548992689,0.0,1.1303132470136874,0.565916794812066,0,0,1,0,0,1,0
0.0,0.0,0.14253211305226432,0.09581946380708868,0.056631119152017725,0.09770053995461483,0.0719125131838193,0.2946539920754272,0.027911184592662126,0.6722610750243939,0.056631119152017725,0.0,1.0695801115576948,0.6722610750243939,0,0,1,0,0,1,0
0.0,0.0,0.13366010263247463,0.12586975089667107,0.07435129233551768,0.11493772419033361,0.0647884709693248,0.2073430634777839,0.019317635831248948,0.9417081590503762,0.07435129233551768,0.0,1.4979753966472409,0.9417081590503762,0,0,1,1,0,2,0
0.0,0.0,0.1701835929029351,0.1268245622130772,0.11224686127942105,0.13401989465212763,0.08547947065508096,0.2862536059818932,0.0031605537447562614,0.7452176489643317,0.11224686127942105,0.0,1.404777127086074,0.7452176489643317,0,0,1,1,0,2,0
0.0,0.0,0.247372082905206,0.14585915127596838,0.074378429539956,0.15336720374927468,0.11795716745041669,0.5278147098838198,0.018215257404933564,0.5896322654145115,0.074378429539956,0.0,0.8903053567081912,0.5896322654145115,0,0,1,0,0,1,0
0.0,0.0,0.04726109423175127,0.03930827936259236,0.01278116761287822,0.03466470514245355,0.03942486107380584,0.14297481981807048,0.003328948126755794,0.8317083701336401,0.01278116761287822,0.0,1.1021400516034736,0.8317083701336401,0,0,1,0,0,1,0
0.0,0.0,0.17097963893015375,0.05922960854853569,0.026449664561486314,0.07897213014717787,0.1381545101199613,0.5704333546565484,0.0014855413842441852,0.34641120140351805,0.026449664561486314,0.0,0.5011051171999791,0.34641120140351805,0,0,1,0,0,1,0
0.0,0.0,0.14339993388738068,0.12013044464439067,0.07273348847037096,0.11409857791163326,0.06884063418075609,0.27979946339173406,0.01603641127011067,0.8377242838511402,0.07273348847037096,0.0,1.3449280132737944,0.8377242838511402,0,0,1,1,0,2,0
0.0,0.0,0.12415492917727336,0.10624984461345544,0.07504512695791202,0.10292493634052408,0.05725947730525274,0.2399379278005,0.01623690361892313,0.8557774511255833,0.07504512695791202,0.0,1.4602200053813728,0.8557774511255833,0,0,1,1,0,2,0
0.0,0.0,0.11126503168523169,0.11329855882831585,0.09042242290898753,0.10707114306271273,0.05373224173493396,0.19976909684522492,0.02129355556592824,1.018267274497882,0.09042242290898753,0.0,1.8309359887447412,1.018267274497882,0,0,1,1,1,3,1
0.0,0.0,0.08179739504059827,0.052914905887888296,0.051071202378863964,0.059674602298809706,0.044188233274949,0.15541219461203462,0.011889473361395205,0.6468941824790757,0.051071202378863964,0.0,1.2712487600171343,0.6468941824790757,0,0,1,0,0,1,0
0.0,0.0,0.18857513800170492,0.12613933553889162,0.08356662600656928,0.13110510877151435,0.08941616392882883,0.3296861453953182,0.014321519843640752,0.6689040133898129,0.08356662600656928,0.0,1.1120492962029211,0.6689040133898129,0,0,1,0,0,1,0
0.0,0.0,0.04389784387794772,0.07717769339048944,0.043060622602728846,0.06032846331541386,0.036128287250085434,0.1458863878441214,0.011388415147891203,1.7580803176745872,0.043060622602728846,0.0,2.738985936110704,1.7580803176745872,1,0,1,1,1,4,1
0.0,0.0,0.1662734858121445,0.19491131167282805,0.12911205976465123,0.171302042230613,0.11029464893304197,0.3562394026810321,0.04201016877639706,1.1722262181164536,0.12911205976465123,0.0,1.9487257461951086,1.1722262181164536,0,0,1,1,1,3,1
0.0,0.0,0.12745244349330556,0.08743137588125194,0.07369369111345858,0.09400222159231701,0.04047195663757222,0.19066745591192744,0.03357998689961758,0.6859867688537127,0.07369369111345858,0.0,1.2641876325858041,0.6859867688537127,0,0,1,0,0,1,0
0.0,0.0,0.13336542025152925,0.08250241553077459,0.05168990945778606,0.08751504019271611,0.06174178624106811,0.2642840108767354,0.005416491857453561,0.6186146060993083,0.05168990945778606,0.0,1.0061927487854418,0.6186146060993083,0,0,1,0,0,1,0
0.0,0.0,0.111305654445058,0.07078204910225476,0.06180053261585547,0.07866757131635571,0.047907834213747016,0.17914525044199722,0.00994707075158458,0.635919293910621,0.06180053261585547,0.0,1.191146947854355,0.635919293910621,0,0,1,0,0,1,0
0.0,0.0,0.05516784724476939,0.03604114390596399,0.022530324951957916,0.03744511500216382,0.04035770221392037,0.16105847721640404,0.007038873167708613,0.6532879642392941,0.022530324951957916,0.0,1.061676503735088,0.6532879642392941,0,0,1,0,0,1,0
0.0,0.0,0.14366451286292406,0.1021088433690274,0.06558957643900924,0.103367944009997,0.040977071430035636,0.19501294599474567,0.010321020025075275,0.7107401166378237,0.06558957643900924,0.0,1.1672837584065365,0.7107401166378237,0,0,1,0,0,1,0
0.0,0.0,0.04099402018803335,0.03477434076884466,0.010874664310595781,0.030354341509079615,0.04778987072059556,0.1598717824192808,0.0014229446718924158,0.8482576812828467,0.010874664310595781,0.0,1.11352561530792,0.8482576812828467,0,0,1,0,0,1,0
0.0,0.0,0.246941509351343,0.09055212995395581,0.07471217573849048,0.1256894862494363,0.10683895282584165,0.3855073916023424,0.028503881827337464,0.3666931634889995,0.07471217573849048,0.0,0.6692420277357463,0.3666931634889995,0,0,1,0,0,1,0
0.0,0.0,0.10907037527231314,0.117149094548493,0.08574153988637183,0.10727752606391774,0.06123876810448612,0.21679214191310592,0.02283666590995781,1.0740590210402372,0.08574153988637183,0.0,1.8601638966073155,1.0740590210402372,0,0,1,1,1,3,1
0.0,0.0,0.0968040990032375,0.08102283964706924,0.07125970944746707,0.08252737193621076,0.04913872783746662,0.22711832096460124,0.014728815308610513,0.83696871839736,0.07125970944746707,0.0,1.5730839662634244,0.83696871839736,0,0,1,1,0,2,0
0.0,0.0,0.1641686523522959,0.0708298754422966,0.05761661954974011,0.09086125569665732,0.055466984900106854,0.22696465753926737,0.027377897398130974,0.4314431713012399,0.05761661954974011,0.0,0.7824009684591403,0.4314431713012399,0,0,1,0,0,1,0
0.0,0.0,0.13428154110017448,0.1098546099549784,0.0446348509519323,0.09965640299051588,0.05033260532167274,0.20727785140326424,0.02946198621499956,0.8180855757937072,0.0446348509519323,0.0,1.1504806182634113,0.8180855757937072,0,0,1,0,0,1,0
0.0,0.0,0.03996063478087229,0.023843505409361903,0.007126189657305598,0.023693458814225424,0.030958455821603507,0.12008610364588296,0.0012729217344288695,0.5966599099387856,0.007126189657305598,0.0,0.7749856890612292,0.5966599099387856,0,0,1,0,0,1,0
0.0,0.0,0.19002235529364206,0.09711838325719734,0.058234999281090466,0.11062353027228178,0.08160606469472367,0.310452222996837,0.0126856160862687,0.5110865614761976,0.058234999281090466,0.0,0.8175488865472407,0.5110865614761976,0,0,1,0,0,1,0
0.0,0.0,0.08131064576199923,0.07850635171447891,0.05170080159968217,0.07250603769765981,0.049904696261977334,0.21220408452077252,0.01285216818560658,0.9654994801638689,0.05170080159968217,0.0,1.6013346193395217,0.9654994801638689,0,0,1,1,0,2,0
0.0,0.0,0.14432055862805507,0.1013884681826615,0.09132039678885681,0.10960447294555874,0.0689493088856209,0.24252441191548607,0.031969550724544514,0.7025178299519301,0.09132039678885681,0.0,1.3352742778240554,0.7025178299519301,0,0,1,1,0,2,0
0.0,0.0,0.07494335860271512,0.11910055832098936,0.12488381519535022,0.10950707261001101,0.054313192358656566,0.2239597090366692,0.03211602890599113,1.5891864383328584,0.12488381519535022,0.0,3.255540217639549,1.5891864383328584,1,0,1,1,1,4,1
0.0,0.0,0.1071089344050728,0.09145109465487314,0.04351882302034086,0.08338248668378997,0.047848561605366685,0.16150026972030207,0.028494967026651684,0.8538059066399909,0.04351882302034086,0.0,1.2601064357371292,0.8538059066399909,0,0,1,0,0,1,0
0.0,0.0,0.07812774440119773,0.06924757316271017,0.06295957551706872,0.0698956165609217,0.03251277860593076,0.13762198132279188,0.024609955818616823,0.8863264563310785,0.06295957551706872,0.0,1.6921704001907925,0.8863264563310785,0,0,1,1,0,2,0
0.0,0.0,0.10348180274275179,0.1446179563615715,0.08274218644610491,0.11886497547799993,0.05394384471181177,0.26665983535100596,0.05691481111690928,1.3975071463910549,0.08274218644610491,0.0,2.1970814162510814,1.3975071463910549,1,0,1,1,1,4,1
0.0,0.0,0.1009706952628455,0.12991331580190735,0.13706598167348735,0.12446582713503687,0.09189486630199017,0.33220100310528894,0.005697432229262094,1.286631025295972,0.13706598167348735,0.0,2.6441003766491673,1.286631025295972,1,0,1,1,1,4,1
0.0,0.0,0.15790826088877186,0.08428742545765916,0.08340933962937483,0.10247311285836626,0.07084444392074013,0.2622602146413642,0.029020406134277164,0.5337712619466286,0.08340933962937483,0.0,1.0619818251518272,0.5337712619466286,0,0,1,0,0,1,0
0.0,0.0,0.09531259119158711,0.12883375226990074,0.032998635083478264,0.09649468270371672,0.06617448992290365,0.24478302347101025,0.008128430350125905,1.351682909638099,0.032998635083478264,0.0,1.6978941337766236,1.351682909638099,1,0,1,1,1,4,1
0.0,0.0,0.15231784401304443,0.04803490528840216,0.026536337731828393,0.06873099808041927,0.09390129380974031,0.4076919087255761,0.009069760999596813,0.3153576013502866,0.026536337731828393,0.0,0.48957332563424877,0.3153576013502866,0,0,1,0,0,1,0
0.0,0.0,0.11542276786440456,0.0796726507567803,0.03411338342286147,0.07722036320020666,0.05370328367664946,0.19810102036891283,0.009429789313079478,0.6902620857982794,0.03411338342286147,0.0,0.9858111226564122,0.6902620857982794,0,0,1,0,0,1,0
0.0,0.0,0.2728926572408153,0.1509099342508212,0.052907659406738014,0.1569050462872989,0.10647993513267047,0.38555803148321904,0.020969069079347948,0.5529990538316197,0.052907659406738014,0.0,0.7468755255007637,0.5529990538316197,0,0,1,0,0,1,0
0.0,0.0,0.11934017505017798,0.11792860790470444,0.10567563191188906,0.11521825569286899,0.0790227655391361,0.26537111327256513,0.02001992020683178,0.9881636229500873,0.10567563191188906,0.0,1.8736554229718054,0.9881636229500873,0,0,1,1,0,2,0
0.0,0.0,0.19119939318443957,0.08104571082957965,0.04679288857532936,0.10002092585473205,0.08876541636636694,0.31933324632043353,0.01580858491512662,0.42387836907531723,0.04679288857532936,0.0,0.6686105466404075,0.42387836907531723,0,0,1,0,0,1,0
0.0,0.0,0.0893163069470562,0.06464756742178994,0.021195389162564433,0.05995170773830013,0.07008410386979012,0.25601127223857384,0.014266172895593144,0.723796648505205,0.021195389162564433,0.0,0.961101039860491,0.723796648505205,0,0,1,0,0,1,0
0.0,0.0,0.07708181392432838,0.03275413403777981,0.039088811176588426,0.045419723294119106,0.07380792727931255,0.2785789111740055,0.0023225332708732846,0.4249213588639136,0.039088811176588426,0.0,0.9320228667948723,0.4249213588639136,0,0,1,0,0,1,0
0.0,0.0,0.10132255431694531,0.09461695645781214,0.09822549001781877,0.0971954893125971,0.055683487637551515,0.20835204294052967,0.03604717730919741,0.9338100809397725,0.09822549001781877,0.0,1.9032341273028164,0.9338100809397725,0,0,1,1,0,2,0
0.0,0.0,0.20227122601494604,0.14200380310665023,0.045003471357396144,0.13282057589641066,0.08893668451974836,0.321482920053022,0.03323031488738392,0.7020430135383859,0.045003471357396144,0.0,0.9245326367754921,0.7020430135383859,0,0,1,0,0,1,0
0.0,0.0,0.1451104400547964,0.11838341429020588,0.08999918910580805,0.11796911443525408,0.061256291642020566,0.2656591226891425,0.015549383911729192,0.8158103471752635,0.08999918910580805,0.0,1.4360177482721235,0.8158103471752635,0,0,1,1,0,2,0
0.0,0.0,0.1780547993165481,0.130502586802444,0.07945485249328381,0.12962870635367998,0.08999419298560243,0.30623857841034774,0.019839194247450107,0.7329308413619043,0.07945485249328381,0.0,1.179166531512208,0.7329308413619043,0,0,1,0,0,1,0
0.0,0.0,0.311396019878707,0.15000704490883748,0.05315393988771283,0.16614101239602372,0.17024780167920517,0.5289818722705569,0.009595943291713828,0.4817228018664632,0.05315393988771283,0.0,0.6524178840108491,0.4817228018664632,0,0,1,0,0,1,0
0.0,0.0,0.13750387830338098,0.11755248097359025,0.09424397337349222,0.11671320340601342,0.07211789837518569,0.2744954765281226,0.035860142604154766,0.8548968038372488,0.09424397337349222,0.0,1.5402832027514677,0.8548968038372488,0,0,1,1,0,2,0
0.0,0.0,0.14164978675243486,0.06038336011997398,0.057280541123057416,0.07992426202886004,0.06716914221737322,0.27504434793851845,0.009258119466907336,0.4262832667883932,0.057280541123057416,0.0,0.8306618264582907,0.4262832667883932,0,0,1,0,0,1,0
0.0,0.0,0.09343480986505785,0.06552533845157699,0.09618838495839199,0.08016846793165096,0.023440018883654254,0.13064585978268192,0.0519555279973024,0.7012872103983493,0.09618838495839199,0.0,1.7307467409285546,0.7012872103983493,0,0,1,1,0,2,0
0.0,0.0,0.0376762659688171,0.025362047837393716,0.024340675895660233,0.028185259384816194,0.024171640486846096,0.09170863455451188,0.007406037491674866,0.6731392840017677,0.024340675895660233,0.0,1.319170126998851,0.6731392840017677,0,0,1,1,0,2,0
0.0,0.0,0.08877432093733081,0.03963360192901686,0.02932197568790629,0.0493408751208177,0.05156535659111348,0.22484641384207513,0.005286787957728124,0.4464484218197918,0.02932197568790629,0.0,0.7767426452403476,0.4464484218197918,0,0,1,0,0,1,0
0.0,0.0,0.12546846665650155,0.0785230161279231,0.07192640344186976,0.08861022558855436,0.03994619224331837,0.19663793826026815,0.035931598886565885,0.6258336647185725,0.07192640344186976,0.0,1.199091887285048,0.6258336647185725,0,0,1,0,0,1,0
0.0,0.0,0.11936839247815773,0.06922774801009293,0.08390063918305436,0.08543113192034951,0.06722614812627696,0.2639411416264604,0.01738283010568075,0.5799455503031086,0.08390063918305436,0.0,1.2828111462590113,0.5799455503031086,0,0,1,0,0,1,0
0.0,0.0,0.1336000585088909,0.10145789003874814,0.09010283509552842,0.10665466842047891,0.03638694740912466,0.18995602207780263,0.056578213910880845,0.759409327823524,0.09010283509552842,0.0,1.433826402816476,0.759409327823524,0,0,1,1,0,2,0
0.0,0.0,0.1830298474778784,0.04996264571196252,0.031155376366213402,0.07852762881700423,0.135094569780845,0.5678654404001765,0.003296983463070282,0.2729739079528719,0.031155376366213402,0.0,0.4431931731506628,0.2729739079528719,0,0,1,0,0,1,0
0.0,0.0,0.07867509506978919,0.08136845093508896,0.09809721137808902,0.08487730207951404,0.03371163388676855,0.15954358302518887,0.022069651528890875,1.0342207612478929,0.09809721137808902,0.0,2.281069772895871,1.0342207612478929,0,0,1,1,1,3,1
0.0,0.0,0.1900972249713567,0.12211201009645117,0.14984064451001772,0.14604047241856918,0.05139395093013398,0.23945404020909075,0.03803195408522308,0.6423627054637179,0.14984064451001772,0.0,1.4305901838244188,0.6423627054637179,0,0,1,1,0,2,0
0.0,0.0,0.1176342541089626,0.10720703584206784,0.06648499688010838,0.09963333066830166,0.07493268205983451,0.265488801415836,0.026698672204164168,0.9113512497092465,0.06648499688010838,0.0,1.4765304333111706,0.9113512497092465,0,0,1,1,0,2,0
0.0,0.0,0.04870923382378969,0.11294972770498611,0.06289073145883317,0.08437485517314876,0.061170294082304066,0.2457541040503081,0.009402120565139623,2.318808981980751,0.06289073145883317,0.0,3.6099284556901514,2.318808981980751,1,0,1,1,1,4,1
0.0,0.0,0.035058977464661974,0.0795626911233857,0.05976814921577295,0.06348812723180158,0.02472308177643853,0.11791841236974684,0.013934285481980538,2.2693309259419623,0.05976814921577295,0.0,3.974071018145818,2.2693309259419623,1,0,1,1,1,4,1
0.0,0.0,0.17168877390422116,0.11255803592821108,0.0671359704792361,0.11598520405996986,0.10166681348319821,0.4493237843120979,0.016078763790252717,0.6555896333756179,0.0671359704792361,0.0,1.0466203217652978,0.6555896333756179,0,0,1,0,0,1,0
0.0,0.0,0.03840439518534216,0.015737112022726592,0.01736038799318564,0.02180975180599524,0.034387746808433574,0.12967665123001987,0.000580912444951821,0.40976305403915836,0.01736038799318564,0.0,0.8617929813294631,0.40976305403915836,0,0,1,0,0,1,0
0.0,0.0,0.14067953521269486,0.08340477209827828,0.09214088831047396,0.09990749192993134,0.06768738099440366,0.32076173573022937,0.018337799359016606,0.59286646850027,0.09214088831047396,0.0,1.247831906122228,0.59286646850027,0,0,1,0,0,1,0
0.0,0.0,0.1577460090893045,0.035342737214746185,0.026907099255046748,0.0638346456934609,0.06048472287920828,0.2418812582214372,0.012471785721284889,0.22404695606455385,0.026907099255046748,0.0,0.3946181726624798,0.22404695606455385,0,0,1,0,0,1,0
0.0,0.0,0.044058689519793935,0.057899946405807874,0.058948433085999834,0.054701753854352386,0.03395792775149874,0.13759266808954423,0.0038867686148869288,1.3141251569599954,0.058948433085999834,0.0,2.6520472741714,1.3141251569599954,1,0,1,1,1,4,1
0.0,0.0,0.03600185800540256,0.044594149341196564,0.04473598309586204,0.04248153494591443,0.012902240412682337,0.06321066169196662,0.02015379465643809,1.2386280370992993,0.04473598309586204,0.0,2.481195587962872,1.2386280370992993,1,0,1,1,1,4,1
0.0,0.0,0.057828057784798756,0.06550219424536337,0.060296926492029654,0.06228234319188878,0.03470940765015394,0.14540122385758739,0.015969298390538275,1.132686520488003,0.060296926492029654,0.0,2.175361756809761,1.132686520488003,0,0,1,1,1,3,1
0.0,0.0,0.11216707759864095,0.13808171752909015,0.0861989831296812,0.11863237394662561,0.057655604256855036,0.22176570622763664,0.024087850034835014,1.2310250873976214,0.0861989831296812,0.0,1.9995056121162302,1.2310250873976214,1,0,1,1,1,4,1
0.0,0.0,0.059756075380630935,0.08810421014324656,0.09147054721091155,0.0818587607195089,0.03986246000649226,0.1727513475288226,0.018688839889822288,1.4743728601517834,0.09147054721091155,0.0,3.0050794188024086,1.4743728601517834,1,0,1,1,1,4,1
0.0,0.0,0.10025305564766138,0.06407891635090252,0.06185715912739298,0.07256701186921484,0.06675243382445802,0.29579902239007405,0.009295451987297742,0.639165327895613,0.06185715912739298,0.0,1.2561693855148612,0.639165327895613,0,0,1,0,0,1,0
0.0,0.0,0.05104268956984846,0.02641983154570251,0.01907605080905342,0.030739600867576728,0.019978374239352146,0.08098583752180875,0.0029231031643566045,0.5175925127737772,0.01907605080905342,0.0,0.8913125743486687,0.5175925127737772,0,0,1,0,0,1,0
0.0,0.0,0.22826263449258866,0.20632333025386135,0.08377508133199907,0.18117109408307763,0.12053210334050364,0.41393836099760495,0.027360036202349967,0.9038817361885138,0.08377508133199907,0.0,1.2708919326143449,0.9038817361885138,0,0,1,0,0,1,0
0.0,0.0,0.09833275237997109,0.10352835532147628,0.08151046897977303,0.09672498300067417,0.06725648294465944,0.22562566117951127,0.013811905178632476,1.0528262454729962,0.08151046897977303,0.0,1.8817427365757533,1.0528262454729962,0,0,1,1,1,3,1
0.0,0.0,0.08131190610652153,0.05860707872504033,0.037146943081772646,0.058918251659593704,0.04692553462536918,0.18937219907575825,0.010419393105600598,0.7207598588133585,0.037146943081772646,0.0,1.177599306085227,0.7207598588133585,0,0,1,0,0,1,0
0.0,0.0,0.07718499664322713,0.10497925860742893,0.0584247156965522,0.08639205738865931,0.037040521441327856,0.15044942398878847,0.02088405386382007,1.3600816621267349,0.0584247156965522,0.0,2.1170157983354794,1.3600816621267349,1,0,1,1,1,4,1
0.0,0.0,0.09121511239755763,0.08269022425180553,0.05500871105318232,0.07790106798858776,0.031776466675707944,0.12888319964205236,0.012330340725341756,0.906530897648951,0.05500871105318232,0.0,1.509590045943186,0.906530897648951,0,0,1,1,0,2,0
0.0,0.0,0.095003021055768,0.1422533270392155,0.0880145888510503,0.1168810659963123,0.05469829670270717,0.23607315921616187,0.0034099017667122864,1.4973400647506472,0.0880145888510503,0.0,2.423770208158842,1.4973400647506472,1,0,1,1,1,4,1
0.0,0.0,0.22116781478731445,0.182245809999997,0.10285090437006271,0.17212758478934279,0.11634364347682764,0.4937317622715868,0.04269595853999562,0.8240122377797815,0.10285090437006271,0.0,1.2890457212253053,0.8240122377797815,0,0,1,0,0,1,0
0.0,0.0,0.0958113303152597,0.08679031749590235,0.06199191072936803,0.08284596900910811,0.04108997526647437,0.17531416361141997,0.020760428995571137,0.9058366205093705,0.06199191072936803,0.0,1.552850533284382,0.9058366205093705,0,0,1,1,0,2,0
0.0,0.0,0.03418482891834157,0.017778434630039537,0.0321666352765808,0.02547708336375036,0.01623010390983684,0.06554153434766478,0.0012991106758761235,0.5200527584838217,0.0321666352765808,0.0,1.4609875345109309,0.5200527584838217,0,0,1,1,0,2,0
0.0,0.0,0.06829401195245877,0.03243431462433602,0.08087698938307865,0.05350990764605236,0.03562592542747098,0.1566700512907996,0.014625237982232558,0.4749148392698731,0.08087698938307865,0.0,1.6591446544630881,0.4749148392698731,0,0,1,1,0,2,0
0.0,0.0,0.14422499800141164,0.09677936120948245,0.05742936912207919,0.09880327238561395,0.07214686674358362,0.27083472653447715,0.025198874030378977,0.671025768936161,0.05742936912207919,0.0,1.0692159005206001,0.671025768936161,0,0,1,0,0,1,0
0.0,0.0,0.08453718696593882,0.12699706370716707,0.10046650905570227,0.10974945585899382,0.0857470269184411,0.35086435565499774,0.01555910489368996,1.502244941192497,0.10046650905570227,0.0,2.690660646111519,1.502244941192497,1,0,1,1,1,4,1
0.0,0.0,0.06531157987861655,0.04332441644104851,0.027027918281216357,0.044747082760482476,0.07938174558188392,0.2553256430430538,0.00012972264751233227,0.6633395361439856,0.027027918281216357,0.0,1.077163616151968,0.6633395361439856,0,0,1,0,0,1,0
0.0,0.0,0.12458241949317864,0.09323919188352853,0.05207379263105366,0.09078364897282233,0.04998951162776844,0.19861528588323127,0.029577904242471267,0.7484077115786157,0.05207379263105366,0.0,1.1663910422890469,0.7484077115786157,0,0,1,0,0,1,0
0.0,0.0,0.041565914598513026,0.07398030483242923,0.07864115372986138,0.0670419194983082,0.03515218612948898,0.1451975172749649,0.016560419881140178,1.779788217311557,0.07864115372986138,0.0,3.6717052501113554,1.779788217311557,1,0,1,1,1,4,1
0.0,0.0,0.1383951134601147,0.13146215459929952,0.06188567162488856,0.11580127357090057,0.08252474414925284,0.23873849230624172,0.006042985059835905,0.9498977342104803,0.06188567162488856,0.0,1.3970610979614704,0.9498977342104803,0,0,1,1,0,2,0
0.0,0.0,0.07582617487919713,0.030850720882408433,0.016653607930742133,0.03854530614368902,0.06695205399042277,0.27415335479899344,0.0027069472183482816,0.4068557338653032,0.016653607930742133,0.0,0.6264815864343006,0.4068557338653032,0,0,1,0,0,1,0
0.0,0.0,0.07277838962017341,0.08063312113012702,0.04101227150837866,0.06876422584720154,0.026830510468696493,0.10612086375912128,0.005940267961595723,1.1079114781113342,0.04101227150837866,0.0,1.6714263924630017,1.1079114781113342,0,0,1,1,1,3,1
0.0,0.0,0.09010000610182058,0.10121514748770323,0.08692781599486576,0.0948645292680232,0.062224848243013574,0.18031201378064743,0.0006374998801669153,1.123352023098642,0.08692781599486576,0.0,2.0881338802138787,1.123352023098642,0,0,1,1,1,3,1
0.0,0.0,0.10266529746051964,0.0509350950228195,0.03219927337956165,0.05918369022143008,0.10702702362359232,0.39199608584700024,0.0004790779442750878,0.496122839556054,0.03219927337956165,0.0,0.8097532535869476,0.496122839556054,0,0,1,0,0,1,0
0.0,0.0,0.12001217665338923,0.08329712474786699,0.07143327209957068,0.08950992456217347,0.08826824768201323,0.32477546344428715,0.009715849462187648,0.6940664939520592,0.07143327209957068,0.0,1.2892784039398895,0.6940664939520592,0,0,1,0,0,1,0
0.0,0.0,0.026694285457760432,0.01282363482980998,0.014240957837670081,0.016645628238762616,0.019706283299602126,0.0770752691279937,0.003289367091505957,0.48037076996612876,0.014240957837670081,0.0,1.013834173464973,0.48037076996612876,0,0,1,0,0,1,0
0.0,0.0,0.09812690952328237,0.11832325486266282,0.07865301848271268,0.10335660943283016,0.042988593684034244,0.19443699012050625,0.031846096668284446,1.2058063341764025,0.07865301848271268,0.0,2.007341991715821,1.2058063341764025,1,0,1,1,1,4,1
0.0,0.0,0.061831285219768994,0.06969226029346837,0.06445836045457445,0.06641854156532005,0.030393881269723616,0.12556891748759547,0.026112748094588994,1.1271176545677206,0.06445836045457445,0.0,2.169588593907447,1.1271176545677206,0,0,1,1,1,3,1
0.0,0.0,0.0740232318922029,0.09412406396279774,0.05061217487281568,0.07822088367265351,0.03014621687971263,0.1337691287856402,0.026506663137996753,1.2715304374905914,0.05061217487281568,0.0,1.9552548555503315,1.2715304374905914,1,0,1,1,1,4,1
0.0,0.0,0.1065439783715917,0.11630053353997664,0.0651122520605046,0.10106432437801241,0.04712934742191044,0.20862945459173213,0.029885189487261044,1.0915627870734645,0.0651122520605046,0.0,1.7026873379970735,1.0915627870734645,0,0,1,1,1,3,1
0.0,0.0,0.034203066423878076,0.03696875151433162,0.023549671174925128,0.03292256015686661,0.016682590476811407,0.05806544604863363,0.004731652665149,1.0808291346470869,0.023549671174925128,0.0,1.7693341469775785,1.0808291346470869,0,0,1,1,1,3,1
0.0,0.0,0.0928249105054746,0.04535413764966306,0.05503750858020252,0.05964267359625081,0.06165828577001184,0.22162613479328963,0.008410508179361573,0.4885935123360649,0.05503750858020252,0.0,1.0815045678861912,0.4885935123360649,0,0,1,0,0,1,0
0.0,0.0,0.09655616598981633,0.05670634485618824,0.057216880986540104,0.06679643417218323,0.03230304892001212,0.1257329666229259,0.017632195691718016,0.587282614137297,0.057216880986540104,0.0,1.1798526259018784,0.587282614137297,0,0,1,0,0,1,0
0.0,0.0,0.260523750263087,0.11952766081565061,0.04854097224218521,0.13703001103414333,0.08344370967409379,0.3111184541653491,0.0180621484213594,0.4587957984604051,0.04854097224218521,0.0,0.645115801428134,0.4587957984604051,0,0,1,0,0,1,0
0.0,0.0,0.10952964161041956,0.09947173059768731,0.06402889228867609,0.09312549877361759,0.07054177846634269,0.24572549522224615,0.0004518828048659525,0.9081634977679583,0.06402889228867609,0.0,1.4927386572599948,0.9081634977679583,0,0,1,1,0,2,0
0.0,0.0,0.07628474952215353,0.04429310069984207,0.03886463604775288,0.05093389674239763,0.02977719787124342,0.10452818180176116,0.010295067708509126,0.580620902033338,0.03886463604775288,0.0,1.090082187937942,0.580620902033338,0,0,1,0,0,1,0
0.0,0.0,0.13373382023399616,0.1271474822387741,0.05403124489943696,0.11051500740274534,0.09782887098069244,0.33642404643352286,0.01588953770813568,0.950743284481213,0.05403124489943696,0.0,1.3547610623860125,0.950743284481213,0,0,1,1,0,2,0
0.0,0.0,0.1805474134570601,0.10378082102712823,0.06100955035639655,0.11227965146692827,0.07781459785124413,0.3071116238847952,0.006637508596177069,0.5748088229632129,0.06100955035639655,0.0,0.912721237634785,0.5748088229632129,0,0,1,0,0,1,0
0.0,0.0,0.044247937945976853,0.01198846578425498,0.03334391863279202,0.02539219703681971,0.038751358537866876,0.13808394321447748,0.001419724004231786,0.2709322831407071,0.03334391863279202,0.0,1.0244852536888662,0.2709322831407071,0,0,1,0,0,1,0
0.0,0.0,0.07701752845984358,0.052955271532648535,0.04804231389079462,0.057742596353983815,0.021582881818108846,0.10580427884171947,0.02378512095794343,0.687565350722829,0.04804231389079462,0.0,1.3113414063227906,0.687565350722829,0,0,1,1,0,2,0
0.0,0.0,0.044405509684756275,0.030617159201631505,0.008687061443792757,0.02858172238295301,0.03943809899962018,0.1356428963341245,9.674676003534851e-05,0.6894745707101061,0.008687061443792757,0.0,0.8851004261412712,0.6894745707101061,0,0,1,0,0,1,0
0.0,0.0,0.1041439889483973,0.0736055791247346,0.091338948368766,0.08567352389165814,0.04926424059590639,0.20473142258427243,0.0218560556918755,0.7067606407947804,0.091338948368766,0.0,1.5837970617600121,0.7067606407947804,0,0,1,1,0,2,0
0.0,0.0,0.09452213409776358,0.10224932432975954,0.10462204134507075,0.10091070602558835,0.05707981696795614,0.17450777520160654,0.00597290310972871,1.0817386167496827,0.10462204134507075,0.0,2.1885792049686685,1.0817386167496827,0,0,1,1,1,3,1
0.0,0.0,0.15759271636643496,0.18551342462530365,0.1275701936351408,0.1640474398130458,0.08673986794473963,0.3287258012566579,0.03573165832746444,1.1771625728652158,0.1275701936351408,0.0,1.9866503911391131,1.1771625728652158,0,0,1,1,1,3,1
0.0,0.0,0.11548879433628559,0.07057343710811331,0.10154865350451979,0.089546080514258,0.04761271671097614,0.20897698276968169,0.029215744047290264,0.6110794249283716,0.10154865350451979,0.0,1.4903662405999654,0.6110794249283716,0,0,1,1,0,2,0
0.0,0.0,0.16961078618892092,0.10827428150214273,0.06425384467571078,0.11260329846722927,0.052017912949783356,0.2112559412021364,0.032806140169929346,0.638365316084474,0.06425384467571078,0.0,1.0171942059833285,0.638365316084474,0,0,1,0,0,1,0
0.0,0.0,0.11352367557799092,0.10046542467705798,0.09562078456785014,0.10251882737498924,0.10186535598811464,0.3397248911294289,0.00836789777725163,0.8849655298775877,0.09562078456785014,0.0,1.7272562836807914,0.8849655298775877,0,0,1,1,0,2,0
0.0,0.0,0.04748177374573241,0.03614162822736755,0.018158681539694733,0.03448092793504057,0.040055099953679105,0.13449445692284784,0.0057934604948445744,0.7611524217372797,0.018158681539694733,0.0,1.143579144256344,0.7611524217372797,0,0,1,0,0,1,0
0.0,0.0,0.1116310785755103,0.10583925049663558,0.06029491425541536,0.09590112345604923,0.06694171492768228,0.30638057067521035,0.01494201092961612,0.9481078543659264,0.06029491425541536,0.0,1.4882296099115837,0.9481078543659264,0,0,1,1,0,2,0
0.0,0.0,0.16520449988939737,0.10545343789442681,0.12875320500483572,0.1262161451707717,0.08338620827541797,0.37491076006307456,0.017630424081816497,0.6383167507439299,0.12875320500483572,0.0,1.4176685585895166,0.6383167507439299,0,0,1,1,0,2,0
0.0,0.0,0.12562262174290625,0.027555453295882014,0.038319869235346096,0.054763349392504095,0.09631745961157719,0.4061821989665008,0.0037016905815821727,0.21934929843270518,0.038319869235346096,0.0,0.5243864300142896,0.21934929843270518,0,0,1,0,0,1,0
0.0,0.0,0.0472238521541722,0.049702528160237916,0.044169402010456514,0.04769957762127613,0.04122238206552674,0.12387234873496684,0.008222019395911315,1.0524655111248837,0.044169402010456514,0.0,1.98776546434145,1.0524655111248837,0,0,1,1,1,3,1
0.0,0.0,0.04572498451029383,0.029906903875864563,0.007868250832734291,0.028351760773689314,0.04293450953880172,0.15383773155595748,0.0006804861596166658,0.6540461445752342,0.007868250832734291,0.0,0.8261200958963477,0.6540461445752342,0,0,1,0,0,1,0
0.0,0.0,0.1052684915231346,0.03700439149369703,0.028636815696567997,0.051978522551774174,0.08265486746708646,0.3486492888835224,0.007868464632207148,0.35152056838390583,0.028636815696567997,0.0,0.6235539493970041,0.35152056838390583,0,0,1,0,0,1,0
0.0,0.0,0.07477120217693393,0.07554412035460721,0.06268176888795443,0.0721353029435257,0.028890504109111866,0.1252912813191399,0.02556960776307036,1.0103235982784977,0.06268176888795443,0.0,1.8486266984015909,1.0103235982784977,0,0,1,1,1,3,1
0.0,0.0,0.04296017567780424,0.039077932156098096,0.034614759979428096,0.038932699992357135,0.022754725838330752,0.10219265177880608,0.01388102993002486,0.9096103991466786,0.034614759979428096,0.0,1.7153322964948394,0.9096103991466786,0,0,1,1,0,2,0
0.0,0.0,0.09319592868966955,0.0690785468687561,0.08483887054068627,0.07904797324196701,0.034777636796049685,0.15676386134433443,0.02889156745808631,0.7412105510341044,0.08483887054068627,0.0,1.6515288601619271,0.7412105510341044,0,0,1,1,0,2,0
0.0,0.0,0.21019811386860643,0.21520247136011011,0.126565443139955,0.19179212493219544,0.08873471380914144,0.4133896627664485,0.08877065923206909,1.0238029428355784,0.126565443139955,0.0,1.6259246207560187,1.0238029428355784,0,0,1,1,1,3,1
0.0,0.0,0.05661556785015193,0.035233685314357485,0.026990635967144717,0.0385183936115029,0.03787630180646706,0.1527088018315488,0.003343262586234056,0.6223211093899422,0.026990635967144717,0.0,1.0990479226185597,0.6223211093899422,0,0,1,0,0,1,0
0.0,0.0,0.03277461642452566,0.04490071652623379,0.02385415855877661,0.036607552008942466,0.04025251534310574,0.17867055222378128,0.00401303002965071,1.3699427020580777,0.02385415855877661,0.0,2.0977446829516175,1.3699427020580777,1,0,1,1,1,4,1
0.0,0.0,0.1067276032569621,0.11504795415487118,0.0680749126389575,0.1012246060514155,0.05104578932556073,0.1973296931414868,0.02874516147345692,1.0779486533509601,0.0680749126389575,0.0,1.7157805986923496,1.0779486533509601,0,0,1,1,1,3,1
0.0,0.0,0.1314001524350703,0.06554727771452883,0.048000269843431774,0.07762374442688995,0.06916359617762372,0.2727022105286957,0.015869632476931322,0.498833354957963,0.048000269843431774,0.0,0.8641290084123746,0.498833354957963,0,0,1,0,0,1,0
0.0,0.0,0.08527444186197902,0.034125260592464,0.008424340973175199,0.04048732600502056,0.07103784709134511,0.27403965126201807,0.0009858447840458194,0.40017688384068184,0.008424340973175199,0.0,0.49896665014655756,0.40017688384068184,0,0,1,0,0,1,0
0.0,0.0,0.14721710004613442,0.10710265740435045,0.117219692023882,0.11966052671967933,0.0495607965495481,0.190181943596216,0.03425906110566035,0.7275101184622488,0.117219692023882,0.0,1.5237416415368457,0.7275101184622488,0,0,1,1,0,2,0
0.0,0.0,0.17292330306127499,0.19378001139556122,0.09674281884578535,0.16430653617454566,0.11388060415531107,0.3620561515865453,0.029896685171659585,1.120605999070565,0.09674281884578535,0.0,1.6800578351233895,1.120605999070565,0,0,1,1,1,3,1
0.0,0.0,0.03691204795694362,0.06742057853141839,0.024740823982922325,0.04912350725067568,0.08353635227824376,0.307225793068052,0.002477535264954417,1.8264701037437923,0.024740823982922325,0.0,2.4967161373896913,1.8264701037437923,1,0,1,1,1,4,1
0.0,0.0,0.09541055987072934,0.09713357585206304,0.07634581915300595,0.09150588268196534,0.042118609588673125,0.16228627797752312,0.019075826915186812,1.018048295024909,0.07634581915300595,0.0,1.818221976876929,1.018048295024909,0,0,1,1,1,3,1
0.0,0.0,0.06373834616990184,0.052700492082943265,0.011698602957595509,0.04520948332334596,0.08722285726082364,0.3176939946491967,7.478893962488051e-05,0.8268125616234953,0.011698602957595509,0.0,1.0103507316952753,0.8268125616234953,0,0,1,0,0,1,0
0.0,0.0,0.09269463110537915,0.06653061428620458,0.03231978837664909,0.06451891201360935,0.03792527035468476,0.17924261885120246,0.003705107103655008,0.7177319307591811,0.03231978837664909,0.0,1.0663976444637135,0.7177319307591811,0,0,1,0,0,1,0
0.0,0.0,0.07944471872159334,0.07000221642748386,0.036105687004388126,0.06388870964523731,0.0354502105991877,0.13238120913819515,0.008005301663715401,0.8811326469686436,0.036105687004388126,0.0,1.3356025364149908,0.8811326469686436,0,0,1,1,0,2,0
0.0,0.0,0.14390032846469944,0.07521851826600379,0.0307208580713096,0.08126455576700416,0.10075314950212347,0.4345448012954323,0.00555247822232631,0.5227089914215469,0.0307208580713096,0.0,0.7361945679556493,0.5227089914215469,0,0,1,0,0,1,0
0.0,0.0,0.0950747680310755,0.08146984844939946,0.05855768166861826,0.07914303664962316,0.05450635045643768,0.21472899916746657,0.011085892386233623,0.8568939293003771,0.05855768166861826,0.0,1.4727993580051832,0.8568939293003771,0,0,1,1,0,2,0
0.0,0.0,0.1059482431929114,0.03216046479851938,0.0211247891379863,0.04784849048198413,0.07702895720326847,0.32824457856915007,0.0026012097529011335,0.3035459605875797,0.0211247891379863,0.0,0.5029318976774981,0.3035459605875797,0,0,1,0,0,1,0
0.0,0.0,0.2382904749423504,0.20241121209747812,0.09983230972426635,0.18573630221539328,0.11315123097526682,0.3849658698223925,0.04594445463865417,0.8494269975308485,0.09983230972426635,0.0,1.2683774016458873,0.8494269975308485,0,0,1,0,0,1,0
0.0,0.0,0.10871786437064995,0.03508559545386902,0.032908245001890046,0.05294932507006951,0.09911099406105145,0.398144829453658,0.0008385759525140786,0.3227185609137105,0.032908245001890046,0.0,0.6254097745534847,0.3227185609137105,0,0,1,0,0,1,0
0.0,0.0,0.08914263240942649,0.04609264828390026,0.0632189280589152,0.06113671425903555,0.05048938889685142,0.16790670064334606,0.004496979991703784,0.5170604678997374,0.0632189280589152,0.0,1.226240993195789,0.5170604678997374,0,0,1,0,0,1,0
0.0,0.0,0.08655797627022653,0.10088045130251383,0.04674920830138192,0.08376702179415903,0.03980272942450869,0.17050542346215647,0.025639210928942717,1.1654533781404415,0.04674920830138192,0.0,1.705538419759194,1.1654533781404415,0,0,1,1,1,3,1
0.0,0.0,0.043761610676449084,0.05252186182835411,0.029049377658791214,0.04446367799798714,0.07312488329085748,0.27628676749887,0.0008636654641621321,1.2001537617731484,0.029049377658791214,0.0,1.8639482020446054,1.2001537617731484,1,0,1,1,1,4,1
0.0,0.0,0.21478656258281503,0.1173471952939693,0.0669183684406594,0.12909983040285325,0.09523640020118906,0.3369477755880221,0.02602709114392433,0.5463407372515998,0.0669183684406594,0.0,0.8578968051913246,0.5463407372515998,0,0,1,0,0,1,0
0.0,0.0,0.04035210185562972,0.0318342920390092,0.006031680498440699,0.02751309160802221,0.04927601607181199,0.17590715584092545,0.004334306568634536,0.7888933086953748,0.006031680498440699,0.0,0.9383658454044508,0.7888933086953748,0,0,1,0,0,1,0
0.0,0.0,0.15100358647312118,0.18956534657242116,0.12018401536087758,0.1625795737447103,0.0845198413789334,0.31563358453799434,0.028421925534864143,1.255361515831599,0.12018401536087758,0.0,2.0512579728062375,1.255361515831599,1,0,1,1,1,4,1
0.0,0.0,0.022681576631823543,0.020100358222658384,0.010746650466584321,0.018407235885931152,0.0186580894869714,0.07546891140397713,0.004172720970530677,0.8861585061045348,0.010746650466584321,0.0,1.3599428843531165,0.8861585061045348,0,0,1,1,0,2,0
0.0,0.0,0.18243962598326363,0.16510464992675825,0.07313925016221645,0.14644704399974917,0.08324476064790914,0.2558592161603604,0.02735683923853592,0.9049774360120003,0.07313925016221645,0.0,1.3058708760998783,0.9049774360120003,0,0,1,1,0,2,0
0.0,0.0,0.10966863352448286,0.1023965003582841,0.0566184747390137,0.09277002724501618,0.04324229981837329,0.18951793798138075,0.032858947624865395,0.933681430926136,0.0566184747390137,0.0,1.4499453493824157,0.933681430926136,0,0,1,1,0,2,0
0.0,0.0,0.20597059525114086,0.1335950048452812,0.07003383803598366,0.1357986107444217,0.1291197655959275,0.45685819458543353,0.011688913225777989,0.6486088758131382,0.07003383803598366,0.0,0.9886258473309415,0.6486088758131382,0,0,1,0,0,1,0
0.0,0.0,0.15778168558905495,0.1590511167941728,0.07326262198106843,0.13728663528961724,0.07456576249572813,0.3044319401068396,0.02405367359841556,1.0080391026454036,0.07326262198106843,0.0,1.4723652212404499,1.0080391026454036,0,0,1,1,1,3,1
0.0,0.0,0.05507035471742404,0.10449751853488759,0.05476432590654763,0.0797074294234367,0.05625215403491108,0.2185770300308071,0.011451256805235555,1.8974931535836288,0.05476432590654763,0.0,2.8919180444828663,1.8974931535836288,1,0,1,1,1,4,1
0.0,0.0,0.16313487157585457,0.14550692399329462,0.08524275655492926,0.1348478690293433,0.08441261270605713,0.26106554424789546,0.0071357508214985954,0.8919370251786537,0.08524275655492926,0.0,1.4144631607949596,0.8919370251786537,0,0,1,1,0,2,0
0.0,0.0,0.09849231441798695,0.042008877495493716,0.025139647119022113,0.05191242913199911,0.07265530299850428,0.3033609076575836,0.001795163693184858,0.4265150151939857,0.025139647119022113,0.0,0.6817571833307409,0.4265150151939857,0,0,1,0,0,1,0
0.0,0.0,0.05690077149147547,0.02933023388699818,0.021014986414537258,0.034144056420002275,0.02570594358669858,0.11316046793662328,0.0052224178592341405,0.5154537920035087,0.021014986414537258,0.0,0.8847742167232477,0.5154537920035087,0,0,1,0,0,1,0
0.0,0.0,0.09486139423874233,0.011946802442668785,0.010089141766826897,0.0322110352227267,0.06121019468392764,0.2644576958264723,0.0008082944282519533,0.1259382344135443,0.010089141766826897,0.0,0.23229378075823515,0.1259382344135443,0,0,1,0,0,1,0
0.0,0.0,0.06855599354872166,0.1131485454639588,0.12071989624493054,0.10389324518039246,0.05072797282169484,0.1988434805699854,0.013712286747700695,1.6504303880179212,0.12071989624493054,0.0,3.4112995568086744,1.6504303880179212,1,0,1,1,1,4,1
0.0,0.0,0.10343848541912078,0.11012156529279717,0.07821099427722318,0.10047315257048457,0.040708402522682374,0.19413421454555896,0.052187711464432136,1.064598928026388,0.07821099427722318,0.0,1.820702788755435,1.064598928026388,0,0,1,1,1,3,1
0.0,0.0,0.06385476334055233,0.05544768234770717,0.06941949171819735,0.061042404938541,0.03475333201440913,0.12168314617962106,0.006419932558883688,0.8683269832982246,0.06941949171819735,0.0,1.955456603031573,0.8683269832982246,0,0,1,1,0,2,0
0.0,0.0,0.11288298492251861,0.07448305076673442,0.04319828607332292,0.07626184313232759,0.051945565559476534,0.20241029561362528,0.015184615760649238,0.6598194670205711,0.04319828607332292,0.0,1.0424980737598122,0.6598194670205711,0,0,1,0,0,1,0
0.0,0.0,0.032354490397808244,0.026027058645016633,0.012394110459581446,0.024200679536855736,0.029840197517612386,0.111025063786596,0.0016095590135866227,0.8044093390338383,0.012394110459581446,0.0,1.187469843053305,0.8044093390338383,0,0,1,0,0,1,0
0.0,0.0,0.057261934212238325,0.07556399812293552,0.13676543265621807,0.08628884077858184,0.06868302986050662,0.32182907644802555,0.014030978375457248,1.3195970336215475,0.13676543265621807,0.0,3.707973293722245,1.3195970336215475,1,0,1,1,1,4,1
0.0,0.0,0.10056713134303584,0.0762382166422881,0.08370150280326896,0.08418626685772025,0.05967674603214696,0.24573814614665365,0.013008989830112592,0.7580753030225956,0.08370150280326896,0.0,1.5903618503162393,0.7580753030225956,0,0,1,1,0,2,0
0.0,0.0,0.11993617233837733,0.11763539331462132,0.10826703045502985,0.11586849735566243,0.08772822684269904,0.3430962672041673,0.009187459317049843,0.9808084601389297,0.10826703045502985,0.0,1.883506333902181,0.9808084601389297,0,0,1,1,0,2,0
0.0,0.0,0.14795532794151928,0.08854928381378238,0.08212802939412907,0.10179548124080327,0.05652164151085716,0.2069527181388469,0.013288213626089175,0.5984825728358308,0.08212802939412907,0.0,1.153565485048891,0.5984825728358308,0,0,1,0,0,1,0
0.0,0.0,0.10463055215463433,0.0871548749370237,0.0749932082670428,0.08848337757393115,0.05847484483576957,0.21625758683172136,0.015341383778214444,0.8329693399579703,0.0749932082670428,0.0,1.5497054173910068,0.8329693399579703,0,0,1,1,0,2,0
0.0,0.0,0.09992120645952068,0.08007009060490616,0.06116250463305124,0.08030597307559607,0.03724881478551511,0.1435885493176638,0.01805780446611972,0.8013242845807576,0.06116250463305124,0.0,1.4134255061228245,0.8013242845807576,0,0,1,1,0,2,0
0.0,0.0,0.12585416664328036,0.06729867726998712,0.05544261597240318,0.07897353428891446,0.05179791538026499,0.264633255028695,0.030999985613032712,0.5347311442583539,0.05544261597240318,0.0,0.9752582791478405,0.5347311442583539,0,0,1,0,0,1,0
0.0,0.0,0.1481981862231066,0.07190983182444027,0.12148220275156676,0.10337501315588848,0.08651725691143548,0.334884232879558,0.023132927161969487,0.48522420167802777,0.12148220275156676,0.0,1.3049466701177752,0.48522420167802777,0,0,1,1,0,2,0
0.0,0.0,0.11201375913728293,0.0909351061384613,0.10106714984322664,0.09873778031435804,0.05268669513588771,0.16508148865403438,0.006249091326143148,0.8118136113386019,0.10106714984322664,0.0,1.714079978928259,0.8118136113386019,0,0,1,1,0,2,0
0.0,0.0,0.13959886432106594,0.047526136499910124,0.03181971895304043,0.06661771406848163,0.13470316490628878,0.525729396632327,0.0006400506121058852,0.3404454347506004,0.03181971895304043,0.0,0.5683806058039061,0.3404454347506004,0,0,1,0,0,1,0
0.0,0.0,0.1776527106828873,0.11425582629633588,0.11791827701250739,0.13102066007201663,0.07781823039330774,0.3135510805064095,0.008510192471941569,0.6431378542961202,0.11791827701250739,0.0,1.3068913810828027,0.6431378542961202,0,0,1,1,0,2,0
0.0,0.0,0.07686171685370924,0.0973913770420094,0.04666164059029326,0.07957652788200532,0.047147390408312055,0.17518803455226975,0.0025832742246155015,1.2670821567154829,0.04666164059029326,0.0,1.8741598466584901,1.2670821567154829,1,0,1,1,1,4,1
0.0,0.0,0.04762707147769452,0.01729640833857604,0.012152712224403986,0.023593150094812648,0.042112719111037575,0.1763728037421028,0.0019245487954434688,0.36315575671957245,0.012152712224403986,0.0,0.6183143606134005,0.36315575671957245,0,0,1,0,0,1,0
0.0,0.0,0.13848815306682746,0.06810820901676727,0.05823711600313858,0.08323542177587515,0.08800811788556313,0.40011020001936887,0.009369454415324368,0.49179453775633886,0.05823711600313858,0.0,0.9123120635948894,0.49179453775633886,0,0,1,0,0,1,0
0.0,0.0,0.17641615908610564,0.07767982318089506,0.13005179731433625,0.11545690069055801,0.06982672063329237,0.28868882780507527,0.015432877650813843,0.4403189779457967,0.13005179731433625,0.0,1.177502356184308,0.4403189779457967,0,0,1,0,0,1,0
0.0,0.0,0.12662246058368462,0.0709968886775424,0.07892406734622429,0.08688507632124844,0.04408230124585742,0.1972646951010228,0.026667367710432544,0.5606930054689275,0.07892406734622429,0.0,1.1839903548101571,0.5606930054689275,0,0,1,0,0,1,0
0.0,0.0,0.05328283106415358,0.11208007993446292,0.14771321508968238,0.10628905150569043,0.05874640060870894,0.2118013368336204,0.021626437368243406,2.1034538563775347,0.14771321508968238,0.0,4.875649701526808,2.1034538563775347,1,0,1,1,1,4,1
0.0,0.0,0.05074158811111023,0.05256797523730067,0.04389527827388014,0.049943204214897924,0.033929058275067515,0.11485502033792126,0.005339611148264325,1.0359734730556789,0.04389527827388014,0.0,1.9010314038368867,1.0359734730556789,0,0,1,1,1,3,1
0.0,0.0,0.11579937957202628,0.09811022551763256,0.10643261695348158,0.10461311189019323,0.05791114755420612,0.2453483174374171,0.029414716329250162,0.8472357852385908,0.10643261695348158,0.0,1.7663400001542418,0.8472357852385908,0,0,1,1,0,2,0
0.0,0.0,0.07725575238238439,0.052687129540649115,0.06678552335488531,0.06235388370464198,0.03539465929387087,0.14123947390187683,0.016306988489546054,0.6819744283305198,0.06678552335488531,0.0,1.5464363853168628,0.6819744283305198,0,0,1,1,0,2,0
0.0,0.0,0.12255840475164426,0.0962193685776179,0.06157388340489919,0.0941427563279448,0.05931115886791544,0.21894946839277,0.019215317613764084,0.7850835174387302,0.06157388340489919,0.0,1.2874838312267516,0.7850835174387302,0,0,1,0,0,1,0
0.0,0.0,0.033037123137668795,0.03262710324398791,0.01723027300534985,0.028880400657748617,0.0214548012211229,0.08151217046306312,0.006060445505742531,0.9875592238709149,0.01723027300534985,0.0,1.5090862165984333,0.9875592238709149,0,0,1,1,0,2,0
0.0,0.0,0.14625403502688789,0.21921813487095465,0.06341606059677737,0.16202659134139366,0.12950222071451792,0.4554800044202756,0.028660131757060985,1.4988758153225497,0.06341606059677737,0.0,1.9324749771231595,1.4988758153225497,1,0,1,1,1,4,1
0.0,0.0,0.1370212315949243,0.13587933683348935,0.05071026029279571,0.11487254138867467,0.10510147169650652,0.41499087186227857,0.023336243851166567,0.9916590559930912,0.05071026029279571,0.0,1.3617468855557369,0.9916590559930912,0,0,1,1,0,2,0
0.0,0.0,0.11944783468821903,0.10009950347141738,0.06016701060393173,0.09495346305874638,0.04864036087462017,0.20926758082409283,0.012128456758839895,0.8380115530862519,0.06016701060393173,0.0,1.341716848838843,0.8380115530862519,0,0,1,1,0,2,0
0.0,0.0,0.1058571508090211,0.03828742357264459,0.021378992073316942,0.05095274750690681,0.0661380686048642,0.270598741088838,0.007283574260881635,0.3616861175075598,0.021378992073316942,0.0,0.5636449833098429,0.3616861175075598,0,0,1,0,0,1,0
0.0,0.0,0.17310650592890228,0.10300853993290088,0.06524362500255722,0.11109180269931533,0.06327903306362745,0.29222173901004034,0.02111023411619647,0.5950553061240912,0.06524362500255722,0.0,0.9719518748341371,0.5950553061240912,0,0,1,0,0,1,0
0.0,0.0,0.1255765393229764,0.09360940086422098,0.06692377260364826,0.09492977841376667,0.04760401004712392,0.19068279292506393,0.01484047581023156,0.7454310808198298,0.06692377260364826,0.0,1.278358967163622,0.7454310808198298,0,0,1,0,0,1,0
0.0,0.0,0.14799842905388588,0.05878556395691145,0.027713383154340684,0.07332073503051235,0.08065125385855736,0.3651847962466402,0.006950704439877867,0.3972012887665121,0.027713383154340684,0.0,0.5844546000225331,0.3972012887665121,0,0,1,0,0,1,0
0.0,0.0,0.18601884248457956,0.09471625279679809,0.033094434408257344,0.10213644562160827,0.14472024393375726,0.5648072875165762,0.005149442183331816,0.5091728470023286,0.033094434408257344,0.0,0.6870809344742377,0.5091728470023286,0,0,1,0,0,1,0
0.0,0.0,0.03468595608426349,0.017641994623512965,0.005470932315752304,0.01886021941176043,0.02049648538931325,0.07728935941777619,0.0013133891767281925,0.5086060183734786,0.005470932315752304,0.0,0.6663290628073001,0.5086060183734786,0,0,1,0,0,1,0
0.0,0.0,0.06589806002464574,0.06673379547614014,0.04857468942193985,0.06198508509971647,0.032920270540128846,0.12329449654424458,0.016591609549246954,1.0126668794848093,0.04857468942193985,0.0,1.7497743496637965,1.0126668794848093,0,0,1,1,1,3,1
0.0,0.0,0.09591079022438939,0.11919839947107953,0.0880808566026121,0.10559711144229014,0.044680239796406104,0.18590815126101096,0.03489497071209205,1.2427919361343398,0.0880808566026121,0.0,2.1611446891852784,1.2427919361343398,1,0,1,1,1,4,1
0.0,0.0,0.11598813666311711,0.06196571581207338,0.07698736899056066,0.07922673431945614,0.04691940516450169,0.20786750866856735,0.02152148281916668,0.534237236302989,0.07698736899056066,0.0,1.1979836112257154,0.534237236302989,0,0,1,0,0,1,0
0.0,0.0,0.213339301099189,0.08737965632044539,0.08741192506108358,0.11887763470029085,0.07320447524375072,0.3240571212253567,0.02853198363019389,0.4095787615853213,0.08741192506108358,0.0,0.8193087779521908,0.4095787615853213,0,0,1,0,0,1,0
0.0,0.0,0.0964329403501205,0.10584573922430726,0.053816407136362196,0.09048520648377431,0.06370668941355058,0.26975616791133583,0.013902074165832763,1.0975984061214916,0.053816407136362196,0.0,1.6556634083496717,1.0975984061214916,0,0,1,1,1,3,1
0.0,0.0,0.2881150246022167,0.13503517222568492,0.17133971468783288,0.18238127093535492,0.08935074737482927,0.41720184044636527,0.048433043041561104,0.4686833105243602,0.17133971468783288,0.0,1.0633732967005565,0.4686833105243602,0,0,1,0,0,1,0
0.0,0.0,0.11091438710897522,0.10241389758930208,0.08964433986195504,0.1013466305373836,0.05840868489233896,0.23820471999942872,0.025659325704397225,0.923351576897799,0.08964433986195504,0.0,1.7315743329873465,0.923351576897799,0,0,1,1,0,2,0
0.0,0.0,0.10054311117105724,0.07277170117109427,0.06595927160382932,0.07801144627926879,0.06705677519767896,0.23539843824808343,0.011110665285065269,0.7237788501336161,0.06595927160382932,0.0,1.3798020705449217,0.7237788501336161,0,0,1,1,0,2,0
0.0,0.0,0.09962783739211414,0.0968058371485788,0.04486528357142639,0.08452619881517454,0.061383919862432273,0.22217625211550063,0.008246473287416251,0.9716648280013072,0.04486528357142639,0.0,1.4219890990238413,0.9716648280013072,0,0,1,1,0,2,0
0.0,0.0,0.07590016837388197,0.06859349055052036,0.07886938782459564,0.07298913432487958,0.0395584063904559,0.16345277448556775,0.012558662219724587,0.9037211418490334,0.07886938782459564,0.0,1.9428275154965708,0.9037211418490334,0,0,1,1,0,2,0
0.0,0.0,0.11111556121416943,0.05708499873698142,0.013097203035635444,0.059595690430941935,0.07222859948936258,0.3219805923830985,0.005690794555911404,0.5137397892196651,0.013097203035635444,0.0,0.6316088349543643,0.5137397892196651,0,0,1,0,0,1,0
0.0,0.0,0.10724144208831994,0.13415860901526666,0.05637671760185578,0.10798384443017729,0.06168778725138228,0.2003748433485472,0.011193209646768364,1.250984278265314,0.05637671760185578,0.0,1.7766783645248054,1.250984278265314,1,0,1,1,1,4,1
0.0,0.0,0.10740808907344492,0.1861968113409557,0.10783675523180519,0.1469096167467904,0.09781773866651519,0.3829287112945191,0.022788225475887467,1.73352937770133,0.10783675523180519,0.0,2.737511034766384,1.73352937770133,1,0,1,1,1,4,1
0.0,0.0,0.08715407934363137,0.11810033628148708,0.0458361173074395,0.09229771730351125,0.05883144424722888,0.27481196473359804,0.013353324200301492,1.3550597070291917,0.0458361173074395,0.0,1.880974176416785,1.3550597070291917,1,0,1,1,1,4,1
0.0,0.0,0.2054939133615611,0.10921092588309576,0.04893088105296319,0.11821166154517894,0.10253769833217384,0.42807483732013846,0.01449694911301365,0.5314531834223214,0.04893088105296319,0.0,0.7695655544417978,0.5314531834223214,0,0,1,0,0,1,0
0.0,0.0,0.050339142182977276,0.05587704841153126,0.07430507031757885,0.05909957733090467,0.02111400098998554,0.11586053445622592,0.03621983113535151,1.1099898806091635,0.07430507031757885,0.0,2.586049881542284,1.1099898806091635,0,0,1,1,1,3,1
0.0,0.0,0.08337983458899563,0.053532277304096015,0.04248692451125871,0.05823282842711158,0.04894061397170412,0.20591391587051505,0.010967873705790868,0.6420213657967038,0.04248692451125871,0.0,1.1515740072482685,0.6420213657967038,0,0,1,0,0,1,0
0.0,0.0,0.07830892105465116,0.08012401356060406,0.03658763121818968,0.06878614484851224,0.032652202434494564,0.12506384505760643,0.010604759187438783,1.0231655514591422,0.03658763121818968,0.0,1.4903813361954823,1.0231655514591422,0,0,1,1,1,3,1
0.0,0.0,0.0578236464947509,0.03055891059991605,0.03165731147675135,0.03764969479283358,0.030300254757412347,0.14659954801639752,0.006615341298059387,0.5284755282107962,0.03165731147675135,0.0,1.0759464319823406,0.5284755282107962,0,0,1,0,0,1,0
0.0,0.0,0.19660759427388352,0.12298209248125885,0.11660501439824325,0.1397941984086611,0.08181997172619203,0.3088002264210411,0.02234627390382924,0.6255173785024878,0.11660501439824325,0.0,1.2185993586106811,0.6255173785024878,0,0,1,0,0,1,0
0.0,0.0,0.21696431742593364,0.13210911560586494,0.07145328703460041,0.13815895891806595,0.10253980989450116,0.38118391992623535,0.012936136374030967,0.6088950859667402,0.07145328703460041,0.0,0.93822554247619,0.6088950859667402,0,0,1,0,0,1,0
0.0,0.0,0.10312381028915826,0.1136029126574792,0.06031996964046247,0.09766240131114477,0.06258787452644958,0.2658512660638248,0.022945427537687087,1.1016060280638647,0.06031996964046247,0.0,1.6865280218239254,1.1016060280638647,0,0,1,1,1,3,1
0.0,0.0,0.06271126028749494,0.061547623185227864,0.053743603632314896,0.05988752757256641,0.03720757344354906,0.1452260495774229,0.015134980874669772,0.9814288769543951,0.053743603632314896,0.0,1.838416065519046,0.9814288769543951,0,0,1,1,0,2,0
0.0,0.0,0.1585271007651377,0.11586749994183411,0.06236460374180559,0.11315667609765288,0.068880410802834,0.2404103807868228,0.013074318078090928,0.730895654351489,0.06236460374180559,0.0,1.1242934396072393,0.730895654351489,0,0,1,0,0,1,0
0.0,0.0,0.22643681661169213,0.13846789271123092,0.08300947464623716,0.14659551917009775,0.09820638052516752,0.3607031155297089,0.02164016585707097,0.6115051575006272,0.08300947464623716,0.0,0.978093547586486,0.6115051575006272,0,0,1,0,0,1,0
0.0,0.0,0.13433973406460362,0.12938530716536176,0.0873126374776602,0.12010574646824684,0.07272885890683738,0.34605439105552854,0.01873703591153792,0.963112998200093,0.0873126374776602,0.0,1.613047197872339,0.963112998200093,0,0,1,1,0,2,0
0.0,0.0,0.059620049954936305,0.0859422475705967,0.05475344054034448,0.07156449640911854,0.05312289421534368,0.19612613581739363,0.006039222692992867,1.4414749092066457,0.05475344054034448,0.0,2.359832445374309,1.4414749092066457,1,0,1,1,1,4,1
0.0,0.0,0.06222484865639566,0.13993709937900764,0.11358293279950486,0.11392049505347894,0.058722536337611604,0.22055799057044637,0.01365042411405904,2.2488580292689138,0.11358293279950486,0.0,4.074191636636768,2.2488580292689138,1,0,1,1,1,4,1
0.0,0.0,0.05469565962841276,0.06638731182567381,0.05590089013635752,0.06084279335402947,0.03837393256796015,0.14709401574714387,0.011112573353127146,1.2137361271544307,0.05590089013635752,0.0,2.235752654601003,1.2137361271544307,1,0,1,1,1,4,1
0.0,0.0,0.04599725254794401,0.053827328525064146,0.043217456792826445,0.0492173415977247,0.0227763212239112,0.10631179838664807,0.02175096538409976,1.1702037695662435,0.043217456792826445,0.0,2.109749391387004,1.1702037695662435,0,0,1,1,1,3,1
0.0,0.0,0.08508466804555323,0.021057524563747695,0.008704268273206191,0.033975996361563704,0.07973876751093371,0.3319581769858002,0.0007155770100832684,0.24748615186841927,0.008704268273206191,0.0,0.3497862039588147,0.24748615186841927,0,0,1,0,0,1,0
0.0,0.0,0.14511635854569932,0.10096452403735047,0.08305508225171468,0.10752512221802873,0.044460169216266,0.1898855062640306,0.03716994429093861,0.6957439485473782,0.08305508225171468,0.0,1.268074392569067,0.6957439485473782,0,0,1,0,0,1,0
0.0,0.0,0.20018305245447282,0.0748179091185191,0.05708001132479179,0.10172472050407572,0.1685012256835674,0.6863704169794441,0.009163002284667463,0.3737456016159663,0.05708001132479179,0.0,0.6588832568134166,0.3737456016159663,0,0,1,0,0,1,0
0.0,0.0,0.1399774248640042,0.0964709287503272,0.10919796371963642,0.11052931152107374,0.04323141727509212,0.19017295827564523,0.049090420387386285,0.6891842713907759,0.10919796371963642,0.0,1.4692899471456469,0.6891842713907759,0,0,1,1,0,2,0
0.0,0.0,0.10509769173692235,0.04683839144072226,0.03255079130840613,0.05783131648169325,0.05646041918220299,0.2588485070019697,0.009500674903456382,0.4456610321845463,0.03255079130840613,0.0,0.7553774593869476,0.4456610321845463,0,0,1,0,0,1,0
0.0,0.0,0.1521239186162081,0.07533684001849769,0.07799978378534034,0.09519934560963594,0.0504286885194806,0.17976306756033875,0.022746204284972815,0.4952301089380563,0.07799978378534034,0.0,1.0079651985923943,0.4952301089380563,0,0,1,0,0,1,0
0.0,0.0,0.13190871120153647,0.10027364524598498,0.0688863301408124,0.10033558295857971,0.055364596475431876,0.20022467296474533,0.025249364940511346,0.7601687876700999,0.0688863301408124,0.0,1.282392129024895,0.7601687876700999,0,0,1,0,0,1,0
0.0,0.0,0.0810362924293066,0.07920749142460927,0.07553723093233475,0.07874712655271496,0.035767671978260536,0.14094488960966794,0.01910227399687433,0.9774202598600691,0.07553723093233475,0.0,1.909549513786342,0.9774202598600691,0,0,1,1,0,2,0
0.0,0.0,0.08190807875577708,0.06746950970856419,0.08814491884535841,0.07624800425456596,0.05886826649404247,0.22422276285000037,0.01600634508795004,0.8237122274288251,0.08814491884535841,0.0,1.8998434717829988,0.8237122274288251,0,0,1,1,0,2,0
0.0,0.0,0.04635210228049602,0.06138130976967734,0.03777030249375644,0.05172125607840179,0.08214251131332477,0.2583932614273301,0.0012533548909676032,1.3242114712892632,0.03777030249375644,0.0,2.13905019050157,1.3242114712892632,1,0,1,1,1,4,1
0.0,0.0,0.1112509501328394,0.059709020365962394,0.02729057704943616,0.06448989197855008,0.12176407668411261,0.4252199811377279,0.0008513022845432802,0.5367008874421291,0.02729057704943616,0.0,0.7820051451818819,0.5367008874421291,0,0,1,0,0,1,0
0.0,0.0,0.11432450298398757,0.028217991753335094,0.0164007701671166,0.04679031416444359,0.10531848055750934,0.43766945583782807,0.0006829425402584547,0.2468214966636736,0.0164007701671166,0.0,0.39027829098377986,0.2468214966636736,0,0,1,0,0,1,0
0.0,0.0,0.18684683228642276,0.17009746828223882,0.12129366053743287,0.16208385734708333,0.1147283734073993,0.30911190824048407,0.018298969816535855,0.9103529123179391,0.12129366053743287,0.0,1.5595103526434944,0.9103529123179391,0,0,1,1,0,2,0
0.0,0.0,0.17745417054080426,0.10906384001353532,0.05236555893675268,0.1119868523761569,0.08543353364040687,0.3282976783870683,0.01141164917761712,0.6145993925178813,0.05236555893675268,0.0,0.9096911544381782,0.6145993925178813,0,0,1,0,0,1,0
0.0,0.0,0.06955423421822317,0.03903323866298698,0.05094531618065913,0.049641506931214066,0.0498124905348652,0.17106687856872116,0.015599452826861732,0.5611833401426524,0.05094531618065913,0.0,1.2936273719005338,0.5611833401426524,0,0,1,0,0,1,0
0.0,0.0,0.12635338652915185,0.038821789402751494,0.026539352130770605,0.05763407936635637,0.12215408453840602,0.490752314176135,0.0006066756275665742,0.30724528422916864,0.026539352130770605,0.0,0.5172843090686234,0.30724528422916864,0,0,1,0,0,1,0
0.0,0.0,0.01829421201810034,0.026575616879096042,0.014512202242378917,0.021489412004667835,0.03111260743234556,0.12748575768485787,0.0014788553191384252,1.4525995573488568,0.014512202242378917,0.0,2.24582361116257,1.4525995573488568,1,0,1,1,1,4,1
0.0,0.0,0.03486025022735877,0.03463004555860716,0.02865316476582725,0.03319337652760009,0.018075055427040475,0.06502144548160371,0.005766819224867389,0.9933678606692605,0.02865316476582725,0.0,1.8152880321764924,0.9933678606692605,0,0,1,1,0,2,0
0.0,0.0,0.0974917578502142,0.07373613193470553,0.04939557397208181,0.07358989892292678,0.11401444047893212,0.3319255415660195,0.0025799497908618255,0.7563241984393564,0.04939557397208181,0.0,1.262983103790789,0.7563241984393564,0,0,1,0,0,1,0
0.0,0.0,0.14411167867059263,0.11230748379324083,0.08441610944641036,0.11328568892587117,0.07134856640728404,0.2735216107885779,0.023211937908646143,0.7793032842720874,0.08441610944641036,0.0,1.3650679111260893,0.7793032842720874,0,0,1,1,0,2,0
0.0,0.0,0.07898773368691167,0.06595021034260223,0.031236161442454093,0.06053107895364256,0.046538234493052076,0.16251107144291985,0.006203527576457393,0.8349318600803205,0.031236161442454093,0.0,1.230382704580058,0.8349318600803205,0,0,1,0,0,1,0
0.0,0.0,0.16823756601960166,0.13969878185516302,0.04183626885236926,0.12236784964557425,0.16041112977354555,0.542129959090905,0.01533627420143133,0.8303612254926529,0.04183626885236926,0.0,1.0790335117715009,0.8303612254926529,0,0,1,0,0,1,0
0.0,0.0,0.14303979551165114,0.080821038891686,0.08892310912727616,0.09840124560557481,0.06713690258688094,0.2604381983327336,0.010537396260015219,0.5650208991259621,0.08892310912727616,0.0,1.1866834731434077,0.5650208991259621,0,0,1,0,0,1,0
0.0,0.0,0.16637393962388514,0.09725484308942052,0.050698801991573596,0.10289560694857494,0.06525797247553705,0.29219877963750857,0.00826276255508366,0.5845522367087213,0.050698801991573596,0.0,0.8892784298853238,0.5845522367087213,0,0,1,0,0,1,0
0.0,0.0,0.12284273398264177,0.10590883467782583,0.11653552251134731,0.11279898146241019,0.07517870507674763,0.2738421449231436,0.021883442181883365,0.8621427503399652,0.11653552251134731,0.0,1.8107912384086704,0.8621427503399652,0,0,1,1,0,2,0
0.0,0.0,0.05481068208550292,0.0711168506108888,0.07816612478317256,0.06880262702261325,0.03944886103724896,0.15294452316425927,0.014785423573593129,1.297476156633011,0.07816612478317256,0.0,2.7235612868291272,1.297476156633011,1,0,1,1,1,4,1
0.0,0.0,0.055277706468364836,0.07377161297167156,0.042819520382394165,0.061410113198525525,0.10167346354058858,0.28257248335278806,0.0010187661504633943,1.3345394218638227,0.042819520382394165,0.0,2.1091508973855797,1.3345394218638227,1,0,1,1,1,4,1
0.0,0.0,0.08617835386500716,0.05932365795918167,0.06258638321926258,0.06685301325065827,0.04096930744271076,0.14342733921329232,0.009170085880729689,0.6883743646083409,0.06258638321926258,0.0,1.4146084382276323,0.6883743646083409,0,0,1,1,0,2,0
0.0,0.0,0.03454496046371995,0.044867601769623656,0.05166698514248867,0.043986787286363974,0.0715116504074318,0.24815442842969151,0.0002300317122649087,1.2987799779584492,0.05166698514248867,0.0,2.7943813289977166,1.2987799779584492,1,0,1,1,1,4,1
0.0,0.0,0.12026550875759609,0.12352722498899074,0.07020338307456128,0.10938083545253473,0.0698701266686845,0.20285142720971508,0.003143125852360233,1.0271124211144003,0.07020338307456128,0.0,1.610844199809832,1.0271124211144003,0,0,1,1,1,3,1
0.0,0.0,0.10156191249570551,0.03863843464062158,0.019853251712303868,0.04967300837231314,0.09074623591851529,0.361651626782762,0.0023633891653820995,0.3804384266969045,0.019853251712303868,0.0,0.5759158034720472,0.3804384266969045,0,0,1,0,0,1,0
0.0,0.0,0.0942012066807151,0.12293346480035311,0.08864899778402466,0.10717928351636152,0.04836715908090002,0.21560544222775777,0.01458781479591636,1.3049955954537082,0.08864899778402466,0.0,2.24604571421035,1.3049955954537082,1,0,1,1,1,4,1
0.0,0.0,0.0878311805532131,0.06456903888116805,0.0563941175262132,0.06834084396044059,0.04195913463842771,0.16584271375997436,0.010318854283164756,0.7351410209160061,0.0563941175262132,0.0,1.377207711860185,0.7351410209160061,0,0,1,1,0,2,0
0.0,0.0,0.11002540786585976,0.06756264225844144,0.030586044750777384,0.06893418428338001,0.04037650471845027,0.16313641685396235,0.01850062775244704,0.6140584207821397,0.030586044750777384,0.0,0.8920466360119489,0.6140584207821397,0,0,1,0,0,1,0
0.0,0.0,0.06591885339602666,0.06695095352764285,0.03600636659568372,0.05895678176174903,0.05097764085615799,0.22014893438994687,0.008018559138438509,1.0156417236765023,0.03600636659568372,0.0,1.5618560239324253,1.0156417236765023,0,0,1,1,1,3,1
0.0,0.0,0.10914789349767064,0.09142976649880867,0.05727848542131937,0.08732147797915185,0.06919354694802377,0.2765465690232746,0.008342528292416072,0.8376609562309478,0.05727848542131937,0.0,1.36243480950452,0.8376609562309478,0,0,1,1,0,2,0
0.0,0.0,0.20973794124710599,0.09889600474876041,0.05644845134328292,0.11599460052197742,0.06751424456948958,0.23318612941896896,0.012235823611009233,0.4715195192686947,0.05644845134328292,0.0,0.7406562423189824,0.4715195192686947,0,0,1,0,0,1,0
0.0,0.0,0.13351641236219433,0.12052663558141802,0.1501769968196107,0.13118667008616028,0.061334733043322744,0.24713857394549252,0.03702203093728968,0.9027035009820586,0.1501769968196107,0.0,2.0274781214804225,0.9027035009820586,0,0,1,1,0,2,0
0.0,0.0,0.11291349952519439,0.05937300681877267,0.07635399712271254,0.07700337757136307,0.0709375217291518,0.2953333266732314,0.010289862911315851,0.5258226983109896,0.07635399712271254,0.0,1.2020334369121541,0.5258226983109896,0,0,1,0,0,1,0
0.0,0.0,0.14020880664606994,0.09500164674102571,0.12570493729393414,0.11397925935551385,0.05454918647448071,0.20756507790058745,0.019591141844479916,0.6775677751331425,0.12570493729393414,0.0,1.5741165993623187,0.6775677751331425,0,0,1,1,0,2,0
0.0,0.0,0.18728119188529257,0.17246872898313206,0.09086908851096079,0.15577193459062935,0.1367827076354011,0.3841606152107497,0.009912892927194829,0.9209029820025092,0.09086908851096079,0.0,1.4061017486135743,0.9209029820025092,0,0,1,1,0,2,0
0.0,0.0,0.25107149829746617,0.16334350315608515,0.05717111686256478,0.15873240536805028,0.13522120235566545,0.4196967390154748,0.023698258162304007,0.6505830159166167,0.05717111686256478,0.0,0.8782906192990846,0.6505830159166167,0,0,1,0,0,1,0
0.0,0.0,0.08894982966470105,0.0928909186291905,0.11090687897156003,0.09640963647366052,0.06693950939061039,0.27805192049138144,0.006457151568059438,1.0442951345068006,0.11090687897156003,0.0,2.2911286872642282,1.0442951345068006,0,0,1,1,1,3,1
0.0,0.0,0.07706696391561446,0.03247882018909442,0.018498914280123797,0.04013087964348177,0.07275150023010499,0.2532033583080958,0.0013794153848979784,0.4214308843640542,0.018498914280123797,0.0,0.661464658973426,0.4214308843640542,0,0,1,0,0,1,0
0.0,0.0,0.14525516294211638,0.08915939788655075,0.06842068294564017,0.09799866041521452,0.06009161403199833,0.24775426979150383,0.03430443672932405,0.6138080208140991,0.06842068294564017,0.0,1.084842650669394,0.6138080208140991,0,0,1,0,0,1,0
0.0,0.0,0.1333699233403477,0.07199271165291561,0.025904153474712387,0.07581487503022283,0.07142526209125481,0.27060719682169326,0.01143983273673002,0.5397931561829129,0.025904153474712387,0.0,0.7340195499569732,0.5397931561829129,0,0,1,0,0,1,0
0.0,0.0,0.04605519199354519,0.020167110368959882,0.016049446347217493,0.025609714769670614,0.018221311214309737,0.07766072206886233,0.005448150300306992,0.43788054322394515,0.016049446347217493,0.0,0.786355865488253,0.43788054322394515,0,0,1,0,0,1,0
0.0,0.0,0.14252646430038107,0.10755080103089094,0.05859925030259085,0.10405682916618847,0.10053998728712918,0.3859849984957366,0.026893326913899757,0.754597028431126,0.05859925030259085,0.0,1.1657405970775947,0.754597028431126,0,0,1,0,0,1,0
0.0,0.0,0.09930424616522196,0.10644583199675624,0.0631601269433735,0.09383900927552698,0.07886951211708616,0.31319220748172366,0.017947560256124102,1.0719054240060382,0.0631601269433735,0.0,1.7079254670789794,1.0719054240060382,0,0,1,1,1,3,1
0.0,0.0,0.12884560615176682,0.08084568179846202,0.08204733055712089,0.09314607507645296,0.06416450953725299,0.2652118829011765,0.02071194356620016,0.6274568202691726,0.08204733055712089,0.0,1.264239836971051,0.6274568202691726,0,0,1,0,0,1,0
0.0,0.0,0.11961403733855092,0.11538726847405435,0.12477864098393078,0.1187918038176476,0.05035999239833255,0.20247638946380364,0.020902825402093532,0.9646552059125263,0.12477864098393078,0.0,2.0078237218472337,0.9646552059125263,0,0,1,1,0,2,0
0.0,0.0,0.029298279814218158,0.03387171861391204,0.015298361164412543,0.028085019551613695,0.03834101509332407,0.1591063519606269,0.0008328704447161732,1.156059767635483,0.015298361164412543,0.0,1.6782009691058568,1.156059767635483,0,0,1,1,1,3,1
0.0,0.0,0.1562740923842373,0.15939967378340164,0.08877904621448968,0.1409631215413826,0.0783848246356255,0.30493239449957393,0.0013051516102430408,1.0199941100753398,0.08877904621448968,0.0,1.5880887748105652,1.0199941100753398,0,0,1,1,1,3,1
0.0,0.0,0.14378403723521102,0.08816545184534677,0.04903400836625687,0.09228723732304035,0.10943961048217885,0.41768657162135,0.01561660544039774,0.6131754286860959,0.04903400836625687,0.0,0.9541984538152302,0.6131754286860959,0,0,1,0,0,1,0
0.0,0.0,0.05908029149728293,0.10184974994924952,0.06536402168731459,0.08203595327077413,0.0399345597058324,0.18398517243926452,0.02141165980841069,1.7238917323588543,0.06536402168731459,0.0,2.830232166543855,1.7238917323588543,1,0,1,1,1,4,1
0.0,0.0,0.17593613172995753,0.10425380950499097,0.10789799753776742,0.12308543706942673,0.05565812844798946,0.2974528018162762,0.04047190602075786,0.5925628574245947,0.10789799753776742,0.0,1.2058387274858273,0.5925628574245947,0,0,1,0,0,1,0
0.0,0.0,0.15816283175836576,0.14491917779516128,0.05253448508862475,0.12513391810932825,0.07948712860506331,0.2758783335623817,0.014289185913552332,0.916259907110502,0.05253448508862475,0.0,1.2484122361517211,0.916259907110502,0,0,1,0,0,1,0
0.0,0.0,0.1701162953359455,0.0462466848924639,0.05254983763395746,0.0787898756887077,0.10809721694178967,0.48304410400264264,0.012701414477194606,0.2718517526459407,0.05254983763395746,0.0,0.5807553096310356,0.2718517526459407,0,0,1,0,0,1,0
0.0,0.0,0.121842651092742,0.08523815538303815,0.08198967395580474,0.09357715895365575,0.05175579013258857,0.18207769486630265,0.01884314966580984,0.699569937527222,0.08198967395580474,0.0,1.37247881066496,0.699569937527222,0,0,1,1,0,2,0
0.0,0.0,0.09588095537742397,0.06645292929045046,0.06936078262746438,0.07453689914644733,0.06848987026992107,0.25362244649202786,0.007365212649824509,0.693070234423872,0.06936078262746438,0.0,1.416467899338368,0.693070234423872,0,0,1,1,0,2,0
0.0,0.0,0.19760887507644304,0.12285959129192008,0.15647989992252134,0.14995198939570112,0.06465693578005462,0.2572839888871135,0.015770339585066635,0.6217279943342573,0.15647989992252134,0.0,1.4135907484703496,0.6217279943342573,0,0,1,1,0,2,0
0.0,0.0,0.0956883748346076,0.08171147885454723,0.02761225214667252,0.07168089617259364,0.0620157521591626,0.26039811220267556,0.011364858688725232,0.8539242627071167,0.02761225214667252,0.0,1.1424855809767613,0.8539242627071167,0,0,1,0,0,1,0
0.0,0.0,0.17145502351623698,0.06562063341812277,0.06039278827044332,0.09077226965573144,0.1045403586040865,0.4685124030097335,0.012142986551790271,0.38272573965246814,0.06039278827044332,0.0,0.7349605986670545,0.38272573965246814,0,0,1,0,0,1,0
0.0,0.0,0.08472654686872058,0.10081024628253767,0.07376955326566395,0.09002914817486496,0.047745220480213436,0.18090934729983357,0.027192983661105823,1.1898166535936194,0.07376955326566395,0.0,2.060484529532064,1.1898166535936194,0,0,1,1,1,3,1
0.0,0.0,0.15350978629263975,0.18585047244269964,0.1407780215234938,0.16649718817538323,0.10641604724640648,0.3292162236605354,0.016497103038744507,1.210667191088516,0.1407780215234938,0.0,2.127723411848969,1.210667191088516,1,0,1,1,1,4,1
0.0,0.0,0.05190107697203096,0.04590138381363876,0.03144286744818391,0.04378667801187309,0.013050823359679772,0.06912056440456682,0.014707990562534894,0.8843843347227537,0.03144286744818391,0.0,1.490195687226583,0.8843843347227537,0,0,1,1,0,2,0
0.0,0.0,0.14777286996127761,0.1681611881092035,0.10012771720073378,0.1460557408451046,0.08376207181190937,0.2617232833689117,0.004681058469722605,1.137962944012146,0.10012771720073378,0.0,1.8155368427465504,1.137962944012146,0,0,1,1,1,3,1
0.0,0.0,0.15113746074601345,0.08358237445610378,0.05074788186492239,0.09226252288078586,0.0821055643720319,0.2807378680739593,0.014245638022772535,0.5530185635313771,0.05074788186492239,0.0,0.8887893634616719,0.5530185635313771,0,0,1,0,0,1,0
0.0,0.0,0.20595004744707876,0.09438282980577825,0.04633279812582944,0.11026212629611619,0.07673031328214452,0.2580251082066688,0.0033874251570501983,0.45827797904271833,0.04633279812582944,0.0,0.6832479352539638,0.45827797904271833,0,0,1,0,0,1,0
0.0,0.0,0.25450381867705296,0.14904759247373275,0.09442437662841707,0.1617558450632339,0.07730577565884461,0.29717613146788663,0.04686575018962395,0.5856376050107825,0.09442437662841707,0.0,0.9566497419095905,0.5856376050107825,0,0,1,0,0,1,0
0.0,0.0,0.15750946530853155,0.18614059386950646,0.08703111118075083,0.15420544105707384,0.09979832949648675,0.350054373231284,0.02214109460542392,1.1817665163066733,0.08703111118075083,0.0,1.7343082855806975,1.1817665163066733,0,0,1,1,1,3,1
0.0,0.0,0.08782210149411256,0.09844004352494429,0.03338538028496582,0.07952189220724175,0.06213526556916045,0.2564381774669602,0.019985627071742007,1.1208900830215323,0.03338538028496582,0.0,1.501033572798011,1.1208900830215323,0,0,1,1,1,3,1
0.0,0.0,0.10351000732326392,0.07255800925207227,0.037919363271656306,0.0716363472747662,0.06885980355742535,0.2459644626877372,0.01036621573046566,0.7009690189322019,0.037919363271656306,0.0,1.0673007188376475,0.7009690189322019,0,0,1,0,0,1,0
0.0,0.0,0.11244518881431823,0.07628139546373919,0.04896353765524565,0.07849287934926057,0.04035952826442433,0.13689683976820563,0.0060782634867637296,0.6783813330454644,0.04896353765524565,0.0,1.1138210591183406,0.6783813330454644,0,0,1,0,0,1,0
0.0,0.0,0.08706775412972172,0.06526242229243137,0.030753190742476996,0.06208644736426536,0.07078466270180815,0.25123564854886293,0.013244790375531517,0.7495504322388534,0.030753190742476996,0.0,1.1027562527408734,0.7495504322388534,0,0,1,0,0,1,0
0.0,0.0,0.1719748693241943,0.10223306173473237,0.0635382454680693,0.1099948095654321,0.07735307461123014,0.36863315305121663,0.02161646319352589,0.5944616656771263,0.0635382454680693,0.0,0.963921902847333,0.5944616656771263,0,0,1,0,0,1,0
0.0,0.0,0.025408032618398888,0.01706823940749488,0.007081762612797577,0.016656568511546555,0.017692924615079365,0.06950186516914969,0.00027894521290126916,0.6717390490158066,0.007081762612797577,0.0,0.950449487116847,0.6717390490158066,0,0,1,0,0,1,0
0.0,0.0,0.045997653829271276,0.04675087165392397,0.03400001174538518,0.0433748522206261,0.027393097925892923,0.12922763396813697,0.003271378066768046,1.016353039970357,0.03400001174538518,0.0,1.755505361070442,1.016353039970357,0,0,1,1,1,3,1
0.0,0.0,0.14881371309001798,0.13482459600221677,0.10528042368038859,0.13093583219371002,0.06939700092619161,0.2767652800801427,0.019473192724681825,0.9059896914941563,0.10528042368038859,0.0,1.6134494681138545,0.9059896914941563,0,0,1,1,0,2,0
0.0,0.0,0.16127110317725418,0.13563202555555268,0.09909075852103702,0.13290647820234913,0.053530912931826366,0.23898257153193467,0.04787852257523314,0.8410135595892831,0.09909075852103702,0.0,1.4554456688557342,0.8410135595892831,0,0,1,1,0,2,0
0.0,0.0,0.11800443238281122,0.07566867560681714,0.03918352480202079,0.07713132709961658,0.1077125889481504,0.3642873520592199,0.0011024303803959887,0.6412304423524074,0.03918352480202079,0.0,0.9732789252977425,0.6412304423524074,0,0,1,0,0,1,0
0.0,0.0,0.07282891947298892,0.10200777505719356,0.07446112947538935,0.08782639976569134,0.0464872391176519,0.1589351325032057,0.008046968770651074,1.400630067908095,0.07446112947538935,0.0,2.4230275937354495,1.400630067908095,1,0,1,1,1,4,1
0.0,0.0,0.07383826813650546,0.05256101859822972,0.034027656232544674,0.0532469903913774,0.049001321644062124,0.16083963245938776,0.006558926894763968,0.7118301673990188,0.034027656232544674,0.0,1.172664315560378,0.7118301673990188,0,0,1,0,0,1,0
0.0,0.0,0.0841757175397414,0.10826224681410634,0.0819014034811848,0.09565040366228472,0.04217966618486368,0.1961047888596628,0.027176139284481766,1.2861305355960657,0.0819014034811848,0.0,2.2591003290845992,1.2861305355960657,1,0,1,1,1,4,1
0.0,0.0,0.0979521308359578,0.052877582881186595,0.09504393340273098,0.07468780750026549,0.04980559499949908,0.1826848113304056,0.009589469306483462,0.5398253473872187,0.09504393340273098,0.0,1.5101254551183452,0.5398253473872187,0,0,1,1,0,2,0
0.0,0.0,0.03964963900685778,0.02247776707542073,0.02778899292928678,0.0280985415217465,0.01992250721828414,0.08187054240819226,0.007670772648154762,0.5668954558723023,0.02778899292928678,0.0,1.2677414857302456,0.5668954558723023,0,0,1,0,0,1,0
0.0,0.0,0.2714014745018332,0.12033847054353196,0.060071974420419165,0.14303759750232908,0.13958817349180955,0.468039730754614,0.004125943814906121,0.44339489079610117,0.060071974420419165,0.0,0.66473397228636,0.44339489079610117,0,0,1,0,0,1,0
0.0,0.0,0.07477330743366112,0.06211434968397963,0.053899931494489725,0.06322548457402753,0.0367422645603544,0.16219934637953132,0.017350532005265987,0.8306910731214294,0.053899931494489725,0.0,1.5515259874709753,0.8306910731214294,0,0,1,1,0,2,0
0.0,0.0,0.2391352010644231,0.06732692102397356,0.06499882938846362,0.10969696812520847,0.0960639273626463,0.35568212354557754,0.011914361772772308,0.28154215348530914,0.06499882938846362,0.0,0.5533488857957927,0.28154215348530914,0,0,1,0,0,1,0
0.0,0.0,0.11345071575599619,0.059843772841599537,0.08803695675282763,0.08029380454800573,0.04538201394894286,0.19190030346466927,0.013474697819980811,0.5274823077185296,0.08803695675282763,0.0,1.3034684280357507,0.5274823077185296,0,0,1,1,0,2,0
0.0,0.0,0.03856164682693194,0.02315398198309107,0.023440927212886677,0.02707763450150019,0.023224940002362346,0.08347300871037835,0.0050102216186779566,0.6004251234881641,0.023440927212886677,0.0,1.2082912618808137,0.6004251234881641,0,0,1,0,0,1,0
0.0,0.0,0.11661155543331873,0.04759368920369459,0.03873200910194396,0.06263273573566297,0.08703348879458464,0.357161386984266,0.004729638439192103,0.4081352048828873,0.03873200910194396,0.0,0.7402779056239893,0.4081352048828873,0,0,1,0,0,1,0
0.0,0.0,0.034203066423878076,0.03696875151433162,0.023549671174925128,0.03292256015686661,0.016682590476811407,0.05806544604863363,0.004731652665149,1.0808291346470869,0.023549671174925128,0.0,1.7693341469775785,1.0808291346470869,0,0,1,1,1,3,1
0.0,0.0,0.11772611766609858,0.06482489925589463,0.03033762991206617,0.06942838652248852,0.04673118065253756,0.2133960414920635,0.022787493901879077,0.5506369351516197,0.03033762991206617,0.0,0.8083314282599172,0.5506369351516197,0,0,1,0,0,1,0
0.0,0.0,0.11383611611640732,0.1136135595649318,0.10254613842515983,0.11090234341785768,0.07482235601552187,0.28113017947257285,0.007135289485382697,0.9980361716889691,0.10254613842515983,0.0,1.898850791064063,0.9980361716889691,0,0,1,1,0,2,0
0.0,0.0,0.08408472057635134,0.07762478728239729,0.053958425924403905,0.07332318026638746,0.06332479337917932,0.2708493789474577,0.020994932137831695,0.9231625387798466,0.053958425924403905,0.0,1.5648699006785733,0.9231625387798466,0,0,1,1,0,2,0
0.0,0.0,0.08535556875940545,0.0981858109153764,0.07518711105994119,0.08922857541252484,0.08017322667636068,0.32744941023101287,0.010578470244291,1.1503017558277528,0.07518711105994119,0.0,2.031160864303295,1.1503017558277528,0,0,1,1,1,3,1
0.0,0.0,0.09291855991127579,0.10444905602095902,0.09356422724081696,0.0988452247985027,0.04648229995896977,0.17482644830783772,0.02205309875400304,1.1240803994411097,0.09356422724081696,0.0,2.1310183071341373,1.1240803994411097,0,0,1,1,1,3,1
0.0,0.0,0.10350638462976067,0.06660989006555901,0.035896868594998375,0.06815575833896927,0.043201612016695354,0.17855866485998195,0.005927507116396751,0.643527901934904,0.035896868594998375,0.0,0.9903328059849792,0.643527901934904,0,0,1,0,0,1,0
0.0,0.0,0.14431602691978226,0.07150634919372172,0.06474832278349538,0.08801926202268026,0.10170265982114705,0.4575260543572892,0.02267263420281322,0.4954810303393243,0.06474832278349538,0.0,0.9441344163288051,0.4954810303393243,0,0,1,0,0,1,0
0.0,0.0,0.0853952472981391,0.10273450745405574,0.06791997124333733,0.08969605836239697,0.046534387370032695,0.18714714378685024,0.008731588306325479,1.2030330454145666,0.06791997124333733,0.0,1.9983838177525146,1.2030330454145666,1,0,1,1,1,4,1
0.0,0.0,0.06435735003676894,0.06794302022420085,0.06623499852833196,0.06661959725337566,0.08908487991137942,0.2878466130525123,0.0058402852982153445,1.0556986029844444,0.06623499852833196,0.0,2.0848579659962505,1.0556986029844444,0,0,1,1,1,3,1
0.0,0.0,0.0796857188341484,0.10186928722803353,0.05002359142946919,0.08336197117992117,0.07029525812969903,0.23465715550595728,0.0035472523458372537,1.2783722145725889,0.05002359142946919,0.0,1.9061253980558124,1.2783722145725889,1,0,1,1,1,4,1
0.0,0.0,0.13255072945486746,0.03304204155761107,0.03737132844465215,0.05900153525368545,0.12296123158680158,0.5003106091340219,0.0005125184257785593,0.24927657823477556,0.03737132844465215,0.0,0.53121426851121,0.24927657823477556,0,0,1,0,0,1,0
0.0,0.0,0.08600081876703075,0.08028181554746831,0.029857635581211565,0.06910552136079474,0.07576399870525151,0.25607345769882406,0.006717850487505892,0.9334897412453883,0.029857635581211565,0.0,1.2806642081260542,0.9334897412453883,0,0,1,0,0,1,0
0.0,0.0,0.15420140934529744,0.1635488837128283,0.12407329170452025,0.15134311711886855,0.07476050315519923,0.25890682210743127,0.05753792363010389,1.0606117271916407,0.12407329170452025,0.0,1.8652249121042668,1.0606117271916407,0,0,1,1,1,3,1
0.0,0.0,0.07277178147608801,0.07949636191642806,0.06271990822607793,0.07362110338375549,0.03436980226971003,0.1487596322685674,0.015948187268331415,1.0923914175597276,0.06271990822607793,0.0,1.9542508511817156,1.0923914175597276,0,0,1,1,1,3,1
0.0,0.0,0.14752121597187576,0.03098712113076778,0.031501679168215835,0.060249284350406794,0.12314713217018142,0.5229961088933556,0.002867727338844725,0.210050540026292,0.031501679168215835,0.0,0.4235890837682152,0.210050540026292,0,0,1,0,0,1,0
0.0,0.0,0.18412751881466816,0.06416259922026263,0.019308337707783736,0.08294026374074429,0.1650834182702183,0.6613124941037896,0.0023912633848689824,0.34846638442165795,0.019308337707783736,0.0,0.4533297582872689,0.34846638442165795,0,0,1,0,0,1,0
0.0,0.0,0.12232770580078846,0.05796082123578637,0.02780379301822511,0.06651328532264657,0.10232818745812869,0.38217451439628863,0.0008971441564282593,0.47381210204394064,0.02780379301822511,0.0,0.7010996617071926,0.47381210204394064,0,0,1,0,0,1,0
0.0,0.0,0.08864585386033279,0.03521218417702281,0.04405638991853961,0.050781653033229505,0.045601951743860815,0.18859803810026807,0.0059824994273105945,0.3972186563157811,0.04405638991853961,0.0,0.8942062875739923,0.3972186563157811,0,0,1,0,0,1,0
0.0,0.0,0.1380205146910051,0.02541593198483197,0.021263410108660386,0.05252894719233236,0.13004346766273953,0.5371350894749105,0.00034645862605550806,0.18414471136425176,0.021263410108660386,0.0,0.33820337501726067,0.18414471136425176,0,0,1,0,0,1,0
0.0,0.0,0.10798719518862829,0.1220579601346777,0.07809149734703225,0.107548653201254,0.07072770267754945,0.26239569317807865,0.018930666553983386,1.1302898425283714,0.07809149734703225,0.0,1.85343830528975,1.1302898425283714,0,0,1,1,1,3,1
0.0,0.0,0.1205773260764209,0.11438369824742319,0.07199023544866501,0.10533373950498306,0.04048871041500856,0.1823346048616409,0.019449935758254676,0.9486256939321612,0.07199023544866501,0.0,1.5456669516042785,0.9486256939321612,0,0,1,1,0,2,0
0.0,0.0,0.09486139423874233,0.011946802442668785,0.010089141766826897,0.0322110352227267,0.06121019468392764,0.2644576958264723,0.0008082944282519533,0.1259382344135443,0.010089141766826897,0.0,0.23229378075823515,0.1259382344135443,0,0,1,0,0,1,0
0.0,0.0,0.045351047842512815,0.06760443105111455,0.04877869257911541,0.05733465063096432,0.03207322329466892,0.12936493146243216,0.008698183897189763,1.4906588404976597,0.04877869257911541,0.0,2.5662154007769615,1.4906588404976597,1,0,1,1,1,4,1
0.0,0.0,0.048070357932378974,0.07321774096795516,0.04722345111461493,0.060432322745726054,0.030775835352997192,0.10740269570073968,0.012036434525924032,1.523105319199618,0.04722345111461493,0.0,2.5054668156450317,1.523105319199618,1,0,1,1,1,4,1
0.0,0.0,0.17057944719185156,0.0889674574197681,0.08670052758223978,0.1088037224034069,0.1152193645588987,0.4954472037340308,0.01587467285815806,0.5215571824577675,0.08670052758223978,0.0,1.0298248591436412,0.5215571824577675,0,0,1,0,0,1,0
0.0,0.0,0.11850256678118179,0.16726867126156,0.12434049546992657,0.14434510119355712,0.0615071633575334,0.2479042282843349,0.038236092478406994,1.411507482896473,0.12434049546992657,0.0,2.4607627825240592,1.411507482896473,1,0,1,1,1,4,1
0.0,0.0,0.14730004183592887,0.09409072346057665,0.06813236286021701,0.1009034629043248,0.06052868663833085,0.2344828856584844,0.007700124708070192,0.6387648199079238,0.06813236286021701,0.0,1.1013030478188042,0.6387648199079238,0,0,1,0,0,1,0
0.0,0.0,0.18165494562434037,0.043090180474275215,0.032501386310868,0.07508417322093969,0.16832797079012976,0.6992036018037456,0.0015287545044353867,0.23720765277556372,0.032501386310868,0.0,0.4161249252004366,0.23720765277556372,0,0,1,0,0,1,0
0.0,0.0,0.115041849185882,0.10451751308678107,0.06108837633942271,0.09629131292471671,0.057410985283834114,0.213842881666666,0.01847942629860343,0.9085094278037701,0.06108837633942271,0.0,1.4395148468430568,0.9085094278037701,0,0,1,1,0,2,0
0.0,0.0,0.14978351239543744,0.15824507855276868,0.09395471126717027,0.14005709519203627,0.07607739749551733,0.29263380318675314,0.027102364462649468,1.0564849197158315,0.09395471126717027,0.0,1.6837507816169996,1.0564849197158315,0,0,1,1,1,3,1
0.0,0.0,0.04984276167401398,0.026502950379343335,0.005651288247607856,0.02712498767007713,0.04549408618505801,0.16343344260427192,0.00047304843985771536,0.5317205100344711,0.005651288247607856,0.0,0.6451005611744346,0.5317205100344711,0,0,1,0,0,1,0
0.0,0.0,0.16817672102684394,0.1560812308951216,0.03737840525452456,0.1294293970179029,0.0988207533920898,0.3423923979629319,0.017191244498476407,0.9280731712984056,0.03737840525452456,0.0,1.1503285629537507,0.9280731712984056,0,0,1,0,0,1,0
0.0,0.0,0.14545766868720578,0.08597277417495597,0.06080709344198931,0.09455257761977676,0.060748836193136264,0.208301121796096,0.02435027992593415,0.5910460679372211,0.06080709344198931,0.0,1.009082985164539,0.5910460679372211,0,0,1,0,0,1,0
0.0,0.0,0.1278454673725404,0.18953010855424746,0.1506631308238568,0.16439220382622302,0.08971669700267282,0.33425227562386034,0.05106568668310496,1.482482171384235,0.1506631308238568,0.0,2.6609514237635703,1.482482171384235,1,0,1,1,1,4,1
0.0,0.0,0.16193577717254584,0.11001691542934894,0.05889335019986516,0.11021573955777725,0.12594693490690353,0.4771111997874608,0.03338023658563202,0.6793819004568951,0.05889335019986516,0.0,1.0430630310076994,0.6793819004568951,0,0,1,0,0,1,0
0.0,0.0,0.1006394340599594,0.0883705160264449,0.12002906310200157,0.0993523823037127,0.05236163886720032,0.20546973981746647,0.015645782913823666,0.8780816264543896,0.12002906310200157,0.0,2.0707341047862187,0.8780816264543896,0,0,1,1,0,2,0
0.0,0.0,0.10151561620688321,0.08490726251269716,0.05815002732693286,0.0823700421398026,0.03485929133699607,0.15426169607006687,0.029098221963049935,0.8363878317187263,0.05815002732693286,0.0,1.4092007317116446,0.8363878317187263,0,0,1,1,0,2,0
0.0,0.0,0.02397193547416472,0.07103904533898442,0.01792454463539029,0.045993642696880964,0.08595273738653533,0.3033984000598556,0.0014463205731887236,2.963301904163641,0.01792454463539029,0.0,3.7110011024828164,2.963301904163641,1,0,1,1,1,4,1
0.0,0.0,0.1306476422017964,0.0750665421261495,0.041427762851809116,0.08055212232647614,0.04858130522683743,0.2032655130522964,0.017152226255869894,0.5745681000664647,0.041427762851809116,0.0,0.8916610461058189,0.5745681000664647,0,0,1,0,0,1,0
0.0,0.0,0.13048105407776267,0.15153676174297492,0.104091014296465,0.1344113979650444,0.07887015924180672,0.287869724928748,0.02773769670358823,1.1613609458712566,0.104091014296465,0.0,1.9591029421340567,1.1613609458712566,0,0,1,1,1,3,1
0.0,0.0,0.09226265991767343,0.08911300692947892,0.059204870132014614,0.08242338597716148,0.06549065412574706,0.26267185273144145,0.019836329298060812,0.9658516365922852,0.059204870132014614,0.0,1.607543828131651,0.9658516365922852,0,0,1,1,0,2,0
0.0,0.0,0.12856127090580047,0.08643499346454944,0.07677947005455779,0.09455268197236429,0.0675733110639951,0.2737051005709621,0.02875990858506526,0.6723200582531844,0.07677947005455779,0.0,1.2695362517258033,0.6723200582531844,0,0,1,0,0,1,0
0.0,0.0,0.15519053291487245,0.07246443062258227,0.07021532170559637,0.09258367896640834,0.05730402991600326,0.25413100727578114,0.00393776112014541,0.4669354652378577,0.07021532170559637,0.0,0.9193784586588437,0.4669354652378577,0,0,1,0,0,1,0
0.0,0.0,0.28460715558811656,0.09455581226045233,0.09485200300690437,0.1421426957789814,0.11082346362705743,0.40356415653119104,0.01726660274775099,0.3322315626024892,0.09485200300690437,0.0,0.6655038218281655,0.3322315626024892,0,0,1,0,0,1,0
0.0,0.0,0.01832138170952734,0.0190973215444356,0.012864744967572166,0.017345192441492678,0.012326741157448128,0.05420889100453407,0.002626511521354145,1.0422947107637923,0.012864744967572166,0.0,1.7444274995858213,1.0422947107637923,0,0,1,1,1,3,1
0.0,0.0,0.13610484508939819,0.07337518055587312,0.02738001250403922,0.07755880467629592,0.0823545950490635,0.3316117115773938,0.0010194939831028739,0.5391038166485665,0.02738001250403922,0.0,0.7402708751687591,0.5391038166485665,0,0,1,0,0,1,0
0.0,0.0,0.11890151321060263,0.07012624738810858,0.12638336841109438,0.09638434409947856,0.05162106689139328,0.19483847198190452,0.03981466780432716,0.5897793536449435,0.12638336841109438,0.0,1.6526952247942899,0.5897793536449435,0,0,1,1,0,2,0
0.0,0.0,0.1338625790497136,0.1040357948799832,0.05325511277026402,0.098797320394986,0.05518221363420721,0.2269455802406193,0.03147898594819561,0.7771777478125464,0.05325511277026402,0.0,1.1750089812840974,0.7771777478125464,0,0,1,0,0,1,0
0.0,0.0,0.15312085254627764,0.1363741870184375,0.0679354349264542,0.12345116537740171,0.09139934227774722,0.3058517693132315,0.011785258090762524,0.890625242254181,0.0679354349264542,0.0,1.334294344976944,0.890625242254181,0,0,1,1,0,2,0
0.0,0.0,0.05753037352571619,0.03617404444228198,0.02841486592274953,0.03957333208325742,0.035192444591044966,0.1545756248127823,0.00566769083314944,0.6287707423865413,0.02841486592274953,0.0,1.1226728375633277,0.6287707423865413,0,0,1,0,0,1,0
0.0,0.0,0.08588099823657909,0.05964189491360863,0.09693246802364568,0.07552431402186051,0.046437653459191604,0.17131966501366655,0.021028582848804264,0.6944632884450724,0.09693246802364568,0.0,1.8231336735544856,0.6944632884450724,0,0,1,1,0,2,0
0.0,0.0,0.07067003779731479,0.062318495135911735,0.03481583940230133,0.0575307168678599,0.02994131568262683,0.11477919140922038,0.0032230197855939485,0.8818109522410266,0.03481583940230133,0.0,1.3744574519592492,0.8818109522410266,0,0,1,1,0,2,0
0.0,0.0,0.17578235473480985,0.11934904637399636,0.07914802035463335,0.12340711695935899,0.08060951724743054,0.2813621366445137,0.04025276096286416,0.6789553342752426,0.07914802035463335,0.0,1.1292142366271607,0.6789553342752426,0,0,1,0,0,1,0
0.0,0.0,0.07424167825718746,0.03605434008510282,0.023061049665099368,0.04235285202312312,0.0369849407947149,0.17531180421842435,0.012034154333163053,0.4856282253208233,0.023061049665099368,0.0,0.7962453825469208,0.4856282253208233,0,0,1,0,0,1,0
0.0,0.0,0.22412243693548894,0.08350268059454771,0.0661028259072215,0.11430765600795148,0.11095126658381295,0.5155352044872575,0.04383600752499297,0.3725745140102545,0.0661028259072215,0.0,0.6675138867553206,0.3725745140102545,0,0,1,0,0,1,0
0.0,0.0,0.10854343463728323,0.09060888411794264,0.06102146401731988,0.08769566672262209,0.05141959805936647,0.2057659553694604,0.012465904361410428,0.8347630573665541,0.06102146401731988,0.0,1.396942631300785,0.8347630573665541,0,0,1,1,0,2,0
0.0,0.0,0.17428125989208051,0.03045026355364397,0.01931649238721074,0.06362456984664479,0.14916615313786183,0.6324114332818248,0.007522197575070888,0.17471808991058216,0.01931649238721074,0.0,0.2855526200525022,0.17471808991058216,0,0,1,0,0,1,0
0.0,0.0,0.25158769400620934,0.1500527489922746,0.053468919021822624,0.15129052775314528,0.14354530383749103,0.4364839366551353,0.01208627176242532,0.5964208748926184,0.053468919021822624,0.0,0.808946001401296,0.5964208748926184,0,0,1,0,0,1,0
0.0,0.0,0.14841328557555902,0.034021039589582865,0.018271322268100472,0.0586816717557063,0.12052450997453952,0.5082549311209206,0.002785844093154851,0.22923022172459573,0.018271322268100472,0.0,0.35234048834915443,0.22923022172459573,0,0,1,0,0,1,0
0.0,0.0,0.07944214105058597,0.06678911335350557,0.0911976150169497,0.0760544956936367,0.05886452784722546,0.2278956002295436,0.010290028655776617,0.8407159192129265,0.0911976150169497,0.0,1.988676760273818,0.8407159192129265,0,0,1,1,0,2,0
0.0,0.0,0.18910460505507246,0.09633220538250066,0.06528024087430405,0.11176231417359445,0.09144420452743993,0.31748593825752164,0.0008640005301443351,0.5094095722569737,0.06528024087430405,0.0,0.8546147863239641,0.5094095722569737,0,0,1,0,0,1,0
0.0,0.0,0.0855738789836859,0.07809889290102441,0.04712892670818507,0.07222514787347994,0.029770756825450207,0.12462065714405617,0.030188582048086474,0.9126380758997424,0.04712892670818507,0.0,1.4633712731639745,0.9126380758997424,0,0,1,1,0,2,0
0.0,0.0,0.08811317048062328,0.11095366623296349,0.06866859001125873,0.09467227323945224,0.057863429804732365,0.18241438582459416,0.016668719268814015,1.2592034360394133,0.06866859001125873,0.0,2.0385172471631225,1.2592034360394133,1,0,1,1,1,4,1
0.0,0.0,0.12735470081949296,0.11448021691121671,0.07007037177475198,0.10659637660416957,0.09759191491174149,0.37600204425800626,0.013688820770801071,0.8989013932990305,0.07007037177475198,0.0,1.44909562350523,0.8989013932990305,0,0,1,1,0,2,0
0.0,0.0,0.09344431856859695,0.08528670620602405,0.08133348994309372,0.08633780523093469,0.042746802680053535,0.17244605727961268,0.0047584448530769135,0.9126910530399255,0.08133348994309372,0.0,1.7830769770109365,0.9126910530399255,0,0,1,1,0,2,0
0.0,0.0,0.05341034265906454,0.024495758064889517,0.013799460181731824,0.029050329742643845,0.0285815571433127,0.12622886093761024,0.008596184607923078,0.45862464497945543,0.013799460181731824,0.0,0.7169866238163587,0.45862464497945543,0,0,1,0,0,1,0
0.0,0.0,0.05182907026647039,0.0761314618257504,0.04103516871726985,0.06128179065881026,0.05885622351207134,0.2524180648642124,0.005503527287398702,1.4688666527816945,0.04103516871726985,0.0,2.260591775018623,1.4688666527816945,1,0,1,1,1,4,1
0.0,0.0,0.04686347753079152,0.04799493036829142,0.038447860809256815,0.0453252997691578,0.01951998620393229,0.10410425255640972,0.012928988281684211,1.0241217420328041,0.038447860809256815,0.0,1.844526936649458,1.0241217420328041,0,0,1,1,1,3,1
0.0,0.0,0.20295334684712912,0.07873345439148646,0.016004184452892645,0.09410611002074869,0.16578178198806803,0.6366527673417491,0.004031893890439283,0.3879367730457663,0.016004184452892645,0.0,0.46679285423602257,0.3879367730457663,0,0,1,0,0,1,0
0.0,0.0,0.1809044994343227,0.14847253670572655,0.11272738621133624,0.147644239764278,0.09187033867007147,0.28866609101702206,0.019585153150293792,0.8207187574174832,0.11272738621133624,0.0,1.4438473331867434,0.8207187574174832,0,0,1,1,0,2,0
0.0,0.0,0.12041298982128477,0.10485238864446396,0.06680440456695488,0.09923054291929187,0.06004363064903076,0.22244288044250293,0.010751592576044276,0.8707658370932071,0.06680440456695488,0.0,1.4255552321303138,0.8707658370932071,0,0,1,1,0,2,0
0.0,0.0,0.18084921800963255,0.11624093630178492,0.07941258476261225,0.12318591884395365,0.05079606653920491,0.20731171878827087,0.05064818608809296,0.6427470067832245,0.07941258476261225,0.0,1.0818539408892287,0.6427470067832245,0,0,1,0,0,1,0
0.0,0.0,0.04072926974455187,0.045900795240151004,0.0368025133151939,0.04233334338501194,0.033630396471899596,0.14823745758924187,0.011880309048005473,1.1269455254784004,0.0368025133151939,0.0,2.030512173723264,1.1269455254784004,0,0,1,1,1,3,1
0.0,0.0,0.08097025009535425,0.12393519197316519,0.06329291718227995,0.09803338780599112,0.0773516701489558,0.31157825784880894,0.00373920843703018,1.530607367765908,0.06329291718227995,0.0,2.3122788512584345,1.530607367765908,1,0,1,1,1,4,1
0.0,0.0,0.11032982485287017,0.1071284737904524,0.07295927071230929,0.09938651078652107,0.053729251111489414,0.22102593530961792,0.04275178513348354,0.970975010232288,0.07295927071230929,0.0,1.6322523170012977,0.970975010232288,0,0,1,1,0,2,0
0.0,0.0,0.08430639851421137,0.1055640631473564,0.06131613791268713,0.08918766568040282,0.05196439720429896,0.20178306832085316,0.021548244077833394,1.2521328496402588,0.06131613791268713,0.0,1.9794253410857314,1.2521328496402588,1,0,1,1,1,4,1
0.0,0.0,0.19873807743627311,0.0719630242445997,0.048732087293013544,0.09784905330462151,0.11987043420435213,0.5109453284024331,0.012784443192533579,0.36209800897196515,0.048732087293013544,0.0,0.6073043766458807,0.36209800897196515,0,0,1,0,0,1,0
0.0,0.0,0.09939148875135562,0.02613825637256997,0.01839991102639155,0.04251697813072177,0.0798369543556075,0.3266708768061968,0.00123813376966957,0.2629801980103197,0.01839991102639155,0.0,0.4481039559274952,0.2629801980103197,0,0,1,0,0,1,0
0.0,0.0,0.1657175520655748,0.10338542722392488,0.09141038610074509,0.1159746981535424,0.04564959209282497,0.19021870735013297,0.034715405618439214,0.6238615166213574,0.09141038610074509,0.0,1.1754617144349009,0.6238615166213574,0,0,1,0,0,1,0
0.0,0.0,0.09832947361175201,0.1132765776583076,0.07561124040645142,0.10012346733370464,0.06197610680751757,0.2622720669338855,0.020473227396703972,1.1519986988526953,0.07561124040645142,0.0,1.920948929937667,1.1519986988526953,0,0,1,1,1,3,1
0.0,0.0,0.08017139571463167,0.04864661447041359,0.0650613676717984,0.060631498081814304,0.0275634055074403,0.10963225931049858,0.011590087733094579,0.6067751130148086,0.0650613676717984,0.0,1.4182934304089905,0.6067751130148086,0,0,1,1,0,2,0
0.0,0.0,0.18554090862624392,0.11360366160821152,0.06448406776112847,0.11930807490094889,0.07703341586769742,0.30897589218521865,0.019880070266907694,0.612280333048934,0.06448406776112847,0.0,0.9598248217230553,0.612280333048934,0,0,1,0,0,1,0
0.0,0.0,0.11894446567522035,0.0552686897429858,0.04503024367895797,0.06862802221003748,0.035828345461348755,0.14528162754366952,0.022149127072399032,0.464655709481995,0.04503024367895797,0.0,0.8432346105215074,0.464655709481995,0,0,1,0,0,1,0
0.0,0.0,0.13180416898874212,0.05368879021744625,0.09296569447094111,0.08303686097364392,0.07455397643056826,0.337063930331879,0.014518247082883384,0.4073344818671867,0.09296569447094111,0.0,1.1126611028503257,0.4073344818671867,0,0,1,0,0,1,0
0.0,0.0,0.12686548890839777,0.1054160251601941,0.03874713904126254,0.09411116956751213,0.07601196428565318,0.2920128045156287,0.02063154471979163,0.8309209631891706,0.03874713904126254,0.0,1.136337621084065,0.8309209631891706,0,0,1,0,0,1,0
0.0,0.0,0.22579016470895705,0.18133614195844916,0.12587262663165394,0.1785837688143773,0.12861542366076167,0.5013483435765076,0.022990613063272932,0.8031144274054742,0.12587262663165394,0.0,1.3605880858362756,0.8031144274054742,0,0,1,1,0,2,0
0.0,0.0,0.03988569438203849,0.02709097744575888,0.014332662515352555,0.0271000779472272,0.03555643056404719,0.125451704929029,0.0019652205953626465,0.6791983608939604,0.014332662515352555,0.0,1.0385327890135978,0.6791983608939604,0,0,1,0,0,1,0
0.0,0.0,0.17768872884846879,0.19052936452870556,0.10728237249759305,0.16650745760086821,0.09030682957126696,0.30283426118650186,0.03150151269376269,1.0722587386645528,0.10728237249759305,0.0,1.6760211125104936,1.0722587386645528,0,0,1,1,1,3,1
0.0,0.0,0.12906490888412697,0.13245385981840513,0.09477712790079765,0.12218743910543373,0.08623174912552312,0.3228763708484386,0.003705236629163936,1.0262497739609908,0.09477712790079765,0.0,1.7605810061215053,1.0262497739609908,0,0,1,1,1,3,1
0.0,0.0,0.10014090044240687,0.0851065432900035,0.12413277834679168,0.09862169134230139,0.03192584677437512,0.15214875178372947,0.022350451586060645,0.8498594785401499,0.12413277834679168,0.0,2.089428308354622,0.8498594785401499,0,0,1,1,0,2,0
0.0,0.0,0.07825880824792864,0.06024876091006927,0.06774768335976167,0.0666260033569572,0.024617928211638856,0.1361420706476917,0.0260352605621798,0.7698557185215684,0.06774768335976167,0.0,1.6355323011313243,0.7698557185215684,0,0,1,1,0,2,0
0.0,0.0,0.14918879911049193,0.033076598370494446,0.009425978193991928,0.05619199351136819,0.13515358323820234,0.5661223325661966,0.0014602026962107092,0.22170817688411446,0.009425978193991928,0.0,0.28488929416017517,0.22170817688411446,0,0,1,0,0,1,0
0.0,0.0,0.12458564499081361,0.07156155822570497,0.05720025548459151,0.08122725423170377,0.06014746947158371,0.24505544823813233,0.004476389180248794,0.5743918879184968,0.05720025548459151,0.0,1.033512169139724,0.5743918879184968,0,0,1,0,0,1,0
0.0,0.0,0.10110443067522165,0.09736819147586259,0.06672590730103124,0.0906416802319945,0.07103601332578503,0.3313778637950404,0.029019626685060328,0.9630362170023874,0.06672590730103124,0.0,1.6229998495729578,0.9630362170023874,0,0,1,1,0,2,0
0.0,0.0,0.08497825190824451,0.07664430384444997,0.06477304634424311,0.07575997648534688,0.02811500004121208,0.12336645043746149,0.018816203009626113,0.90191784610208,0.06477304634424311,0.0,1.6641397401495956,0.90191784610208,0,0,1,1,0,2,0
0.0,0.0,0.10103159184981383,0.1431328449457716,0.10304085277242012,0.1225845336284443,0.06752752454795052,0.21391149589338151,0.004224931665987669,1.416699723575738,0.10304085277242012,0.0,2.4365770808308262,1.416699723575738,1,0,1,1,1,4,1
0.0,0.0,0.06340412524984042,0.04075333228299259,0.023009174551092942,0.04197999109172963,0.021918653903555727,0.0844762150561801,0.011405059995726484,0.6427450797141223,0.023009174551092942,0.0,1.0056364778531215,0.6427450797141223,0,0,1,0,0,1,0
0.0,0.0,0.10045877360676872,0.01843800543025985,0.013489484285603578,0.037706067188223,0.0817048521480527,0.34527667382846866,0.0009704287372426113,0.18353620328104686,0.013489484285603578,0.0,0.3178136737679472,0.18353620328104686,0,0,1,0,0,1,0
0.0,0.0,0.09199807060251297,0.09119040526400109,0.048530334173056314,0.08072730382589287,0.0545355396045935,0.21144128950528876,0.026802900336849903,0.9912100705668455,0.048530334173056314,0.0,1.5187190318555337,0.9912100705668455,0,0,1,1,0,2,0
0.0,0.0,0.018328481379555006,0.03314190761642052,0.007558526696569631,0.023042705827241414,0.03815438612430106,0.16670306350687927,0.002317144866992244,1.8081203133978205,0.007558526696569631,0.0,2.2204902293846707,1.8081203133978205,1,0,1,1,1,4,1
0.0,0.0,0.10782083340386171,0.10001895641502816,0.10193644470124627,0.10244879773379109,0.04929585161523385,0.16908692708121895,0.012576652701206475,0.9276317537691389,0.10193644470124627,0.0,1.8730473665739136,0.9276317537691389,0,0,1,1,0,2,0
0.0,0.0,0.04280686188226709,0.028535184849877025,0.02495454346608242,0.031207943762025892,0.03053875374040202,0.10306322311752984,0.0034121155601250243,0.6665874817190428,0.02495454346608242,0.0,1.249530482579819,0.6665874817190428,0,0,1,0,0,1,0
0.0,0.0,0.11061309373013105,0.07968941555347142,0.10439173849586492,0.0935959158332347,0.04396298992637244,0.20360702526222457,0.021394242455635037,0.7204273240975276,0.10439173849586492,0.0,1.664174499304269,0.7204273240975276,0,0,1,1,0,2,0
0.0,0.0,0.0933045477551592,0.049347402098754885,0.05644060307865746,0.062109988757831615,0.03456476138347425,0.1528154253022024,0.013908533282237472,0.5288796141923543,0.05644060307865746,0.0,1.1337804420269635,0.5288796141923543,0,0,1,0,0,1,0
0.0,0.0,0.12533961555825027,0.07709074484173371,0.019338378172999306,0.07471487085367925,0.08670847323571995,0.29914202986248395,0.007159809504835364,0.6150499939575204,0.019338378172999306,0.0,0.7693365999939498,0.6150499939575204,0,0,1,0,0,1,0
0.0,0.0,0.09538415045346661,0.08210437783562785,0.08754712481793622,0.08678500773566465,0.05123752412365788,0.19520975333366483,0.01441023142230476,0.8607668745637954,0.08754712481793622,0.0,1.7785944861126795,0.8607668745637954,0,0,1,1,0,2,0
0.0,0.0,0.10761688131015484,0.08255967047439704,0.06581128142947668,0.08463687592210639,0.028131641183432678,0.14381564135370295,0.03739838364160168,0.7671556944747869,0.06581128142947668,0.0,1.3786830784771584,0.7671556944747869,0,0,1,1,0,2,0
0.0,0.0,0.20726899941733176,0.1285054661239689,0.09506953801169007,0.13983736741923994,0.10195307519427478,0.37288137716907993,0.032958305530240824,0.6199906715164654,0.09506953801169007,0.0,1.0786655317419942,0.6199906715164654,0,0,1,0,0,1,0
0.0,0.0,0.17878732304605843,0.18632636334385502,0.10795696504824706,0.1648492536955039,0.09507221761111703,0.3078111882302535,0.0561170878250869,1.0421618155446017,0.10795696504824706,0.0,1.6459874077810466,1.0421618155446017,0,0,1,1,1,3,1
0.0,0.0,0.07410212004333348,0.08015812874758677,0.049010616942910104,0.07085724862035428,0.03989968165878394,0.1611323717457809,0.02025374219236958,1.0817105771081228,0.049010616942910104,0.0,1.7430945635617299,1.0817105771081228,0,0,1,1,1,3,1
0.0,0.0,0.10466781070601626,0.06328850425492474,0.057472873597311964,0.07217942320329443,0.03381686666365173,0.1604680876983468,0.013681329413000248,0.6046548520808499,0.057472873597311964,0.0,1.153747492091218,0.6046548520808499,0,0,1,0,0,1,0
0.0,0.0,0.07014627769808061,0.0742474917179286,0.013632189465057044,0.05806836264974871,0.09683171520479493,0.3843156923460145,0.002939286561647745,1.0584515059514588,0.013632189465057044,0.0,1.252788191741762,1.0584515059514588,0,0,1,0,1,2,0
0.0,0.0,0.08434093350412791,0.07610461975902985,0.09000748959400268,0.08163941565404756,0.020180732997764957,0.12620085673930623,0.04741034499746784,0.9023343027262364,0.09000748959400268,0.0,1.9695079594648204,0.9023343027262364,0,0,1,1,0,2,0
0.0,0.0,0.05516784724476939,0.03604114390596399,0.022530324951957916,0.03744511500216382,0.04035770221392037,0.16105847721640404,0.007038873167708613,0.6532879642392941,0.022530324951957916,0.0,1.061676503735088,0.6532879642392941,0,0,1,0,0,1,0
0.0,0.0,0.07621790808302964,0.12774118822104388,0.09954495882730129,0.10781131083810468,0.05681507619352937,0.2355862755141755,0.040741694761585,1.6759776731764258,0.09954495882730129,0.0,2.9820178846008827,1.6759776731764258,1,0,1,1,1,4,1
0.0,0.0,0.03585752902321594,0.021259854481614104,0.010275909669773792,0.022163286914054486,0.02149912695013071,0.08086770589229952,0.004292478673367972,0.5928813886328077,0.010275909669773792,0.0,0.8794494646160931,0.5928813886328077,0,0,1,0,0,1,0
0.0,0.0,0.18077860194641976,0.08148533594739915,0.07741952296469291,0.10529219920147775,0.05822455211120277,0.236158950208351,0.040289915021060434,0.45074408323761067,0.07741952296469291,0.0,0.8789977254136723,0.45074408323761067,0,0,1,0,0,1,0
0.0,0.0,0.07912182594910813,0.06445662612338715,0.03169844557807304,0.05993338094348886,0.03674996662170946,0.1498651671367019,0.01171321426457096,0.814640090899252,0.03169844557807304,0.0,1.2152633648766187,0.814640090899252,0,0,1,0,0,1,0
0.0,0.0,0.09165871729357973,0.07946079338897315,0.03537979331477486,0.07149002434657521,0.08820021249541488,0.34026563937386367,0.0007646337653743048,0.8669107404560907,0.03537979331477486,0.0,1.2529013845408397,0.8669107404560907,0,0,1,0,0,1,0
0.0,0.0,0.06632635725848798,0.08461039090262742,0.1021822895392265,0.08443235715074233,0.03617215115195576,0.15223152401193363,0.0119418119135849,1.2756484563810921,0.1021822895392265,0.0,2.8162237749635333,1.2756484563810921,1,0,1,1,1,4,1
0.0,0.0,0.16722030505234625,0.15452226889146153,0.07722199088353449,0.13837170842970095,0.08511383620818908,0.25442870984609894,0.011179538476640848,0.9240585034490105,0.07722199088353449,0.0,1.3858536727868005,0.9240585034490105,0,0,1,1,0,2,0
0.0,0.0,0.09115202096598812,0.0888383494864763,0.06410613309704465,0.08323371325899635,0.04041116764602614,0.17496582033327415,0.02262390336411876,0.9746067496723395,0.06410613309704465,0.0,1.6778871502304793,0.9746067496723395,0,0,1,1,0,2,0
0.0,0.0,0.13202567734805404,0.13485976114259524,0.10698651536801206,0.12718292875031417,0.08253193723978265,0.313727320226144,0.031219117652622176,1.021458419248653,0.10698651536801206,0.0,1.8317985529018685,1.021458419248653,0,0,1,1,1,3,1
0.0,0.0,0.1605729525539485,0.1863339661158651,0.14047827487643105,0.16842978991552746,0.08384195756555717,0.32359752215889137,0.08070722819889893,1.1604246090489798,0.14047827487643105,0.0,2.035275558671299,1.1604246090489798,0,0,1,1,1,3,1
0.0,0.0,0.10371747067458317,0.1542968399978369,0.10493241378099426,0.12931089111281277,0.04217252366086709,0.24285117030737413,0.05463127350157418,1.487650550517115,0.10493241378099426,0.0,2.4993547638410836,1.487650550517115,1,0,1,1,1,4,1
0.0,0.0,0.11073342184357685,0.0996529938597891,0.040162659674640444,0.08755051730944888,0.04841508525441833,0.18146589910057925,0.024789035561868154,0.8999278833148978,0.040162659674640444,0.0,1.2626214252685832,0.8999278833148978,0,0,1,0,0,1,0
0.0,0.0,0.1648544376681363,0.10783292044949747,0.07590949272735623,0.11410744282362187,0.08477086728817661,0.2753777759672328,0.012609415382312212,0.6541059365392089,0.07590949272735623,0.0,1.1145668943401066,0.6541059365392089,0,0,1,0,0,1,0
0.0,0.0,0.11083678683707125,0.048945391787513136,0.021826253922361413,0.05763845608361473,0.08481473405975679,0.3135182625460578,0.002907389485210582,0.4415948133235611,0.021826253922361413,0.0,0.6385155074767694,0.4415948133235611,0,0,1,0,0,1,0
0.0,0.0,0.1400818140995772,0.10644785569251305,0.09065212887969368,0.11090741359107424,0.06171247545915837,0.23896375450894672,0.023214475201930023,0.759892327811498,0.09065212887969368,0.0,1.4070247363256077,0.759892327811498,0,0,1,1,0,2,0
0.0,0.0,0.05256245641768524,0.02670536163317465,0.022027539746928112,0.03200017985774066,0.026781201090886768,0.10930334653087,0.004762660255734818,0.5080594666561823,0.022027539746928112,0.0,0.9271251302969173,0.5080594666561823,0,0,1,0,0,1,0
0.0,0.0,0.05820335698117641,0.04707413507265268,0.08742801966331946,0.0599449116974503,0.025532143046188862,0.11224462297937884,0.01613519585498321,0.8087733893852087,0.08742801966331946,0.0,2.3108605903759205,0.8087733893852087,0,0,1,1,0,2,0
0.0,0.0,0.12917466461718816,0.026524652046161567,0.01956691592817089,0.05044772115942055,0.12278960338714812,0.5087283547064149,0.0005130277683895,0.2053378407207528,0.01956691592817089,0.0,0.3568130894539985,0.2053378407207528,0,0,1,0,0,1,0
0.0,0.0,0.06783520014576201,0.08570495658997844,0.02821635714405337,0.06686536761744306,0.1194813008376542,0.406696275208112,0.0007807687669031376,1.2634103385186848,0.02821635714405337,0.0,1.6793587124462321,1.2634103385186848,1,0,1,1,1,4,1
0.0,0.0,0.08589989208106025,0.05947349052765639,0.04738888439305991,0.06305893938235824,0.036041321886768694,0.1511353226844672,0.006925751404347884,0.6923500919121343,0.04738888439305991,0.0,1.2440193848030794,0.6923500919121343,0,0,1,0,0,1,0
0.0,0.0,0.15210448972531804,0.08651569987100766,0.047261523993251384,0.0930993533651462,0.0652065316198392,0.27454639277120424,0.019011982578603762,0.5687874910185249,0.047261523993251384,0.0,0.8795029298800632,0.5687874910185249,0,0,1,0,0,1,0
0.0,0.0,0.09822623164147838,0.11271354442078481,0.13590371259214823,0.11488925826879905,0.05839746596218938,0.22569317880012713,0.030032750666291512,1.1474775633724497,0.13590371259214823,0.0,2.531042083323353,1.1474775633724497,0,0,1,1,1,3,1
0.0,0.0,0.10000823832569056,0.04984692107489331,0.02581424990634624,0.05637908259545585,0.09412686304316215,0.36644542543571273,0.004850833988224057,0.4984231647936523,0.02581424990634624,0.0,0.756541818015262,0.4984231647936523,0,0,1,0,0,1,0
0.0,0.0,0.08130135856295671,0.05256681507280195,0.03179603330313235,0.05455775550292324,0.06436030200427525,0.2318391949726312,0.008246585594355822,0.646559534088998,0.03179603330313235,0.0,1.0376433090881083,0.646559534088998,0,0,1,0,0,1,0
0.0,0.0,0.07940006452619922,0.0860516575952311,0.06657311224020965,0.07951912298921777,0.04794485039190256,0.19077516886272447,0.008624324955069804,1.0837594950233627,0.06657311224020965,0.0,1.9222005491510836,1.0837594950233627,0,0,1,1,1,3,1
0.0,0.0,0.08253826597564834,0.09630545101044188,0.10182703335598256,0.09424405033812867,0.047006155195128685,0.21742046484381533,0.026945577379491336,1.1667834681114684,0.10182703335598256,0.0,2.40046336763983,1.1667834681114684,0,0,1,1,1,3,1
0.0,0.0,0.06830366151579659,0.051279419906314475,0.06677664547949169,0.05940978670197929,0.043115682014200164,0.1537205988318653,0.01099013310770988,0.7507455387134194,0.06677664547949169,0.0,1.7283749420016339,0.7507455387134194,0,0,1,1,0,2,0
0.0,0.0,0.08558277409772569,0.07255774458060825,0.05348597457217514,0.07104605945777932,0.11642168264213731,0.32369435821175585,0.00043888959983219783,0.8477979073201027,0.05348597457217514,0.0,1.4727525220944058,0.8477979073201027,0,0,1,1,0,2,0
0.0,0.0,0.09344922823808421,0.13264546369312477,0.0792126361172748,0.10948819793540214,0.07461319526785219,0.3214613582610267,0.027935754290765807,1.4194236460844418,0.0792126361172748,0.0,2.267068832305538,1.4194236460844418,1,0,1,1,1,4,1
0.0,0.0,0.04432501316972588,0.04233007476387924,0.031661546770431245,0.040161677366978905,0.024479459702121162,0.10839464907249932,0.007573192115096896,0.9549713979869084,0.031661546770431245,0.0,1.66925956663402,0.9549713979869084,0,0,1,1,0,2,0
0.0,0.0,0.10601288716491994,0.06869626030591668,0.06078958758519708,0.07604874884048761,0.03616396702914729,0.15296970189135572,0.013248231202982033,0.6479930332056375,0.06078958758519708,0.0,1.2214045853226736,0.6479930332056375,0,0,1,0,0,1,0
0.0,0.0,0.018328481379555006,0.03314190761642052,0.007558526696569631,0.023042705827241414,0.03815438612430106,0.16670306350687927,0.002317144866992244,1.8081203133978205,0.007558526696569631,0.0,2.2204902293846707,1.8081203133978205,1,0,1,1,1,4,1
0.0,0.0,0.1954867662883758,0.16880486132914221,0.12624502550040295,0.1648353786117658,0.09145032687305482,0.31309575154594965,0.00923236475469636,0.8635060113180074,0.12624502550040295,0.0,1.5093010290695084,0.8635060113180074,0,0,1,1,0,2,0
0.0,0.0,0.032534128665265664,0.03877842253931618,0.014553038243700932,0.031161002996899743,0.026905300066554283,0.1059435987956597,0.0018944066901287948,1.1918939352686755,0.014553038243700932,0.0,1.6391962463622745,1.1918939352686755,0,0,1,1,1,3,1
0.0,0.0,0.04416665921472878,0.025785517044266137,0.01723658147927925,0.028243568695635074,0.01920207677029311,0.0837635568772359,0.0038560814428424254,0.5838099075820465,0.01723658147927925,0.0,0.9740633596719704,0.5838099075820465,0,0,1,0,0,1,0
0.0,0.0,0.04762707147769452,0.01729640833857604,0.012152712224403986,0.023593150094812648,0.042112719111037575,0.1763728037421028,0.0019245487954434688,0.36315575671957245,0.012152712224403986,0.0,0.6183143606134005,0.36315575671957245,0,0,1,0,0,1,0
0.0,0.0,0.10587974312939581,0.02919881649703787,0.005782075040527093,0.04251486279099966,0.09526913749304154,0.3920710993384882,0.001501032694285735,0.27577079300769813,0.005782075040527093,0.0,0.33038010976949,0.27577079300769813,0,0,1,0,0,1,0
0.0,0.0,0.24660579777600225,0.10091540747623362,0.07236555349955054,0.130200541557005,0.08384507521437623,0.3400142040597495,0.027512748146690927,0.40921583827505453,0.07236555349955054,0.0,0.7026609263755115,0.40921583827505453,0,0,1,0,0,1,0
0.0,0.0,0.13011731705395446,0.10113119784229678,0.08017085693391585,0.10313764241811597,0.0630922806398728,0.24828212785271683,0.014972272242596578,0.7772249144627503,0.08017085693391585,0.0,1.3933630474257863,0.7772249144627503,0,0,1,1,0,2,0
0.0,0.0,0.03290843381989671,0.044432661390357654,0.028844637966903904,0.03765459864187898,0.05276294925529832,0.18428894697592704,0.0009328091627668127,1.3501496754251092,0.028844637966903904,0.0,2.2266350663547074,1.3501496754251092,1,0,1,1,1,4,1
0.0,0.0,0.032746399586823606,0.02332578726058253,0.025972193911055118,0.02634254200476094,0.017667188676822137,0.06773434683457924,0.002084613886676838,0.712294336493454,0.025972193911055118,0.0,1.505401399611388,0.712294336493454,0,0,1,1,0,2,0
0.0,0.0,0.08457788680042039,0.09184325113138701,0.09980902898454802,0.0920183545119356,0.042983803475720214,0.19166018293266915,0.020159905901351503,1.0858886254687679,0.09980902898454802,0.0,2.2659588860299644,1.0858886254687679,0,0,1,1,1,3,1
0.0,0.0,0.11704337795957764,0.08886208561136932,0.07432579096255079,0.09227333503621678,0.04309210774242326,0.17823584014272004,0.03488546387637545,0.7592170351151651,0.07432579096255079,0.0,1.3942393425362007,0.7592170351151651,0,0,1,1,0,2,0
0.0,0.0,0.21358339726412312,0.10597700425264386,0.04731681662929037,0.11821355559967528,0.08084395629623227,0.28709479833443685,0.02883571447190285,0.49618326811387065,0.04731681662929037,0.0,0.7177201277131107,0.49618326811387065,0,0,1,0,0,1,0
0.0,0.0,0.028851443780675213,0.02742088925076525,0.007143421929755332,0.022709161052990263,0.02697886833386673,0.09706387171116979,0.0017061247139437351,0.9503835952062822,0.007143421929755332,0.0,1.1979682360102566,0.9503835952062822,0,0,1,0,0,1,0
0.0,0.0,0.15587400197633822,0.06959220767048806,0.08045239761035408,0.0938777037319171,0.06972735285713097,0.3190248660509503,0.007348885972495602,0.44646163135928707,0.08045239761035408,0.0,0.9625956912810102,0.44646163135928707,0,0,1,0,0,1,0
0.0,0.0,0.09124056199348762,0.10562723343943896,0.09144704564945266,0.09848551863045454,0.044039872908519205,0.19025836923933637,0.008677102087343947,1.157665773487943,0.09144704564945266,0.0,2.1599178574228906,1.157665773487943,0,0,1,1,1,3,1
0.0,0.0,0.039212044653217024,0.01700566766932153,0.024950307387579907,0.02454342184486,0.02479091559771232,0.11213579566080543,0.004548473861702632,0.43367373841312756,0.024950307387579907,0.0,1.0699494371819807,0.43367373841312756,0,0,1,0,0,1,0
0.0,0.0,0.12609683159987148,0.10405879196744051,0.0853496720084083,0.1048910218857902,0.04460381517740034,0.19169265387595552,0.03126965945571043,0.8252226913594807,0.0853496720084083,0.0,1.502075504175774,0.8252226913594807,0,0,1,1,0,2,0
0.0,0.0,0.04475416755817905,0.02198165645649099,0.010798362207304176,0.024878960669616302,0.03092704940415899,0.12554127245868016,0.002322285139843136,0.4911534836265811,0.010798362207304176,0.0,0.7324298053667903,0.4911534836265811,0,0,1,0,0,1,0
0.0,0.0,0.07284407484560579,0.08413672731868066,0.07890264986517653,0.08000504483703591,0.06874769870302948,0.28968281576637767,0.015666937189980037,1.1550091409337884,0.07890264986517653,0.0,2.238166101543819,1.1550091409337884,0,0,1,1,1,3,1
0.0,0.0,0.1350643230146602,0.12485011848062433,0.10009480879708468,0.12121484219324838,0.09361581523453871,0.24916996525235996,0.009158073614408806,0.9243684144380486,0.10009480879708468,0.0,1.665452850938602,0.9243684144380486,0,0,1,1,0,2,0
0.0,0.0,0.04595338281253165,0.07127631067176106,0.04459375705548349,0.05827494030288431,0.08959258003986484,0.2956277074557787,0.0013139918643470647,1.5510231301011876,0.04459375705548349,0.0,2.5214149475128425,1.5510231301011876,1,0,1,1,1,4,1
0.0,0.0,0.2297390869164121,0.1224548277591537,0.11289682574833303,0.14688639204576315,0.061104408692368994,0.28807280421549414,0.06935049468926532,0.5330146314591901,0.11289682574833303,0.0,1.0244257180642415,0.5330146314591901,0,0,1,0,0,1,0
0.0,0.0,0.06552282314459999,0.014431700462588739,0.011312764714599322,0.0264247471960942,0.04334665225538452,0.1865918430985644,0.0018503770485533688,0.22025119674015994,0.011312764714599322,0.0,0.39290236652361354,0.22025119674015994,0,0,1,0,0,1,0
0.0,0.0,0.1698831343338168,0.16623171320955793,0.09895813139012324,0.15032617303576398,0.06722228997030143,0.24771506675696647,0.053360146061758915,0.9785005166104447,0.09895813139012324,0.0,1.5610041846438218,0.9785005166104447,0,0,1,1,0,2,0
0.0,0.0,0.07008241999394202,0.05209311875321184,0.038575203856941916,0.053210965339326906,0.033561630938397265,0.1291056510094581,0.011184044716728653,0.7433016076800297,0.038575203856941916,0.0,1.2937200070714456,0.7433016076800297,0,0,1,0,0,1,0
0.0,0.0,0.1383966137491202,0.08340300699541786,0.09528132581560689,0.1001209883888907,0.06323538003217134,0.28566028810928207,0.02753731368815041,0.6026332733352352,0.09528132581560689,0.0,1.2910940295179811,0.6026332733352352,0,0,1,0,0,1,0
0.0,0.0,0.07664453519604313,0.09387215760872689,0.06183128562032176,0.08155503400845467,0.04199993777679502,0.17961595319580867,0.02298285234271848,1.2247570242496408,0.06183128562032176,0.0,2.031474407880277,1.2247570242496408,1,0,1,1,1,4,1
0.0,0.0,0.05568616735880536,0.07050616933616438,0.07867721202444264,0.0688439295138942,0.052075972695226146,0.17989553382106047,0.0030793727057922093,1.2661116138638682,0.07867721202444264,0.0,2.6789543881696085,1.2661116138638682,1,0,1,1,1,4,1
0.0,0.0,0.11576266229621629,0.051632959842731314,0.04874639312284379,0.06694374377613067,0.04192602585704371,0.19179229250924784,0.004348992165583023,0.4460204421540569,0.04874639312284379,0.0,0.8671058860311814,0.4460204421540569,0,0,1,0,0,1,0
0.0,0.0,0.07697774409833395,0.06417006463312962,0.070015859522261,0.06883343322171356,0.023995777502867837,0.100665417142307,0.02829263686251949,0.8336075806999097,0.070015859522261,0.0,1.7431555389365567,0.8336075806999097,0,0,1,1,0,2,0
0.0,0.0,0.08293932254986046,0.038846546621996575,0.028211371513499228,0.04721094682683821,0.05825106822414511,0.22112323540687484,0.0032893520582579164,0.46836744092288235,0.028211371513499228,0.0,0.808508046194096,0.46836744092288235,0,0,1,0,0,1,0
0.0,0.0,0.03332526151300559,0.041008459681220626,0.05599415580838173,0.04283408417095714,0.028732636512349675,0.1171453459936355,0.006107716491416022,1.2305148498344782,0.05599415580838173,0.0,2.910695982258527,1.2305148498344782,1,0,1,1,1,4,1
0.0,0.0,0.11018993768146376,0.06534176672931273,0.05262387944740615,0.07337433764687383,0.030989807883655473,0.1308844819822412,0.03120786992174145,0.5929867564808324,0.05262387944740615,0.0,1.070556696030031,0.5929867564808324,0,0,1,0,0,1,0
0.0,0.0,0.1680003315689995,0.07035671266532532,0.031451452203811736,0.08504130227586547,0.12815470352266384,0.5454490582470569,0.005650255281004664,0.4187866370358455,0.031451452203811736,0.0,0.6059961782345971,0.4187866370358455,0,0,1,0,0,1,0
0.0,0.0,0.12382230237251142,0.029449522962019577,0.0242674430482914,0.0517471978362105,0.11549894743075192,0.47070890728073794,0.0019777105639119524,0.2378350633342285,0.0242674430482914,0.0,0.43381952331321494,0.2378350633342285,0,0,1,0,0,1,0
0.0,0.0,0.05972755890749831,0.04542374653518791,0.02536999449704433,0.04398626161872961,0.06883841410407436,0.2084138260740504,0.0021387454620705056,0.7605029715439094,0.02536999449704433,0.0,1.18525781179269,0.7605029715439094,0,0,1,0,0,1,0
0.0,0.0,0.1367818320097787,0.0569228049687481,0.031221631015051172,0.07046226824058152,0.12138880954975859,0.4831390537231506,0.0022554879949098507,0.416154601658479,0.031221631015051172,0.0,0.6444115441146719,0.416154601658479,0,0,1,0,0,1,0
0.0,0.0,0.19143092923577737,0.1087873864355708,0.07346343016361986,0.12061728306763471,0.0641257870487466,0.28044566784217617,0.01869443154962098,0.5682823490828569,0.07346343016361986,0.0,0.9520398050981413,0.5682823490828569,0,0,1,0,0,1,0
0.0,0.0,0.16592924739662646,0.17533114038100875,0.12349542798978946,0.16002173903710834,0.08907617718371927,0.2911565996293082,0.021754049735681746,1.056655691966222,0.12349542798978946,0.0,1.8009167891885738,1.056655691966222,0,0,1,1,1,3,1
0.0,0.0,0.15635248113660827,0.09275538859672659,0.04913223350285101,0.09774887295822812,0.05622099281948273,0.24254849814613097,0.029882003803880643,0.5932415954057645,0.04913223350285101,0.0,0.9074797763895539,0.5932415954057645,0,0,1,0,0,1,0
0.0,0.0,0.0384514636622896,0.059185521584020996,0.03761905995412962,0.0486103916961153,0.030370254920799707,0.10837146536590624,0.00923100152859163,1.5391867242583037,0.03761905995412962,0.0,2.517513114070946,1.5391867242583037,1,0,1,1,1,4,1
0.0,0.0,0.14505380540916515,0.15577947942811024,0.09745336450387267,0.13851653219231458,0.11055023987794849,0.34260294866503294,0.017572381720797368,1.0739353238846057,0.09745336450387267,0.0,1.7457735592948693,1.0739353238846057,0,0,1,1,1,3,1
0.0,0.0,0.10178206814749437,0.08297670637050693,0.032360757847301,0.0750240596839523,0.0405470393547814,0.18168678078744577,0.008246858011688714,0.8152309404769068,0.032360757847301,0.0,1.1331694585063186,0.8152309404769068,0,0,1,0,0,1,0
0.0,0.0,0.1695349244845318,0.18106192416590447,0.10523162728653468,0.15922260002571886,0.10782503915063923,0.33322784726927324,0.007035577890524298,1.0679855889919323,0.10523162728653468,0.0,1.688689593800871,1.0679855889919323,0,0,1,1,1,3,1
0.0,0.0,0.154132626242207,0.053876065549833894,0.10896064218777028,0.09271134988241128,0.0637696914989843,0.2664443221637931,0.017055534619506946,0.34954128351702146,0.10896064218777028,0.0,1.056464521776196,0.34954128351702146,0,0,1,0,0,1,0
0.0,0.0,0.1773618773623601,0.07444239554950559,0.06048187561398767,0.09668213601883974,0.07773228762052536,0.290540546370924,0.007974161586261795,0.4197180191061996,0.06048187561398767,0.0,0.7607244152215522,0.4197180191061996,0,0,1,0,0,1,0
0.0,0.0,0.14546347570187368,0.17600677979535173,0.12996809937558043,0.1568612836670394,0.10010457625742604,0.3053460517574419,0.0033983773472491628,1.2099640063053871,0.12996809937558043,0.0,2.1034336919346623,1.2099640063053871,1,0,1,1,1,4,1
0.0,0.0,0.11048296530770788,0.08853623922187495,0.03466025240616142,0.08055392403940478,0.059765335087030184,0.19968328012756617,0.00707683044173358,0.8013492181901101,0.03466025240616142,0.0,1.1150621837741155,0.8013492181901101,0,0,1,0,0,1,0
0.0,0.0,0.1737870281762454,0.15183668145163445,0.08242834448979683,0.1399721838923278,0.11097357284345566,0.33235249523162175,0.009967517197379261,0.8736889591592052,0.08242834448979683,0.0,1.3479928876565292,0.8736889591592052,0,0,1,1,0,2,0
0.0,0.0,0.03578329601397194,0.020552659406449722,0.012050808631872918,0.02223485586468608,0.01790409939722059,0.07691288641488803,0.0038316062187791927,0.574348574537416,0.012050808631872918,0.0,0.9111110646299329,0.574348574537416,0,0,1,0,0,1,0
0.0,0.0,0.1772029550001509,0.06285749257567139,0.06757225821945075,0.09262254959273612,0.058997878104646434,0.2294951913566965,0.03142804725371981,0.3547183389649394,0.06757225821945075,0.0,0.7360431136822599,0.3547183389649394,0,0,1,0,0,1,0
0.0,0.0,0.07001142039033142,0.05464550334062254,0.07614866907659705,0.06386277403704338,0.04507114326037984,0.16471164188333287,0.02480905185837549,0.7805115583201431,0.07614866907659705,0.0,1.868156702596758,0.7805115583201431,0,0,1,1,0,2,0
0.0,0.0,0.2169479540270732,0.1053157494143303,0.08235403555985918,0.12748337210389823,0.11931466823855458,0.5244742859854861,0.007490019469524016,0.48544022664975783,0.08235403555985918,0.0,0.8650412066553225,0.48544022664975783,0,0,1,0,0,1,0
0.0,0.0,0.11734421608163038,0.058962767122416784,0.08579084834558866,0.08026514966801315,0.08460063935891923,0.36879349961790536,0.017824451130339015,0.5024726962997771,0.08579084834558866,0.0,1.2335706584519697,0.5024726962997771,0,0,1,0,0,1,0
0.0,0.0,0.059757677120777314,0.03915688279563659,0.03020981711102775,0.042070314955769565,0.02302091034871671,0.10100917329669785,0.00996059250607962,0.6552501608510716,0.03020981711102775,0.0,1.1607803794998406,0.6552501608510716,0,0,1,0,0,1,0
0.0,0.0,0.16733802850656543,0.18856972917615045,0.09022028090974638,0.15867444194215313,0.09919910862472875,0.33010846009112566,0.010694434137268442,1.1268723791398851,0.09022028090974638,0.0,1.6660190546938587,1.1268723791398851,0,0,1,1,1,3,1
0.0,0.0,0.10054817005833196,0.11521662556574179,0.06898157719079129,0.09999074959515172,0.04831089750465437,0.233648169788744,0.04579833379945437,1.1458734616993929,0.06898157719079129,0.0,1.831921662303861,1.1458734616993929,0,0,1,1,1,3,1
0.0,0.0,0.15546407054892025,0.14413863224623635,0.10322248779253884,0.13674095570848296,0.08528732357231543,0.3677487499303616,0.026475023368942047,0.9271448032494232,0.10322248779253884,0.0,1.5911041571292246,0.9271448032494232,0,0,1,1,0,2,0
0.0,0.0,0.08690303049767363,0.12207834312954877,0.07035729682452202,0.1003542533953233,0.09977434578727562,0.46567078351007907,0.02256260942371093,1.404748921660391,0.07035729682452202,0.0,2.2143465481640945,1.404748921660391,1,0,1,1,1,4,1
0.0,0.0,0.09163414681670129,0.09216158015684973,0.11493891959424452,0.09772405668116131,0.04425088552294371,0.18357556096544111,0.019604341823037108,1.0057448845605221,0.11493891959424452,0.0,2.2600553056935615,1.0057448845605221,0,0,1,1,1,3,1
0.0,0.0,0.08998559188189945,0.0636828763359117,0.06308715948980335,0.07010962601088155,0.03808884718620822,0.16153458609609894,0.019444099935568487,0.7076929462946061,0.06308715948980335,0.0,1.4087658302704815,0.7076929462946061,0,0,1,1,0,2,0
0.0,0.0,0.18064090829999196,0.10669524588235041,0.05765316010462747,0.11292114004233006,0.114994403168449,0.4964199972743418,0.02653731018869156,0.5906450329630134,0.05765316010462747,0.0,0.909802202233407,0.5906450329630134,0,0,1,0,0,1,0
0.0,0.0,0.10565902684900863,0.07850399316048116,0.10345960367006837,0.09153165421000983,0.0373477102894187,0.14230154204922754,0.0149560098341973,0.7429866857091163,0.10345960367006837,0.0,1.7221611829663928,0.7429866857091163,0,0,1,1,0,2,0
0.0,0.0,0.06721108938701591,0.05830646247227095,0.03744872546279583,0.0553181849485884,0.030710309399687177,0.11243874911867548,0.011311793330975827,0.867499626987264,0.03744872546279583,0.0,1.4246720911128952,0.867499626987264,0,0,1,1,0,2,0
0.0,0.0,0.05438359175695294,0.07521572009423443,0.07383241473723409,0.06966186167066397,0.037723909780896306,0.14521570195768915,0.008127412131232394,1.3830336436168664,0.07383241473723409,0.0,2.7406316755593383,1.3830336436168664,1,0,1,1,1,4,1
0.0,0.0,0.06877647343542038,0.02971211216384621,0.011999878818509871,0.035050144145405665,0.06379893423201168,0.2530984357207472,0.0016425680373409965,0.43200354243522526,0.011999878818509871,0.0,0.6064775121686051,0.43200354243522526,0,0,1,0,0,1,0
0.0,0.0,0.07731785759124261,0.08169775147656888,0.07768335141248622,0.07959917798921665,0.03471577176174287,0.16507875984089593,0.04118858264451668,1.0566342289804116,0.07768335141248622,0.0,2.061348393578789,1.0566342289804116,0,0,1,1,1,3,1
0.0,0.0,0.1288803457375188,0.09912482117139398,0.059272640552578915,0.09660065715822143,0.06413607117838716,0.2305523494322003,0.008391263795496151,0.7691169005425557,0.059272640552578915,0.0,1.2290177513087654,0.7691169005425557,0,0,1,0,0,1,0
0.0,0.0,0.03928490627261518,0.026669997767270914,0.029952399023580573,0.030644325207684397,0.023550298402618318,0.09988189467116909,0.001959180941263262,0.6788693528463063,0.029952399023580573,0.0,1.441290329359691,0.6788693528463063,0,0,1,1,0,2,0
0.0,0.0,0.043395159317350045,0.03372739188761507,0.025387013550330014,0.03405923916072754,0.04875803267979833,0.1539822659941976,0.0006919127979231013,0.77719762343417,0.025387013550330014,0.0,1.3622036228056427,0.77719762343417,0,0,1,1,0,2,0
0.0,0.0,0.23660846545017009,0.0703528771065765,0.05475733104164722,0.10801788767624258,0.0868785650293581,0.3081207186947624,0.015982190339744316,0.2973375429961098,0.05475733104164722,0.0,0.528762481713023,0.2973375429961098,0,0,1,0,0,1,0
0.0,0.0,0.0561063926854547,0.05593315693240101,0.055534988834622434,0.05587692384621979,0.035431129995196625,0.1282544823215681,0.01962973564791345,0.9968946025699238,0.055534988834622434,0.0,1.9866926697508167,0.9968946025699238,0,0,1,1,0,2,0
0.0,0.0,0.1113101206883562,0.13590135636197442,0.09944558952222346,0.12063960573363214,0.05756517222947938,0.23329023111902564,0.033336879749988245,1.220914455999997,0.09944558952222346,0.0,2.1143165609042023,1.220914455999997,1,0,1,1,1,4,1
0.0,0.0,0.0753237564254066,0.021955831634105836,0.01771626387710076,0.034237920892679755,0.07389664932833477,0.2874758699695867,0.0004692865596491764,0.2914822785500606,0.01771626387710076,0.0,0.52668070092591,0.2914822785500606,0,0,1,0,0,1,0
0.0,0.0,0.07054349512254075,0.07838618027745319,0.05330844813649496,0.07015607595348552,0.06605489324278097,0.287576923196085,0.007651462643700277,1.1111594198993255,0.05330844813649496,0.0,1.8668306887048423,1.1111594198993255,0,0,1,1,1,3,1
0.0,0.0,0.054300324940408554,0.0461541029546027,0.014570846848358727,0.040294844424493166,0.049583291403262175,0.16981000145015115,0.0013392343871386227,0.8499627404166142,0.014570846848358727,0.0,1.1182959139505766,0.8499627404166142,0,0,1,0,0,1,0
0.0,0.0,0.03822283542315227,0.017746975976875242,0.01034405695185881,0.021015211082190392,0.03291054656094496,0.12821234059410172,0.0011856721837281514,0.4642908222162828,0.01034405695185881,0.0,0.7349087975540844,0.4642908222162828,0,0,1,0,0,1,0
0.0,0.0,0.12922100603274356,0.08050557790410849,0.0611657018419531,0.0878494659207284,0.06915159458130199,0.27058420130714606,0.015825453600450567,0.6230020750777479,0.0611657018419531,0.0,1.096340198512036,0.6230020750777479,0,0,1,0,0,1,0
0.0,0.0,0.08597478997717392,0.04524011000230946,0.03738458278345442,0.05345989819131182,0.036022964997934184,0.11400280613060625,0.00532549824051053,0.5261959211345478,0.03738458278345442,0.0,0.9610227810375485,0.5261959211345478,0,0,1,0,0,1,0
0.0,0.0,0.06445706511758229,0.08391230034382471,0.06318931274137421,0.0738677446366515,0.06197098678355092,0.29692262672798686,0.019797755506202684,1.301812274239921,0.06318931274137421,0.0,2.2821288975531764,1.301812274239921,1,0,1,1,1,4,1
0.0,0.0,0.11857180002426462,0.08150645192557943,0.055022062077252853,0.08415169148816908,0.041607954956531384,0.1719625052832347,0.01653458511993183,0.6873958606771539,0.055022062077252853,0.0,1.1514319808159479,0.6873958606771539,0,0,1,0,0,1,0
0.0,0.0,0.10947293828112091,0.09200219882427789,0.05348732726096372,0.0867411657976601,0.046502757344284044,0.175920479160189,0.0287838927957478,0.8404027503607581,0.05348732726096372,0.0,1.3289877789144238,0.8404027503607581,0,0,1,1,0,2,0
0.0,0.0,0.1406592962293406,0.042250600595373125,0.03309217921758864,0.06456316915941887,0.09250831165181331,0.3970063009430072,0.006932685922425915,0.30037332301991837,0.03309217921758864,0.0,0.5356364363837155,0.30037332301991837,0,0,1,0,0,1,0
0.0,0.0,0.23052800111248722,0.15727013541513235,0.10419049865527795,0.16231469264950749,0.07618140413200257,0.35819396481233634,0.0740798944305768,0.6822141017233314,0.10419049865527795,0.0,1.134176753504562,0.6822141017233314,0,0,1,0,0,1,0
0.0,0.0,0.055804586937921265,0.02120293513567048,0.024933271929081062,0.03078593228458583,0.03995433424503251,0.16460016737721492,0.002699742771491946,0.37994287488198725,0.024933271929081062,0.0,0.8267309707910421,0.37994287488198725,0,0,1,0,0,1,0
0.0,0.0,0.15096371186079233,0.0960534928459533,0.08134778466076426,0.10610462055336581,0.05196542056010881,0.21839287610861183,0.024748660350751128,0.6362645393217867,0.08134778466076426,0.0,1.1751175179952182,0.6362645393217867,0,0,1,0,0,1,0
0.0,0.0,0.07974927813628634,0.06879086249117437,0.0670428157586626,0.0710934547193244,0.04585407888089824,0.1911650235553864,0.020484071289781376,0.8625783395214839,0.0670428157586626,0.0,1.7032376742023263,0.8625783395214839,0,0,1,1,0,2,0
0.0,0.0,0.09670706588109776,0.11148805284338037,0.08018783109792627,0.0999677506664462,0.08729634133867693,0.3341302883303444,0.005833732256926193,1.1528309642802137,0.08018783109792627,0.0,1.9820051429523107,1.1528309642802137,0,0,1,1,1,3,1
0.0,0.0,0.13887184641062073,0.12153777648202471,0.07537096598785523,0.11432959134063136,0.046224931929685666,0.20262169224181004,0.04338677289440196,0.8751730782752195,0.07537096598785523,0.0,1.4179067222951423,0.8751730782752195,0,0,1,1,0,2,0
0.0,0.0,0.18192150738195517,0.05893258303099133,0.022574907100381257,0.0805903951360798,0.14637441239277116,0.5984110733599137,0.003320388556245364,0.32394333103192946,0.022574907100381257,0.0,0.4480341179568488,0.32394333103192946,0,0,1,0,0,1,0
0.0,0.0,0.08236277309714687,0.11362714520384498,0.06441539354793943,0.09350811426319408,0.0746070212518871,0.31102826443600534,0.036120574760216496,1.379576735390976,0.06441539354793943,0.0,2.1616607891649866,1.379576735390976,1,0,1,1,1,4,1
0.0,0.0,0.059872355382072036,0.07025527347912154,0.06205834059851071,0.06561031073470644,0.02916970957855141,0.12263789127333655,0.016516560156536002,1.1733979669386991,0.06205834059851071,0.0,2.209891415526899,1.1733979669386991,0,0,1,1,1,3,1
0.0,0.0,0.10029769239842547,0.04137696606265458,0.02836508929823115,0.052854178455491445,0.0779541060463889,0.3394255944642905,0.010939079197821326,0.4125374426447072,0.02836508929823115,0.0,0.6953436150876536,0.4125374426447072,0,0,1,0,0,1,0
0.0,0.0,0.0767263286557176,0.0694406901601343,0.03443755750393007,0.06251131661997907,0.029481447424576226,0.146046847725394,0.024018602649989996,0.9050320319598365,0.03443755750393007,0.0,1.353862430558157,0.9050320319598365,0,0,1,1,0,2,0
0.0,0.0,0.021137334834056113,0.01713175844600491,0.010727168610852756,0.016532005084229674,0.016328610405204447,0.06928934561617321,0.0024958583048456206,0.8104592239878715,0.010727168610852756,0.0,1.3179338521960566,0.8104592239878715,0,0,1,1,0,2,0
0.0,0.0,0.10618658321832161,0.07033183028181299,0.07184306378226551,0.07967332689105326,0.08974077857871493,0.3384952510957806,0.018444936854208623,0.6623357284364481,0.07184306378226551,0.0,1.3389031914566416,0.6623357284364481,0,0,1,1,0,2,0
0.0,0.0,0.0802324973344798,0.07613264030518732,0.060537045908626144,0.07325870596337015,0.04774991990880299,0.1819589348703869,0.011823354276904542,0.9488884672171686,0.060537045908626144,0.0,1.7033993376115812,0.9488884672171686,0,0,1,1,0,2,0
0.0,0.0,0.11386984199067171,0.03947532080970241,0.022483814865298525,0.05382607461884376,0.10410287306107556,0.4242498124901151,0.00198073919067706,0.34666750609375685,0.022483814865298525,0.0,0.5441176563889518,0.34666750609375685,0,0,1,0,0,1,0
0.0,0.0,0.11848959651578035,0.06689650641623851,0.045766885639352925,0.07451237374690257,0.09126623820363389,0.3532339751054712,0.005971470913104493,0.5645722815424375,0.045766885639352925,0.0,0.9508213762818482,0.5645722815424375,0,0,1,0,0,1,0
0.0,0.0,0.07784724002081904,0.13683240239330813,0.11030068954811911,0.1154531835888886,0.050008673574811924,0.19306465356907468,0.03095300747672276,1.7576813856898357,0.11030068954811911,0.0,3.174549506518531,1.7576813856898357,1,0,1,1,1,4,1
0.0,0.0,0.14631527365530686,0.05121880336460617,0.08119654734760381,0.08248735693303075,0.050824202126507886,0.22929871667759488,0.026178185125778016,0.3500554113704937,0.08119654734760381,0.0,0.9049940065050811,0.3500554113704937,0,0,1,0,0,1,0
0.0,0.0,0.08283573387078384,0.08769446629748012,0.1039802360537192,0.09055122562986581,0.06904362614671994,0.26060235918550706,0.026577969296812887,1.0586422496361796,0.1039802360537192,0.0,2.3138853186822974,1.0586422496361796,0,0,1,1,1,3,1
0.0,0.0,0.1641353390467375,0.13685558782268348,0.07967201142968391,0.1293796315304471,0.07149652717912278,0.24683390405054773,0.03404551338539871,0.8337921304782735,0.07967201142968391,0.0,1.319193546717961,0.8337921304782735,0,0,1,1,0,2,0
0.0,0.0,0.15594543569555347,0.1375746816364728,0.0808695049717346,0.12799107598505843,0.07026726982727187,0.2814055821447598,0.023337969617800446,0.8821918950751337,0.0808695049717346,0.0,1.400764215186458,0.8821918950751337,0,0,1,1,0,2,0
0.0,0.0,0.10508753696647807,0.0796001734540499,0.04413985926829892,0.0771069357857192,0.04565788539162684,0.19193185492258333,0.0054643337944770285,0.7574581943170582,0.04413985926829892,0.0,1.1774836370766142,0.7574581943170582,0,0,1,0,0,1,0
0.0,0.0,0.09812188037743172,0.10747049079370972,0.04207078404147902,0.08878341150158255,0.0705579551046725,0.26668960572638367,0.02299148039183704,1.0952643295867612,0.04207078404147902,0.0,1.5240204349890167,1.0952643295867612,0,0,1,1,1,3,1
0.0,0.0,0.02113071235389067,0.00978474644226509,0.016969096305096697,0.014417325385879387,0.015109413146200498,0.05609547655507908,0.004057888748344969,0.4630361363244455,0.016969096305096697,0.0,1.2660518134696261,0.4630361363244455,0,0,1,0,0,1,0
0.0,0.0,0.11115190820724982,0.059107317898421344,0.06244026908282283,0.07295170327172884,0.04304706992382945,0.2063581316452244,0.024727425773056234,0.5317658246801151,0.06244026908282283,0.0,1.0935169303407968,0.5317658246801151,0,0,1,0,0,1,0
0.0,0.0,0.15697878120356215,0.07517441429275745,0.060579269580668546,0.0919767198424364,0.09610460481571656,0.40333468789346166,0.002429470578762444,0.47887959657222157,0.060579269580668546,0.0,0.8647845144935488,0.47887959657222157,0,0,1,0,0,1,0
0.0,0.0,0.10398318912836471,0.10000678989446016,0.06168503221259938,0.09142045028247109,0.05231460711594692,0.19589707771116824,0.009970619521945761,0.9617499615350695,0.06168503221259938,0.0,1.5549654564066162,0.9617499615350695,0,0,1,1,0,2,0
0.0,0.0,0.11166108013205608,0.10837613955165681,0.06013376284414199,0.09713678051987794,0.0911616135057162,0.3049091817417428,0.009017268839089604,0.9705724577536691,0.06013376284414199,0.0,1.509105886228451,0.9705724577536691,0,0,1,1,0,2,0
0.0,0.0,0.01798124592572229,0.012086342518947628,0.008974819085813927,0.012782187512357868,0.011512016922887175,0.04415024327579274,0.0004957795410130855,0.6721264167374664,0.008974819085813927,0.0,1.1712197515125238,0.6721264167374664,0,0,1,0,0,1,0
0.0,0.0,0.01852172854764266,0.031492999022702986,0.020205302058649306,0.025428257162924486,0.027549948139414665,0.11381740832818392,0.004018282104665132,1.7002354130331956,0.020205302058649306,0.0,2.791073731301417,1.7002354130331956,1,0,1,1,1,4,1
0.0,0.0,0.07794872103288951,0.07779730851255452,0.02106278608359185,0.0636515310353976,0.08572992645270013,0.30251796784406454,0.006650250644185893,0.9980447329597154,0.02106278608359185,0.0,1.2682546298585737,0.9980447329597154,0,0,1,0,0,1,0
0.0,0.0,0.19442192019451782,0.1774901108934928,0.11853612649645767,0.16698456711949028,0.1136888300265989,0.3578318316521395,0.030477335823712228,0.912907339916076,0.11853612649645767,0.0,1.5225891941844087,0.912907339916076,0,0,1,1,0,2,0
0.0,0.0,0.12339952242278737,0.04845796244741764,0.04192702933666719,0.06556061916357246,0.0805960853664083,0.35452226498515105,0.01439779824341248,0.3926884708104712,0.04192702933666719,0.0,0.7324522620286262,0.3926884708104712,0,0,1,0,0,1,0
0.0,0.0,0.13194021673264505,0.07144423559364638,0.03329751132586311,0.07703154981145022,0.06147347737687531,0.240087862462657,0.01321367414492989,0.5414853475121058,0.03329751132586311,0.0,0.793851606899682,0.5414853475121058,0,0,1,0,0,1,0
0.0,0.0,0.10245138439553475,0.07522549892812737,0.078516461213256,0.08285471086626135,0.07382838912417768,0.3093637368250467,0.012583257288651296,0.7342483961886783,0.078516461213256,0.0,1.5006186634743075,0.7342483961886783,0,0,1,1,0,2,0
0.0,0.0,0.028851443780675213,0.02742088925076525,0.007143421929755332,0.022709161052990263,0.02697886833386673,0.09706387171116979,0.0017061247139437351,0.9503835952062822,0.007143421929755332,0.0,1.1979682360102566,0.9503835952062822,0,0,1,0,0,1,0
0.0,0.0,0.07026605121438537,0.05851997293918898,0.03623335502535142,0.055884838029528684,0.09138207090342486,0.2635757834221315,0.0014050540894136,0.8328223815831413,0.03623335502535142,0.0,1.3484745172448918,0.8328223815831413,0,0,1,1,0,2,0
0.0,0.0,0.08087838970796325,0.0958127247111484,0.11322711368112025,0.09643273820284508,0.058445949423306616,0.2140468843788088,0.031432209821161024,1.184637088102494,0.11322711368112025,0.0,2.5845872372066987,1.184637088102494,0,0,1,1,1,3,1
0.0,0.0,0.12373714240986386,0.12681033540764766,0.0738354376295566,0.11279831271367896,0.10913223312968705,0.47461635437486704,0.006189089222840901,1.0248281810115398,0.0738354376295566,0.0,1.6215353578898537,1.0248281810115398,0,0,1,1,1,3,1
0.0,0.0,0.10750972591751842,0.0737705581050668,0.13202807091261973,0.09676972826006794,0.041906477609433085,0.1869131409315591,0.04006326578625783,0.6861692866036746,0.13202807091261973,0.0,1.9142148586697665,0.6861692866036746,0,0,1,1,0,2,0
0.0,0.0,0.06361246902660167,0.08304061727545711,0.031209420674691384,0.06522578106305182,0.06432838975668657,0.22681223439849585,0.002384118055704221,1.3053936304076021,0.031209420674691384,0.0,1.7960038919174774,1.3053936304076021,1,0,1,1,1,4,1
0.0,0.0,0.07495442104177676,0.039230990565319035,0.023500503296212113,0.04422922636715674,0.041631580938982546,0.1795694448183123,0.012828737719139036,0.5233909705270477,0.023500503296212113,0.0,0.8369173702135227,0.5233909705270477,0,0,1,0,0,1,0
0.0,0.0,0.0828065640187634,0.06843988005381006,0.039530182718760534,0.06480412671128602,0.03945526206579962,0.15263037185896547,0.01111791996960232,0.8264930971559824,0.039530182718760534,0.0,1.3038671533448998,0.8264930971559824,0,0,1,1,0,2,0
0.0,0.0,0.11770411488178799,0.09175909698594484,0.0660560550815038,0.09181959098379538,0.0520626189453247,0.22516971150203968,0.03302658129617982,0.7795676260806431,0.0660560550815038,0.0,1.3407671554965426,0.7795676260806431,0,0,1,1,0,2,0
0.0,0.0,0.17954059692329108,0.14020441128111388,0.06017543690455,0.1300312140975172,0.16180620655316047,0.567295965961109,0.021707203133207665,0.7809021067191245,0.06017543690455,0.0,1.1160636399556807,0.7809021067191245,0,0,1,0,0,1,0
0.0,0.0,0.03569731055856167,0.029139664729414448,0.013200522629537402,0.026794290661731987,0.03561507743074712,0.13298123724585637,0.0030053806346320463,0.816275736119556,0.013200522629537402,0.0,1.1860557739698756,0.816275736119556,0,0,1,0,0,1,0
0.0,0.0,0.06757695809848105,0.06665140062128595,0.07815220556620586,0.06975799122681471,0.04139967825859098,0.15800416321090752,0.003976986196919364,0.9862890578042499,0.07815220556620586,0.0,2.142763857654151,0.9862890578042499,0,0,1,1,0,2,0
0.0,0.0,0.0362357852755799,0.018811068331037482,0.02547305404140755,0.0248327439947656,0.022248387220942595,0.08643759872524577,0.0021541678650591365,0.5191152633430297,0.02547305404140755,0.0,1.222076462789547,0.5191152633430297,0,0,1,0,0,1,0
0.0,0.0,0.1715145332762277,0.10866044516675614,0.061028050390453156,0.1124658685000483,0.10091523559196378,0.375517373099782,0.009902927061005535,0.6335312207073237,0.061028050390453156,0.0,0.9893476836522093,0.6335312207073237,0,0,1,0,0,1,0
0.0,0.0,0.1737870281762454,0.15183668145163445,0.08242834448979683,0.1399721838923278,0.11097357284345566,0.33235249523162175,0.009967517197379261,0.8736889591592052,0.08242834448979683,0.0,1.3479928876565292,0.8736889591592052,0,0,1,1,0,2,0
0.0,0.0,0.17047830711754003,0.12649323832583795,0.0994887192243474,0.13073837574839084,0.08032798598453539,0.3466323711416799,0.039138217439347374,0.7419858777266434,0.0994887192243474,0.0,1.3255682544179865,0.7419858777266434,0,0,1,1,0,2,0
0.0,0.0,0.21749303114757923,0.08440831540027446,0.0634092959910872,0.11242973948480384,0.07294871661713996,0.2461629652619308,0.03333750312024174,0.3880948592239744,0.0634092959910872,0.0,0.6796398531556066,0.3880948592239744,0,0,1,0,0,1,0
0.0,0.0,0.09190060969493058,0.08903159413690857,0.09160940637002385,0.09039330108469289,0.056905448419163895,0.22006012236099076,0.011317778667049966,0.9687707803209423,0.09160940637002385,0.0,1.9655912568514764,0.9687707803209423,0,0,1,1,0,2,0
0.0,0.0,0.09047230770064349,0.060594569897388435,0.03511408440761637,0.06169388297575919,0.09574151115997528,0.3071711754291062,0.0025700832616990885,0.6697507965319749,0.03511408440761637,0.0,1.05786620095381,0.6697507965319749,0,0,1,0,0,1,0
0.0,0.0,0.09995912928430596,0.03336638140449998,0.03490436507465731,0.05039906429199081,0.09800331896837912,0.3846898190658189,0.0008418986837358373,0.3337969012584961,0.03490436507465731,0.0,0.6829797737153988,0.3337969012584961,0,0,1,0,0,1,0
0.0,0.0,0.14793422213930488,0.18110615842945635,0.11049171933697277,0.1551595645837976,0.09579322050073996,0.31512437933686493,0.0019086309889419267,1.224226089030479,0.11049171933697277,0.0,1.9711186663297984,1.224226089030479,1,0,1,1,1,4,1
0.0,0.0,0.027365037727383534,0.061575891072783696,0.0219627397013173,0.04311988989356705,0.08510382665515188,0.35415826601388684,0.0016133400800761167,2.2500842718333476,0.0219627397013173,0.0,3.05263888058259,2.2500842718333476,1,0,1,1,1,4,1
0.0,0.0,0.133700494102691,0.15983450845172092,0.1063227901712058,0.13992307529433465,0.07775768015338323,0.25203589792438874,0.02325723751900985,1.1954579081140122,0.1063227901712058,0.0,1.9906830541362646,1.1954579081140122,0,0,1,1,1,3,1
0.0,0.0,0.1631453673774808,0.07408167397584484,0.03933610406649263,0.0876612048489158,0.05645151646649759,0.18487615783814207,0.002834003700220099,0.45408105106280394,0.03933610406649263,0.0,0.6951903365394367,0.45408105106280394,0,0,1,0,0,1,0
0.0,0.0,0.17363928180996785,0.1812611216257532,0.07521741335802029,0.15284473460487363,0.11093543247115223,0.35980720625496265,0.015151255234906099,1.043888663024203,0.07521741335802029,0.0,1.4770681797468166,1.043888663024203,0,0,1,1,1,3,1
0.0,0.0,0.08618159102898511,0.062356542157482424,0.03115601781588684,0.06051267328995919,0.046316852072351915,0.1873666272661453,0.018549374195395495,0.7235398868027829,0.03115601781588684,0.0,1.0850516195541038,0.7235398868027829,0,0,1,0,0,1,0
0.0,0.0,0.09470146174567312,0.05717484334293256,0.05684840724630519,0.06647488891946084,0.07303791810497431,0.24563206689010664,0.0029638515476976225,0.6037313316783429,0.05684840724630519,0.0,1.2040156980866168,0.6037313316783429,0,0,1,0,0,1,0
0.0,0.0,0.12232770580078846,0.05796082123578637,0.02780379301822511,0.06651328532264657,0.10232818745812869,0.38217451439628863,0.0008971441564282593,0.47381210204394064,0.02780379301822511,0.0,0.7010996617071926,0.47381210204394064,0,0,1,0,0,1,0
0.0,0.0,0.08510698322642428,0.07123926926333829,0.040474962814182384,0.06701512114182082,0.04774567432440614,0.17394420422891171,0.012950135896135875,0.8370456749493267,0.040474962814182384,0.0,1.3126175458806515,0.8370456749493267,0,0,1,1,0,2,0
0.0,0.0,0.08522561493477315,0.04074098504830778,0.08633638442397648,0.06326099236384129,0.05343577239589197,0.2220021740846592,0.005974701285464873,0.4780312473924754,0.08633638442397648,0.0,1.4910526432328788,0.4780312473924754,0,0,1,1,0,2,0
0.0,0.0,0.13090670735899965,0.10744565147149046,0.09092548714554828,0.10918087436188222,0.08579895398083517,0.3212825559553017,0.020173178054039387,0.8207740677699966,0.09092548714554828,0.0,1.5153511020785677,0.8207740677699966,0,0,1,1,0,2,0
0.0,0.0,0.13727291017312399,0.10538355694150892,0.07514142533832684,0.10579536234861717,0.06374398612449053,0.26109461618777235,0.017646476094155254,0.7676881703785059,0.07514142533832684,0.0,1.315071320195989,0.7676881703785059,0,0,1,1,0,2,0
0.0,0.0,0.2003047999859196,0.05277987035842041,0.01980255250939837,0.08141677330303967,0.18777910887786464,0.7686479188125053,0.003135041800430764,0.26349646571457513,0.01980255250939837,0.0,0.3623580688772913,0.26349646571457513,0,0,1,0,0,1,0
0.0,0.0,0.27907660675034485,0.13866740627289947,0.09871698439986326,0.16378210092400178,0.11481667609090401,0.424645885291776,0.02053365403563173,0.49687758142826394,0.09871698439986326,0.0,0.850603505730649,0.49687758142826394,0,0,1,0,0,1,0
0.0,0.0,0.15035890418140488,0.10137152995251693,0.04645418973394362,0.09988903845509559,0.06420640577803516,0.24803580439899084,0.026977336299276573,0.6741925681876939,0.04645418973394362,0.0,0.9831458758321174,0.6741925681876939,0,0,1,0,0,1,0
0.0,0.0,0.12964969769945617,0.1076090882724135,0.09861792842149864,0.11087145066644546,0.05312407414548683,0.22056478211359448,0.0571466854800182,0.8299923577878662,0.09861792842149864,0.0,1.5906356105538888,0.8299923577878662,0,0,1,1,0,2,0
0.0,0.0,0.13676254812833255,0.04139635823750942,0.07175914320702437,0.07282860195259394,0.053935072479676216,0.18682054303467183,0.020760558511167624,0.3026856118025324,0.07175914320702437,0.0,0.8273805629724811,0.3026856118025324,0,0,1,0,0,1,0
0.0,0.0,0.1034315235107961,0.060770413093656356,0.06317393027248355,0.0720365699926481,0.03598526287031425,0.1311837917763248,0.023836678270742883,0.5875367924027615,0.06317393027248355,0.0,1.1983111226441538,0.5875367924027615,0,0,1,0,0,1,0
0.0,0.0,0.11747236865044326,0.033402489915796744,0.03009833825381094,0.05359392168396191,0.08328883432416795,0.3541010872514674,0.0009270007451740704,0.2843409557377216,0.03009833825381094,0.0,0.5405550968625269,0.2843409557377216,0,0,1,0,0,1,0
0.0,0.0,0.14958626428671973,0.04043804845298111,0.04281613486587567,0.0683196240146394,0.12024949026113581,0.49965064849076096,0.001953139866294465,0.2703308242570165,0.04281613486587567,0.0,0.5565593014608533,0.2703308242570165,0,0,1,0,0,1,0
0.0,0.0,0.06290882531419659,0.03404982877569479,0.022249508153776864,0.03831449775484076,0.05675152029773505,0.22812353885532188,0.002514929042880375,0.5412481850909052,0.022249508153776864,0.0,0.8949212090208559,0.5412481850909052,0,0,1,0,0,1,0
0.0,0.0,0.10974282113654706,0.10077573906810405,0.11903472566106099,0.10758225623345405,0.04432649750104993,0.22697902109880816,0.03423770138590449,0.91828166747279,0.11903472566106099,0.0,2.0029416002899083,0.91828166747279,0,0,1,1,0,2,0
0.0,0.0,0.1262085017061955,0.11758047039301484,0.06138180535282334,0.10568781196126215,0.06734557982554218,0.22817856864308916,0.016459756581503997,0.9316293052699924,0.06138180535282334,0.0,1.4179778330988617,0.9316293052699924,0,0,1,1,0,2,0
0.0,0.0,0.08347451271854466,0.021499101578301826,0.021313947135077508,0.03694666575255646,0.07454828090896534,0.3106764841321188,0.000289668118564946,0.2575497996734754,0.021313947135077508,0.0,0.5128815303924228,0.2575497996734754,0,0,1,0,0,1,0
0.0,0.0,0.1710774425685121,0.10800449273337126,0.14231395733992816,0.1323500963437957,0.06459763329239704,0.24282697677743037,0.023334389502819887,0.6313156182148344,0.14231395733992816,0.0,1.4631793831829745,0.6313156182148344,0,0,1,1,0,2,0
0.0,0.0,0.2912667112238271,0.1305433678189191,0.03461827283448305,0.14674292992403706,0.14715778256548817,0.5077944581189322,0.004873132679106208,0.44819031697819045,0.03461827283448305,0.0,0.5670441119595379,0.44819031697819045,0,0,1,0,0,1,0
0.0,0.0,0.08671551065583682,0.09554365599961281,0.06492400315632545,0.08568170645284699,0.03796552116017391,0.1833426706318519,0.02979118781955039,1.1017931334761546,0.06492400315632545,0.0,1.85048565656438,1.1017931334761546,0,0,1,1,1,3,1
0.0,0.0,0.03310605848477049,0.015027047448862253,0.00763556962340466,0.01769893075147491,0.02153963244766823,0.08905052639425558,0.0009488955375101756,0.4538925575576222,0.00763556962340466,0.0,0.684525237501601,0.4538925575576222,0,0,1,0,0,1,0
0.0,0.0,0.08536756855027217,0.06411797276948152,0.03832819238155863,0.06298292661769844,0.03772080967907301,0.16580568283028752,0.01846751849643032,0.7510723660749152,0.03832819238155863,0.0,1.2000454838446923,0.7510723660749152,0,0,1,0,0,1,0
0.0,0.0,0.14023075523334616,0.16288341104861712,0.14056384566477206,0.1516403557488381,0.0960918419626671,0.2887747616438007,0.002730905764942437,1.1615301454194773,0.14056384566477206,0.0,2.1638982997000347,1.1615301454194773,0,0,1,1,1,3,1
0.0,0.0,0.010776140191149261,0.024748910126281123,0.016670131361702093,0.019236022951353397,0.030857723195356925,0.10242540986921916,0.001385246574577839,2.296426481174124,0.016670131361702093,0.0,3.8432312054359885,2.296426481174124,1,0,1,1,1,4,1
0.0,0.0,0.06776569899696562,0.049123985287704355,0.026103292322687374,0.048029240473765424,0.04160864867266799,0.16889724155285807,0.0032692852040584254,0.7248986008585717,0.026103292322687374,0.0,1.1100921060617128,0.7248986008585717,0,0,1,0,0,1,0
0.0,0.0,0.1533997188550078,0.12437759033101234,0.07882025777133482,0.12024378932209184,0.07887814245759268,0.2588367864668033,0.022902202617893337,0.8108018740679585,0.07882025777133482,0.0,1.3246212248484108,0.8108018740679585,0,0,1,1,0,2,0
0.0,0.0,0.06489331345451918,0.10905159410202198,0.09210027733712553,0.09377419474892218,0.06724861409347913,0.22773021428247925,0.0030398247951042025,1.6804491533522452,0.09210027733712553,0.0,3.0996840975923674,1.6804491533522452,1,0,1,1,1,4,1
0.0,0.0,0.11792727578179392,0.06513819357392003,0.05309772797922879,0.0753253477272157,0.043108076737213896,0.17305891510855523,0.015279058819936504,0.5523543284432234,0.05309772797922879,0.0,1.0026087532384866,0.5523543284432234,0,0,1,0,0,1,0
0.0,0.0,0.10472396060697356,0.07517940621540926,0.06309620902281754,0.0795447455151524,0.04468707724880673,0.14549797432436187,0.0129655268893284,0.7178747624222369,0.06309620902281754,0.0,1.3203692265606746,0.7178747624222369,0,0,1,1,0,2,0
0.0,0.0,0.10585647866747933,0.1007154999374083,0.06169849206813646,0.09224649265260809,0.09180087809681271,0.323955715546194,0.01845784068027148,0.9514254562379757,0.06169849206813646,0.0,1.5342703609607158,0.9514254562379757,0,0,1,1,0,2,0
0.0,0.0,0.037019752364413676,0.02726045846155872,0.016289230438692636,0.026957474931555935,0.030061763752428697,0.10503345676621724,0.00141940738388909,0.7363561440680748,0.016289230438692636,0.0,1.1763588290040707,0.7363561440680748,0,0,1,0,0,1,0
0.0,0.0,0.11680025709223563,0.06658144321153675,0.08667519235531788,0.08415958396765676,0.07222033738195112,0.30703402592325985,0.009353786005006253,0.5700404676206413,0.08667519235531788,0.0,1.312114607172686,0.5700404676206413,0,0,1,1,0,2,0
0.0,0.0,0.11589588886332433,0.08086231409103349,0.07468699968916975,0.08807687918364027,0.06449406273785832,0.3042821749720317,0.022449181919647343,0.6977091005988378,0.07468699968916975,0.0,1.3421353696874512,0.6977091005988378,0,0,1,1,0,2,0
0.0,0.0,0.061976158803420105,0.07228174436488702,0.07014641471647626,0.0691715155624176,0.03606613591799279,0.1355733667832277,0.008799400943175972,1.1662642457385166,0.07014641471647626,0.0,2.2980749978087673,1.1662642457385166,0,0,1,1,1,3,1
0.0,0.0,0.13530443351479907,0.10961675293818662,0.07036148466644371,0.10622485601440401,0.08073918657091683,0.31317422858963934,0.019019910731367606,0.810143023016125,0.07036148466644371,0.0,1.3301626766152386,0.810143023016125,0,0,1,1,0,2,0
0.0,0.0,0.1340245104834819,0.051375145059777305,0.01510933043139415,0.06297103275860767,0.13244610014681538,0.5110153988231837,0.0016834215072969543,0.3833236290199326,0.01510933043139415,0.0,0.49605836419750393,0.3833236290199326,0,0,1,0,0,1,0
0.0,0.0,0.09737077660157414,0.03958629751899525,0.014293721929769482,0.04770927339233353,0.10111641066599804,0.3731099500113784,0.0008139844828255725,0.40654796390307707,0.014293721929769482,0.0,0.5533432923713717,0.40654796390307707,0,0,1,0,0,1,0
0.0,0.0,0.10040067330311643,0.05856099654720312,0.028021321630029485,0.061385997006888036,0.03723882912713224,0.16543608548767402,0.00899662864159935,0.5832671370964632,0.028021321630029485,0.0,0.8623593146285254,0.5832671370964632,0,0,1,0,0,1,0
0.0,0.0,0.06887990951869258,0.07184095232878264,0.04056702243049253,0.0632822091516876,0.030087075629575664,0.12140779773530208,0.00626868371888623,1.0429733409557662,0.04056702243049253,0.0,1.6319176901804762,1.0429733409557662,0,0,1,1,1,3,1
0.0,0.0,0.07308038774999352,0.056386143759935475,0.07180867376037631,0.0644153372575602,0.036753137655884345,0.16115494027373387,0.014658344539807085,0.7715527235584067,0.07180867376037631,0.0,1.7541377013646424,0.7715527235584067,0,0,1,1,0,2,0
0.0,0.0,0.09437492054983541,0.029915031143953507,0.03619098810972672,0.047598992736867296,0.07338700643311301,0.3007467810518406,0.003354761831903848,0.3169773706011886,0.03619098810972672,0.0,0.7004542988142065,0.3169773706011886,0,0,1,0,0,1,0
0.0,0.0,0.14620237705327102,0.08290355091292852,0.055287961827201665,0.09182436017658242,0.046364569483169187,0.20511449153388825,0.03458232679651272,0.5670426537597799,0.055287961827201665,0.0,0.9452005523085721,0.5670426537597799,0,0,1,0,0,1,0
0.0,0.0,0.08840427802478486,0.06475207905773886,0.02526455060449364,0.06079324668618905,0.08972300427647946,0.29858893819549087,0.0024824521922154424,0.7324458505699772,0.02526455060449364,0.0,1.0182268714430818,0.7324458505699772,0,0,1,0,0,1,0
0.0,0.0,0.08280946905257945,0.05978666785815765,0.03859522200829179,0.06024450669429664,0.03286933159379228,0.1229986742835505,0.01942942320168695,0.7219699217039438,0.03859522200829179,0.0,1.1880368628751892,0.7219699217039438,0,0,1,0,0,1,0
0.0,0.0,0.09245975629371445,0.08800964621288898,0.043724248021939374,0.07805082418535796,0.059949867852847054,0.20848031341549783,0.008240240230281151,0.9518594670944948,0.043724248021939374,0.0,1.4247546690658393,0.9518594670944948,0,0,1,1,0,2,0
0.0,0.0,0.12544496170669783,0.16752184324426572,0.10749139853315434,0.1419950116820959,0.07080971078928369,0.26191175109567555,0.02607959707204287,1.3354104107069185,0.10749139853315434,0.0,2.192284534598426,1.3354104107069185,1,0,1,1,1,4,1
0.0,0.0,0.10992933041060796,0.11983534085984736,0.06582314817110693,0.10385579007535237,0.04394660625075982,0.21872459689583448,0.02579834848818336,1.0901026169233055,0.06582314817110693,0.0,1.6888741108799468,1.0901026169233055,0,0,1,1,1,3,1
0.0,0.0,0.17007559964539645,0.1892918063759197,0.10008842900643142,0.1621869103509168,0.10688354022938075,0.35038529107624894,0.011662850100379832,1.1129797207292846,0.10008842900643142,0.0,1.701470019895144,1.1129797207292846,0,0,1,1,1,3,1
0.0,0.0,0.12124780447454593,0.03769646398102384,0.026313559613169054,0.05573857301244066,0.0635109113179658,0.27234687780622013,0.004581854206950133,0.31090173750074007,0.026313559613169054,0.0,0.5279229256865017,0.31090173750074007,0,0,1,0,0,1,0
0.0,0.0,0.20345608989743735,0.10867124762500367,0.04965839595548087,0.11761424527573139,0.07217707272642988,0.29282787254047243,0.018519292578046603,0.5341236704004014,0.04965839595548087,0.0,0.7781967375051834,0.5341236704004014,0,0,1,0,0,1,0
0.0,0.0,0.12213354585766381,0.08126411759884561,0.07926536260335025,0.09098178591467632,0.04525091494441293,0.19746038630509777,0.01961049824228781,0.6653655362468143,0.07926536260335025,0.0,1.314365882927814,0.6653655362468143,0,0,1,1,0,2,0
0.0,0.0,0.046226046857423445,0.028500779287098384,0.008713779563101215,0.027985346248680355,0.04165144981349383,0.1444982625986727,0.0005094172946094035,0.616539044231019,0.008713779563101215,0.0,0.8050386382019867,0.616539044231019,0,0,1,0,0,1,0
0.0,0.0,0.15984152441537,0.0899191516776403,0.05890526404110787,0.0996462729529396,0.07906639807546227,0.3871086848024848,0.03307281429053818,0.5625483706949884,0.05890526404110787,0.0,0.9310689771891367,0.5625483706949884,0,0,1,0,0,1,0
0.0,0.0,0.08976172909028282,0.0552070424329213,0.09562022693520353,0.07394901022283225,0.04095978568977173,0.16050915621245343,0.022069698432024727,0.6150330208587396,0.09562022693520353,0.0,1.680288365747254,0.6150330208587396,0,0,1,1,0,2,0
0.0,0.0,0.06944737632615168,0.060617628702007,0.010926069295233324,0.05040217575634976,0.08025510641548743,0.2380381285160516,0.0022642243322319646,0.8728444336456093,0.010926069295233324,0.0,1.030170923813227,0.8728444336456093,0,0,1,0,0,1,0
0.0,0.0,0.08304995282531913,0.11742581991230339,0.0817618267322747,0.09991585484555016,0.059654085375916356,0.22895102882376797,0.0039813483706413865,1.4139009357217711,0.0817618267322747,0.0,2.398378824906789,1.4139009357217711,1,0,1,1,1,4,1
0.0,0.0,0.11214534532980855,0.08126715479454896,0.0470358400050042,0.08042887373097768,0.050182261774790946,0.21047808872599327,0.010517401737705113,0.7246527254682469,0.0470358400050042,0.0,1.144067552288306,0.7246527254682469,0,0,1,0,0,1,0
0.0,0.0,0.07782181089764716,0.03825573738426028,0.03342121799289871,0.04693862591476661,0.03592352908005706,0.1355054367331854,0.004527072885699825,0.49157486015988766,0.03342121799289871,0.0,0.9210275824067673,0.49157486015988766,0,0,1,0,0,1,0
0.0,0.0,0.0857560148532043,0.030599337818070386,0.017038200065981064,0.04099822263883153,0.07553473646752364,0.3032373752622347,0.0011037882726782555,0.35681440020328603,0.017038200065981064,0.0,0.5554943576988498,0.35681440020328603,0,0,1,0,0,1,0
0.0,0.0,0.04359054792065963,0.06957908605664295,0.1154212246300022,0.07454248616598694,0.05404372349687654,0.1809251909113348,0.0048690541651531935,1.5961600212794205,0.1154212246300022,0.0,4.243949102779319,1.5961600212794205,1,0,1,1,1,4,1
0.0,0.0,0.09369511404267791,0.04056273251778105,0.06030862050050109,0.05878229989468529,0.041105394052689634,0.19128563992969888,0.01572875682591418,0.43291798098803774,0.06030862050050109,0.0,1.076579899272407,0.43291798098803774,0,0,1,0,0,1,0
0.0,0.0,0.07898007301910454,0.058851869366632545,0.018750207648533496,0.05385850485022577,0.08345908263125355,0.2707823413750868,0.001194412827574082,0.7451388936232484,0.018750207648533496,0.0,0.9825401713192105,0.7451388936232484,0,0,1,0,0,1,0
0.0,0.0,0.09208937484420932,0.15927335147458266,0.1077018562330021,0.1295844835065942,0.06420726757273865,0.25069342796098526,0.014751712492875206,1.729533099892663,0.1077018562330021,0.0,2.8990565860898143,1.729533099892663,1,0,1,1,1,4,1
0.0,0.0,0.17573707983202214,0.14424977012790755,0.10379923826938997,0.14200896458930679,0.1010692247174961,0.28626052946285274,0.004514136937837855,0.8208225005405064,0.10379923826938997,0.0,1.4114698910696715,0.8208225005405064,0,0,1,1,0,2,0
0.0,0.0,0.04416665921472878,0.025785517044266137,0.01723658147927925,0.028243568695635074,0.01920207677029311,0.0837635568772359,0.0038560814428424254,0.5838099075820465,0.01723658147927925,0.0,0.9740633596719704,0.5838099075820465,0,0,1,0,0,1,0
0.0,0.0,0.09311243214165074,0.07763449164306949,0.06178474876494609,0.07754154104818395,0.08194539903896181,0.30015209736764986,0.015272696458720914,0.8337625394901823,0.06178474876494609,0.0,1.4973053532805143,0.8337625394901823,0,0,1,1,0,2,0
0.0,0.0,0.0993599405157291,0.11676793666825995,0.08410862662620613,0.1042511101196138,0.08031002700510688,0.320481166284054,0.00871633340872804,1.1751895268118489,0.08410862662620613,0.0,2.0216854052691535,1.1751895268118489,0,0,1,1,1,3,1
0.0,0.0,0.07083517408679814,0.05726128387050072,0.06685031793482286,0.06305201494065561,0.04683829403056988,0.1876169013881998,0.00951370373990426,0.8083621766519518,0.06685031793482286,0.0,1.7520935229116854,0.8083621766519518,0,0,1,1,0,2,0
0.0,0.0,0.22372700991093927,0.10097571435279505,0.048995769303967915,0.11866855198012433,0.12443893827372521,0.5391617161511025,0.0055031746705798,0.4513324656711113,0.048995769303967915,0.0,0.670329493908532,0.4513324656711113,0,0,1,0,0,1,0
0.0,0.0,0.11543611444269555,0.0792223770503505,0.05898497499250084,0.08321646088397434,0.04901124286753723,0.1869484521691756,0.008896123900209923,0.6862816818734454,0.05898497499250084,0.0,1.1972523110100715,0.6862816818734454,0,0,1,0,0,1,0
0.0,0.0,0.233629904848432,0.06573473438744284,0.042507185970097554,0.10190163989835378,0.08462191971037077,0.30658149478463087,0.00883026736774614,0.28136146812463975,0.042507185970097554,0.0,0.4633030909492147,0.28136146812463975,0,0,1,0,0,1,0
0.0,0.0,0.10317026236112668,0.07662637809121828,0.0564792607069811,0.07822556981263608,0.04497925545830863,0.17839985754365584,0.008343127941710857,0.7427104829153461,0.0564792607069811,0.0,1.2901425818780277,0.7427104829153461,0,0,1,0,0,1,0
0.0,0.0,0.03176117791202282,0.01928972931579257,0.015940898971257975,0.021570383878716484,0.0365310844289392,0.11469598453743977,0.000678295502353822,0.6073175891534472,0.015940898971257975,0.0,1.10920064690258,0.6073175891534472,0,0,1,0,0,1,0
0.0,0.0,0.18572753468240244,0.1536611412136149,0.08392324463153727,0.14424326543529237,0.1063990593459303,0.42879014213254807,0.009932094828279172,0.8273426669540946,0.08392324463153727,0.0,1.2792023920902824,0.8273426669540946,0,0,1,0,0,1,0
0.0,0.0,0.10746232831706407,0.0884699418449352,0.04775246468792681,0.08303866917371533,0.042067492708472945,0.1737230094948048,0.01807515999448248,0.8232570424760154,0.04775246468792681,0.0,1.2676176018943504,0.8232570424760154,0,0,1,0,0,1,0
0.0,0.0,0.17650124224998578,0.09752052704779192,0.061154226216264804,0.10817413064045862,0.06795873176240648,0.2912183604146199,0.026684592549638828,0.5525172134055412,0.061154226216264804,0.0,0.8989956798357303,0.5525172134055412,0,0,1,0,0,1,0
0.0,0.0,0.120899394063054,0.16220979218013667,0.13864905236409902,0.14599200769685658,0.09101181855980113,0.2920212967329998,0.015828791502929814,1.341681252879443,0.13864905236409902,0.0,2.488485226833312,1.341681252879443,1,0,1,1,1,4,1
0.0,0.0,0.06153054007895832,0.03972444064771925,0.024433731962348375,0.0413532883341863,0.030820860956991023,0.10358654001820594,0.005573070772064158,0.6455947729691826,0.024433731962348375,0.0,1.0426875798612998,0.6455947729691826,0,0,1,0,0,1,0
0.0,0.0,0.0578236464947509,0.03055891059991605,0.03165731147675135,0.03764969479283358,0.030300254757412347,0.14659954801639752,0.006615341298059387,0.5284755282107962,0.03165731147675135,0.0,1.0759464319823406,0.5284755282107962,0,0,1,0,0,1,0
0.0,0.0,0.14398869233668948,0.0995005179705962,0.07494037259615309,0.10448252521850873,0.08489695729780065,0.32368272387347974,0.013485816058913264,0.6910252835177622,0.07494037259615309,0.0,1.2114817924525882,0.6910252835177622,0,0,1,0,0,1,0
0.0,0.0,0.0368182051686433,0.05364546290604271,0.07441701972096004,0.054631537675422184,0.02706150373832897,0.11553638886636648,0.008429291509745222,1.456996767321021,0.07441701972096004,0.0,3.4781435949102417,1.456996767321021,1,0,1,1,1,4,1
0.0,0.0,0.11942326154766905,0.07274469571527331,0.08276697090567306,0.08691990597097218,0.04601706661942937,0.22861217997270444,0.025570257751541828,0.6091282857649217,0.08276697090567306,0.0,1.3021781722206653,0.6091282857649217,0,0,1,1,0,2,0
0.0,0.0,0.12962111288502615,0.07949918510711265,0.09212057039909566,0.09518501337458678,0.06681005365940905,0.2985560282253919,0.02439789774767444,0.6133149918457805,0.09212057039909566,0.0,1.3240006021074024,0.6133149918457805,0,0,1,1,0,2,0
0.0,0.0,0.07237015305481115,0.045972618122045464,0.021051845096211046,0.046341808598778275,0.05713731867440921,0.19964180504709608,0.0025963316814847526,0.6352340149565885,0.021051845096211046,0.0,0.926121256731874,0.6352340149565885,0,0,1,0,0,1,0
0.0,0.0,0.05757593557231136,0.06310808664514778,0.01854888397062502,0.05058524820830799,0.036063429181477355,0.1236660499274036,0.008706966235828957,1.096065395246501,0.01854888397062502,0.0,1.418223630766509,1.096065395246501,0,0,1,1,1,3,1
0.0,0.0,0.09128683801017516,0.10718971732821946,0.10696661043943853,0.10315822077651314,0.07097210658980486,0.2813290382260203,0.011078180826368604,1.174194938391156,0.10696661043943853,0.0,2.345945883215983,1.174194938391156,0,0,1,1,1,3,1
0.0,0.0,0.10983870335319898,0.10056815361952684,0.07778773677215708,0.09719068684110242,0.054246981287888935,0.2410265347073784,0.03978763271538616,0.9155901786819409,0.07778773677215708,0.0,1.6237834311894057,0.9155901786819409,0,0,1,1,0,2,0
0.0,0.0,0.07616289061268093,0.06071879588180595,0.029275049117864948,0.05671888287353945,0.10060835875107355,0.3158754513422594,0.0010340714428347072,0.7972123718125365,0.029275049117864948,0.0,1.1815815116026562,0.7972123718125365,0,0,1,0,0,1,0
0.0,0.0,0.1090499570243709,0.11696986203035999,0.08438842607714667,0.10684452679055936,0.06982232874488485,0.2855078301162677,0.012187549067150416,1.0726165567187032,0.08438842607714667,0.0,1.8464605318640785,1.0726165567187032,0,0,1,1,1,3,1
0.0,0.0,0.18642552049875533,0.21376424987250128,0.1279949865067667,0.18548725168763117,0.11549069946867511,0.36154234007667246,0.01928747837786711,1.146640774609793,0.1279949865067667,0.0,1.8332114736945364,1.146640774609793,0,0,1,1,1,3,1
0.0,0.0,0.09456594867094878,0.05751613967650423,0.08079955034563258,0.07259944459239744,0.02223296807895151,0.10808783225571073,0.025925290979582117,0.6082055145570467,0.08079955034563258,0.0,1.4626218987292732,0.6082055145570467,0,0,1,1,0,2,0
0.0,0.0,0.08807489568864249,0.032345401014574324,0.027864381479713127,0.04515751979937607,0.08096606138777053,0.3160572617272843,0.001965945121849043,0.36724464465191137,0.027864381479713127,0.0,0.6836124915168087,0.36724464465191137,0,0,1,0,0,1,0
0.0,0.0,0.35224569001263306,0.13753180482740346,0.0577062421025631,0.17125388544250075,0.14566121374862862,0.6379748590188977,0.02998317902946732,0.3904417237319419,0.0577062421025631,0.0,0.5542651001857944,0.3904417237319419,0,0,1,0,0,1,0
0.0,0.0,0.08758936757113035,0.06612937534193898,0.07912448953236267,0.07474315194684276,0.03245619570512853,0.140062992658731,0.017945697924129103,0.7549845625232325,0.07912448953236267,0.0,1.6583314912606564,0.7549845625232325,0,0,1,1,0,2,0
0.0,0.0,0.07320879764357215,0.08256156311692651,0.10279588049518193,0.08528195109315177,0.03680326712870849,0.15346151485370033,0.01980219687490141,1.127739261333356,0.10279588049518193,0.0,2.5318666295805956,1.127739261333356,0,0,1,1,1,3,1
0.0,0.0,0.0752686355000936,0.05539984041284904,0.03307358586163531,0.05478547554685675,0.06166994543682591,0.18264871341300215,0.0066019311843723595,0.7360184494686458,0.03307358586163531,0.0,1.1754198846143518,0.7360184494686458,0,0,1,0,0,1,0
0.0,0.0,0.051983003317042885,0.025810713887299046,0.0062715113065294915,0.027468985599542618,0.04969033699869461,0.1753320111443794,0.0014615556703631207,0.49651262389091605,0.0062715113065294915,0.0,0.6171557238130296,0.49651262389091605,0,0,1,0,0,1,0
0.0,0.0,0.051141173348337406,0.029445011678906386,0.014314413774994388,0.031086402620286138,0.04610022182798048,0.17894536702232275,0.0009642187246396179,0.5757481497384119,0.014314413774994388,0.0,0.8556426641442949,0.5757481497384119,0,0,1,0,0,1,0
0.0,0.0,0.08792210368596713,0.0589981734202094,0.038348116423495865,0.061066641737470465,0.028149307456917967,0.12658857263599135,0.02803010118341324,0.6710201408600381,0.038348116423495865,0.0,1.107175313002993,0.6710201408600381,0,0,1,0,0,1,0
0.0,0.0,0.12989242412015772,0.05871748704885292,0.06851941790680258,0.07896170403116654,0.03975329645632995,0.14986321044858447,0.0037660063946149767,0.4520435691535577,0.06851941790680258,0.0,0.9795484707367108,0.4520435691535577,0,0,1,0,0,1,0
0.0,0.0,0.09089831304004738,0.066441945484971,0.055878492774271704,0.06991517419606526,0.03279776028723554,0.14386344986203323,0.02743058680750945,0.7309400177281732,0.055878492774271704,0.0,1.3456695564393557,0.7309400177281732,0,0,1,1,0,2,0
0.0,0.0,0.12457695630211246,0.046933264878109913,0.03697112679077965,0.06385365321227798,0.04279811417581177,0.15309454121442587,0.009684358784636362,0.3767381186146017,0.03697112679077965,0.0,0.6735091356404503,0.3767381186146017,0,0,1,0,0,1,0
0.0,0.0,0.10049836974545628,0.08520443096141814,0.023390999381226008,0.07357455776237964,0.07567585947775397,0.27866951377866683,0.0053489848948022715,0.8478105999791142,0.023390999381226008,0.0,1.080558322083944,0.8478105999791142,0,0,1,0,0,1,0
0.0,0.0,0.12025138934349987,0.11916843168498709,0.08616191766027718,0.1111875425934378,0.07988787629472709,0.367155334315411,0.052106384387821926,0.9909859782044208,0.08616191766027718,0.0,1.707494965099945,0.9909859782044208,0,0,1,1,0,2,0
0.0,0.0,0.1787334341022575,0.21302145149247517,0.12732563493579688,0.18302549300575116,0.11717334214962101,0.3848238504140405,0.02587534659470312,1.1918321870233544,0.12732563493579688,0.0,1.9042054662704375,1.1918321870233544,0,0,1,1,1,3,1
0.0,0.0,0.19459649602153128,0.10154585075865416,0.08277463099071344,0.12011570713238827,0.072545856823683,0.25896866756484693,0.04643718120446267,0.521825063706979,0.08277463099071344,0.0,0.9471883529733262,0.521825063706979,0,0,1,0,0,1,0
0.0,0.0,0.04597360705534293,0.03163618978892746,0.01748324851784644,0.03168230878776107,0.0344191342677752,0.1349730186542873,0.004317722075243343,0.688123114371477,0.01748324851784644,0.0,1.068403656993638,0.688123114371477,0,0,1,0,0,1,0
0.0,0.0,0.019735248629081444,0.014626528882709383,0.01315569337477882,0.015535999942319755,0.0162235406293393,0.06258843674373837,0.0011418089621132235,0.7410997478597392,0.01315569337477882,0.0,1.4076749224039964,0.7410997478597392,0,0,1,1,0,2,0
0.0,0.0,0.10863802434361627,0.03501240528681639,0.008565854377230864,0.04680717232361998,0.09297414742693724,0.37266377320518074,0.0022271374248988766,0.3222820298539781,0.008565854377230864,0.0,0.40112896748973753,0.3222820298539781,0,0,1,0,0,1,0
0.0,0.0,0.10221567314604686,0.049680416394592496,0.04904455782586099,0.06265526594027321,0.056414807766310526,0.27104770998465405,0.01394111359584611,0.4860304573169709,0.04904455782586099,0.0,0.9658402213834092,0.4860304573169709,0,0,1,0,0,1,0
0.0,0.0,0.15047099861443516,0.11105314429796022,0.13437594816732168,0.1267383088444193,0.06097002898977738,0.2437240620637708,0.02483587366381452,0.738031961564619,0.13437594816732168,0.0,1.6310615577996133,0.738031961564619,0,0,1,1,0,2,0
0.0,0.0,0.06151626986140385,0.03304454329677677,0.029623578204766868,0.03930723366493106,0.020692521919551912,0.09627562174914084,0.005794857128782991,0.5371588071321259,0.029623578204766868,0.0,1.0187077814527954,0.5371588071321259,0,0,1,0,0,1,0
0.0,0.0,0.20680762538390796,0.12042626650487091,0.08236654847355278,0.13250667671680066,0.05761512619715212,0.253569544268352,0.06213868459864008,0.5823077556911291,0.08236654847355278,0.0,0.9805819974963349,0.5823077556911291,0,0,1,0,0,1,0
0.0,0.0,0.14490499695220962,0.07178288344338017,0.04916202043990682,0.0844081960697192,0.06348356603774362,0.2970068005966798,0.026057866987860976,0.49537551897906856,0.04916202043990682,0.0,0.8346438824279642,0.49537551897906856,0,0,1,0,0,1,0
0.0,0.0,0.12749808931625797,0.10967687705852089,0.0944490263854325,0.11032521745468309,0.05209486844623278,0.21892873195082377,0.03336215299940517,0.8602169446596628,0.0944490263854325,0.0,1.6009989133147822,0.8602169446596628,0,0,1,1,0,2,0
0.0,0.0,0.15478671600362107,0.07067429588001947,0.07562548152864293,0.09294019732307574,0.12211307128475815,0.5000491382119854,0.00703970979862265,0.45658853108450886,0.07562548152864293,0.0,0.9451640038750873,0.45658853108450886,0,0,1,0,0,1,0
0.0,0.0,0.09202295050196721,0.06926156357091118,0.03696464751994637,0.06687768129093398,0.046422299261077285,0.182370182181864,0.005399044260814753,0.7526471444999588,0.03696464751994637,0.0,1.154332220160302,0.7526471444999588,0,0,1,0,0,1,0
0.0,0.0,0.11843658686831121,0.14112776431335908,0.08917481574951708,0.12246673281113665,0.059269041762747735,0.22210480908912547,0.033965851431170806,1.1915791941140839,0.08917481574951708,0.0,1.9445058460955116,1.1915791941140839,0,0,1,1,1,3,1
0.0,0.0,0.11780895089907308,0.11656798378957763,0.041856601619061934,0.09820038002432258,0.05236444384730538,0.22864870756778663,0.02563634970955896,0.9894578760111746,0.041856601619061934,0.0,1.3447470625326103,0.9894578760111746,0,0,1,1,0,2,0
0.0,0.0,0.12241380015575591,0.0933777606406917,0.10120564556451866,0.10259374175041451,0.060316503894056905,0.26489758489332116,0.02932814894042829,0.7627979666011088,0.10120564556451866,0.0,1.589541509340618,0.7627979666011088,0,0,1,1,0,2,0
0.0,0.0,0.197379002522256,0.16184786574725274,0.05333776111170015,0.1436031237821154,0.0955172422180388,0.2731417918244192,0.022936349815638052,0.819981070417725,0.05333776111170015,0.0,1.090209869840736,0.819981070417725,0,0,1,0,0,1,0
0.0,0.0,0.11450860237678268,0.10815042305241533,0.05996651945075033,0.09769399198309092,0.052911906682304465,0.21651766393678104,0.026464251559504447,0.9444659732251703,0.05996651945075033,0.0,1.468147116169291,0.9444659732251703,0,0,1,1,0,2,0
0.0,0.0,0.09536274908444638,0.09562609981894069,0.08019152693082719,0.09170161891328873,0.04738893983466394,0.1848254941548609,0.025556410274102288,1.0027510530679953,0.08019152693082719,0.0,1.843652629408247,1.0027510530679953,0,0,1,1,1,3,1
0.0,0.0,0.10939368104226473,0.05985234553426699,0.0732758980827658,0.07559356754839114,0.040989582476959045,0.14980261864989694,0.004474618643357056,0.5471229950489365,0.0732758980827658,0.0,1.216953533285577,0.5471229950489365,0,0,1,0,0,1,0
0.0,0.0,0.06693365870444498,0.06365289938001956,0.09272186867984153,0.0717403315360814,0.042931506093852004,0.16721135291889747,0.00917556097364484,0.950970702055623,0.09272186867984153,0.0,2.3362301546997593,0.950970702055623,0,0,1,1,0,2,0
0.0,0.0,0.18133285491271822,0.1525015045259245,0.11242323676671234,0.1496897751828199,0.09694316297517883,0.30793523084566754,0.015395141177830328,0.8409985250648775,0.11242323676671234,0.0,1.4609778268936797,0.8409985250648775,0,0,1,1,0,2,0
0.0,0.0,0.045737086519512395,0.02186263781980435,0.01656939070171156,0.026507938215208166,0.029537068193028617,0.13174650978906247,0.002683023021958435,0.4779963370456588,0.01656939070171156,0.0,0.8402631471065227,0.4779963370456588,0,0,1,0,0,1,0
0.0,0.0,0.10946424498813413,0.16135099022418062,0.10899414290959021,0.1352900920865214,0.07665521822809379,0.2527478935618196,0.005306963401974969,1.473992866335528,0.10899414290959021,0.0,2.4696891982754514,1.473992866335528,1,0,1,1,1,4,1
0.0,0.0,0.06924062489453883,0.030939600301805807,0.023089249301195644,0.03855226869983653,0.044216645934494,0.1693007438198016,0.0022252474261091806,0.4468352721203406,0.023089249301195644,0.0,0.7802943631853269,0.4468352721203406,0,0,1,0,0,1,0
0.0,0.0,0.08793033643411689,0.10380235263706841,0.07332239372563834,0.09221435885847303,0.04592714470222547,0.24461101939315413,0.0364983302538723,1.180493289952928,0.07332239372563834,0.0,2.0143529433948566,1.180493289952928,0,0,1,1,1,3,1
0.0,0.0,0.10911074980016748,0.1350412732779366,0.08435120818754349,0.11588612613589605,0.07608083702700089,0.3793746824763042,0.04205013444869657,1.237641899476983,0.08435120818754349,0.0,2.0107136203688976,1.237641899476983,1,0,1,1,1,4,1
0.0,0.0,0.08160411658831833,0.08905245063158274,0.07810812574510592,0.08445428589914743,0.045730859479393135,0.23402093554956263,0.03774365054301467,1.0912606262280677,0.07810812574510592,0.0,2.048408033285225,1.0912606262280677,0,0,1,1,1,3,1
0.0,0.0,0.12073353396122584,0.10424006936436797,0.06585491163940993,0.09876714608234291,0.09100706047614912,0.3640900215624512,0.009149707894816237,0.8633823807018206,0.06585491163940993,0.0,1.40883453493434,0.8633823807018206,0,0,1,1,0,2,0
0.0,0.0,0.08403408950407237,0.02113586043448968,0.013895995134261893,0.03505045137682841,0.06654293891709252,0.2808086494229228,0.005587421962992148,0.2515123213317388,0.013895995134261893,0.0,0.4168717588746534,0.2515123213317388,0,0,1,0,0,1,0
0.0,0.0,0.026749025019595314,0.043810325509903734,0.015094555445183733,0.03236605787114663,0.060509172551333666,0.2495687076487857,0.00222109960561496,1.6377676461166357,0.015094555445183733,0.0,2.202049564885925,1.6377676461166357,1,0,1,1,1,4,1
0.0,0.0,0.11778949518254789,0.13602943152449373,0.09046554534297964,0.12007847589362873,0.058214110316930134,0.23970425455428987,0.03428897359003772,1.1548421739265102,0.09046554534297964,0.0,1.9228629314823646,1.1548421739265102,0,0,1,1,1,3,1
0.0,0.0,0.12931652501214969,0.09183663098918736,0.03439284524484571,0.08684565805884252,0.15027154570155196,0.46416685770005855,0.002702370961110119,0.7101638465518041,0.03439284524484571,0.0,0.9761204154052091,0.7101638465518041,0,0,1,0,0,1,0
0.0,0.0,0.0875535427890735,0.13514466029442176,0.14224507307205528,0.12502198411249305,0.05451146071190488,0.2165928348996708,0.0151693579338245,1.5435482384962822,0.14224507307205528,0.0,3.1681935000760957,1.5435482384962822,1,0,1,1,1,4,1
0.0,0.0,0.04249427629367917,0.02894708868773382,0.016573415962493135,0.029240467407909983,0.02002863551550095,0.08110824648557809,0.005859220433080053,0.6811836799856145,0.016573415962493135,0.0,1.071189756142326,0.6811836799856145,0,0,1,0,0,1,0
0.0,0.0,0.07778252933944016,0.05888997005489356,0.04711982116347384,0.06067057265317528,0.040935350909842814,0.17635232589930444,0.0013940252842698652,0.7571007712687239,0.04711982116347384,0.0,1.3628822466482644,0.7571007712687239,0,0,1,1,0,2,0
0.0,0.0,0.04716553325616761,0.03827910398612662,0.029990861818824384,0.0384286507618113,0.03751776883105951,0.149349077541666,0.0038330988960329298,0.8115734047746905,0.029990861818824384,0.0,1.447423863741859,0.8115734047746905,0,0,1,1,0,2,0
0.0,0.0,0.10583084548200096,0.08634163723980394,0.06637943309363512,0.086223388263811,0.046820001042215086,0.19567582784026968,0.029212641191963797,0.8158379630116933,0.06637943309363512,0.0,1.4430540225192676,0.8158379630116933,0,0,1,1,0,2,0
0.0,0.0,0.08973256483761484,0.089291654099114,0.08691474681649541,0.08880765496308454,0.059151557054799644,0.21301340909331987,0.0032923277215491367,0.9950753016521685,0.08691474681649541,0.0,1.9636621060857105,0.9950753016521685,0,0,1,1,0,2,0
0.0,0.0,0.16275260633931812,0.0871145969977083,0.049556273455451806,0.09663451844754663,0.05994148638433693,0.2171038944801477,0.010989088677288575,0.535254480420463,0.049556273455451806,0.0,0.8397409650525394,0.535254480420463,0,0,1,0,0,1,0
0.0,0.0,0.0953670847666905,0.0841171638364264,0.07663839852812807,0.08505995274191784,0.026404162435140318,0.12333331270725904,0.03747510185101053,0.8820263512915408,0.07663839852812807,0.0,1.6856327015251338,0.8820263512915408,0,0,1,1,0,2,0
0.0,0.0,0.14318582674518976,0.09119746350958108,0.11658353750863618,0.11054107281824704,0.0559386111013122,0.22826482062564496,0.02631373497447028,0.6369123863040339,0.11658353750863618,0.0,1.4511181352456188,0.6369123863040339,0,0,1,1,0,2,0
0.0,0.0,0.07209932171321717,0.05912025850911867,0.04068916406200379,0.05775725069836458,0.06351983802322946,0.18058814541884208,0.00314731447594378,0.8199721874234156,0.04068916406200379,0.0,1.3843131375768294,0.8199721874234156,0,0,1,1,0,2,0
0.0,0.0,0.18683330882459154,0.06016291224717405,0.08248863050145512,0.09741194095509867,0.08507763155730293,0.3911783096470009,0.010266186483772376,0.3220121220008778,0.08248863050145512,0.0,0.7635189898797274,0.3220121220008778,0,0,1,0,0,1,0
0.0,0.0,0.1287942775907616,0.09291893373144253,0.06420944341422119,0.09471039711696697,0.05062932836279037,0.2129938809153508,0.029014020262853137,0.721446744551351,0.06420944341422119,0.0,1.2199855467133558,0.721446744551351,0,0,1,0,0,1,0
0.0,0.0,0.11023344609490267,0.07159593538272593,0.07618991914130067,0.0824038090004138,0.0461141840134183,0.1673309326259247,0.02113204542543743,0.6494878680760804,0.07618991914130067,0.0,1.3406504024776003,0.6494878680760804,0,0,1,1,0,2,0
0.0,0.0,0.0588540426496788,0.05746464850113773,0.01741254575521222,0.04779897135179162,0.09091809571965269,0.3312012096360902,0.0012148813756927208,0.9763759554671114,0.01741254575521222,0.0,1.2722307364899783,0.9763759554671114,0,0,1,0,0,1,0
0.0,0.0,0.09879229117819674,0.03554918780322025,0.015496250263673335,0.04634672926207764,0.037250700394168036,0.1566757284528215,0.006678045201599758,0.3598340269796154,0.015496250263673335,0.0,0.5166893162291885,0.3598340269796154,0,0,1,0,0,1,0
0.0,0.0,0.06125655683195722,0.09278644513400444,0.12029429403217953,0.09178093528303641,0.03696063198786742,0.15202944061533735,0.04458986887336718,1.5146938587273044,0.12029429403217953,0.0,3.4784400519059337,1.5146938587273044,1,0,1,1,1,4,1
0.0,0.0,0.13512937644078837,0.09641348957369344,0.10413678130889506,0.10802328422426757,0.03933418150674172,0.21279949951164964,0.011069489476488328,0.7134849477455578,0.10413678130889506,0.0,1.484124266984973,0.7134849477455578,0,0,1,1,0,2,0
0.0,0.0,0.1364423829555832,0.14891200876717736,0.12150616112019363,0.13894314040253286,0.07826369815562567,0.24674061894608407,0.013467811683752991,1.0913831476580518,0.12150616112019363,0.0,1.9819075431118633,1.0913831476580518,0,0,1,1,1,3,1
0.0,0.0,0.14999655783030585,0.11724506538737449,0.09593463906725314,0.12010533191807699,0.05309451316552315,0.19854366550916688,0.007140861206519464,0.7816464953383796,0.09593463906725314,0.0,1.4212211687859648,0.7816464953383796,0,0,1,1,0,2,0
0.0,0.0,0.06948714785386509,0.08033991549018887,0.05183973708157507,0.07050167897895449,0.04501536285335444,0.13280679516459476,0.003317478265298176,1.1561671734170447,0.05183973708157507,0.0,1.9021898935879007,1.1561671734170447,0,0,1,1,1,3,1
0.0,0.0,0.22191864600842803,0.13328056444568592,0.06767896749689174,0.13903968559917293,0.08561079278366028,0.3011589484557067,0.03549013526212023,0.600580285896023,0.06767896749689174,0.0,0.9055508854540334,0.600580285896023,0,0,1,0,0,1,0
0.0,0.0,0.13256539917647414,0.08273238428773785,0.06371157250371212,0.0904354350639155,0.054272548225123646,0.19211779388508732,0.004739247864212436,0.6240826091806523,0.06371157250371212,0.0,1.1046838241152033,0.6240826091806523,0,0,1,0,0,1,0
0.0,0.0,0.13371840325694478,0.06545937073161676,0.05494129617759361,0.07989461022444296,0.04772952808402419,0.16934819413703217,0.02842938560910366,0.48952784066673655,0.05494129617759361,0.0,0.9003978777698987,0.48952784066673655,0,0,1,0,0,1,0
0.0,0.0,0.1437925067750488,0.05851095795567574,0.027624775147070846,0.07210979945836779,0.09629639106207388,0.4126340466707392,0.0002651740070796144,0.40690959743551247,0.027624775147070846,0.0,0.5990238018014103,0.40690959743551247,0,0,1,0,0,1,0
0.0,0.0,0.13940412065493474,0.19822932306335178,0.12114984416143226,0.16425315273576765,0.10002596253601263,0.3726999186833906,0.014800721577202485,1.4219658656156742,0.12114984416143226,0.0,2.2910146035118295,1.4219658656156742,1,0,1,1,1,4,1
0.0,0.0,0.1208421741458987,0.043805151856978336,0.02962541508002455,0.05951947323496999,0.09333949936993537,0.38572684224054826,0.00043321733278010497,0.3624958725768876,0.02962541508002455,0.0,0.607651755723888,0.3624958725768876,0,0,1,0,0,1,0
0.0,0.0,0.04186680105237357,0.07819406531522914,0.09329657392593639,0.07288787640219206,0.03176095385217796,0.11334401246014376,0.01944673099550344,1.867642038745098,0.09329657392593639,0.0,4.096003012592976,1.867642038745098,1,0,1,1,1,4,1
0.0,0.0,0.06539573196994866,0.04666726246698511,0.03790636592819534,0.049159155708028555,0.048894508157116844,0.18969136031667255,0.006976036126393972,0.7136023630115006,0.03790636592819534,0.0,1.2932393691177722,0.7136023630115006,0,0,1,0,0,1,0
0.0,0.0,0.10459385556763198,0.07912591467139758,0.06376064707355195,0.08165158299599479,0.034209922175491514,0.1650898648446966,0.03242304979704758,0.7564991054482029,0.06376064707355195,0.0,1.3660955022071595,0.7564991054482029,0,0,1,1,0,2,0
0.0,0.0,0.05981767416500557,0.03359974095018312,0.02268503006275498,0.03742554653203169,0.05423681923608204,0.21533398137401535,0.0037724326254038472,0.5616931738991844,0.02268503006275498,0.0,0.9409230779284836,0.5616931738991844,0,0,1,0,0,1,0
0.0,0.0,0.15327264959343959,0.08112065424860058,0.1059957360161289,0.10537742352669242,0.06657214385632679,0.2186557940320153,0.018407830962936245,0.5292537527733842,0.1059957360161289,0.0,1.22079947049645,0.5292537527733842,0,0,1,0,0,1,0
0.0,0.0,0.14384516598367117,0.08625779277007738,0.06643369478163735,0.0956986115763658,0.07523604315295485,0.31384718624979047,0.02482156974941421,0.5996530542209169,0.06643369478163735,0.0,1.0614915351240413,0.5996530542209169,0,0,1,0,0,1,0
0.0,0.0,0.08315872344130047,0.10530617926410853,0.09453833097674644,0.09707735323656598,0.05508511037710786,0.2297900586969122,0.02515981840175452,1.2663122832345692,0.09453833097674644,0.0,2.4031406307155194,1.2663122832345692,1,0,1,1,1,4,1
0.0,0.0,0.1480647709061218,0.13855294988993433,0.10343635434656331,0.13215175625813844,0.058087193513291134,0.2209778797158016,0.02450024895904505,0.9357527336806365,0.10343635434656331,0.0,1.6343365705361181,0.9357527336806365,0,0,1,1,0,2,0
0.0,0.0,0.10130213181411911,0.11454837121735145,0.09475208708210649,0.10628774033273213,0.06288403214698986,0.2712351243326305,0.01892010114118776,1.1307485678481886,0.09475208708210649,0.0,2.0660808264398267,1.1307485678481886,0,0,1,1,1,3,1
0.0,0.0,0.19988762090901135,0.11439219743360525,0.06415288824552684,0.12320622600543718,0.0904551241439561,0.3336287819238325,0.026803712830003584,0.5722796871247423,0.06415288824552684,0.0,0.8932228601467275,0.5722796871247423,0,0,1,0,0,1,0
0.0,0.0,0.10547223054830979,0.0510939981538056,0.024698955896984183,0.058089795688226295,0.09251630965646666,0.35356387147335994,0.0036362864162017713,0.4844262178013318,0.024698955896984183,0.0,0.7185989625687479,0.4844262178013318,0,0,1,0,0,1,0
0.0,0.0,0.12960844482747536,0.049443719164666354,0.03651230492014305,0.06625204701923776,0.12547548755512422,0.48655459044341937,0.0003802421037192813,0.38148237754186404,0.03651230492014305,0.0,0.6631925952558972,0.38148237754186404,0,0,1,0,0,1,0
0.0,0.0,0.15432802486131972,0.1398648542077505,0.08948357883240014,0.13088532802730524,0.10369169680287521,0.28571222127725854,0.006914987154919614,0.9062770553590502,0.08948357883240014,0.0,1.4861004483521065,0.9062770553590502,0,0,1,1,0,2,0
0.0,0.0,0.049637073097866954,0.026838285694226444,0.03187875908635477,0.033798100893168655,0.014967023405124725,0.07323692849417819,0.013086913282226357,0.540679442598664,0.03187875908635477,0.0,1.1829033867776064,0.540679442598664,0,0,1,0,0,1,0
0.0,0.0,0.12839525140031696,0.0969706093746592,0.10429031652754572,0.10665669666929527,0.07855672035014523,0.26314558562852386,0.01658171545609447,0.7552448635927997,0.10429031652754572,0.0,1.5674984565920753,0.7552448635927997,0,0,1,1,0,2,0
0.0,0.0,0.103901453372546,0.06773105508693095,0.059759664187259476,0.07478080693341686,0.05636771252505426,0.24771337162283416,0.017657406983880478,0.65187156692132,0.059759664187259476,0.0,1.2270231850740603,0.65187156692132,0,0,1,0,0,1,0
0.0,0.0,0.10644887462145568,0.06666184868031884,0.04726422963403053,0.07175920040403097,0.04151652001042695,0.14237208651461059,0.0035249262265593215,0.6262275922576117,0.04726422963403053,0.0,1.0702321512306112,0.6262275922576117,0,0,1,0,0,1,0
0.0,0.0,0.0679571843747596,0.05677729067016961,0.03351024923497313,0.053755503737517994,0.02595344415250801,0.09189224431135964,0.015908241049717702,0.8354739196248642,0.03351024923497313,0.0,1.328574927888693,0.8354739196248642,0,0,1,1,0,2,0
0.0,0.0,0.025244109375970592,0.03057791260960131,0.011175403486101632,0.024393834520318708,0.027247565266613795,0.11922121715320524,0.0049976980533246685,1.211241042936685,0.011175403486101632,0.0,1.653917021070449,1.211241042936685,1,0,1,1,1,4,1
0.0,0.0,0.04597360705534293,0.03163618978892746,0.01748324851784644,0.03168230878776107,0.0344191342677752,0.1349730186542873,0.004317722075243343,0.688123114371477,0.01748324851784644,0.0,1.068403656993638,0.688123114371477,0,0,1,0,0,1,0
0.0,0.0,0.11744551799220579,0.07332031694746068,0.07282320307550819,0.08422733874065884,0.04067473238342449,0.17522885979264083,0.021426262488804127,0.6242868515891336,0.07282320307550819,0.0,1.2443410202477654,0.6242868515891336,0,0,1,0,0,1,0
0.0,0.0,0.07195126093915385,0.05908268175703044,0.04931872927585846,0.0598588384322683,0.03259962601754112,0.1446411766715042,0.01367320129316939,0.8211372510864319,0.04931872927585846,0.0,1.5065740758939894,0.8211372510864319,0,0,1,1,0,2,0
0.0,0.0,0.09283197142978912,0.102961752126238,0.09634041570206253,0.0987739728460819,0.04973789772748066,0.21973622758849487,0.027232855348584942,1.10910757827147,0.09634041570206253,0.0,2.1468898900756996,1.10910757827147,0,0,1,1,1,3,1
0.0,0.0,0.048737771990971734,0.012457235687809263,0.010890919057778791,0.02113579060609226,0.03855825729160714,0.16761337995361403,0.002734685971077027,0.25559190720104347,0.010890919057778791,0.0,0.4790468407762308,0.25559190720104347,0,0,1,0,0,1,0
0.0,0.0,0.0795531076740372,0.051831950386703594,0.031650368848855547,0.05371684432407498,0.09832261146294638,0.29944358821263073,0.000759016483593649,0.6515307870597756,0.031650368848855547,0.0,1.0493778596275292,0.6515307870597756,0,0,1,0,0,1,0
0.0,0.0,0.06855875931423627,0.13416180318226759,0.06363060991257832,0.10012824389783744,0.05260008774234314,0.2029378658502269,0.03312528726883148,1.9568593082036856,0.06363060991257832,0.0,2.8849636444650524,1.9568593082036856,1,0,1,1,1,4,1
0.0,0.0,0.2268414719079122,0.17319728500616902,0.06191328597499053,0.1587873319738102,0.11993955225483925,0.384518438671993,0.004778456553079249,0.7635134794179076,0.06191328597499053,0.0,1.0364486376986926,0.7635134794179076,0,0,1,0,0,1,0
0.0,0.0,0.05406345160253906,0.020747364449449097,0.013883795352950305,0.02736049396359689,0.04536325403172741,0.18927238077081057,0.004076711493429164,0.3837524257524278,0.013883795352950305,0.0,0.6405532429514739,0.3837524257524278,0,0,1,0,0,1,0
0.0,0.0,0.14699091894510158,0.09482873960743832,0.06736360899160584,0.10100300178789601,0.06678298275624703,0.2537918661222187,0.027430349219843532,0.6451289314948999,0.06736360899160584,0.0,1.1034099681331435,0.6451289314948999,0,0,1,0,0,1,0
0.0,0.0,0.05197327809145738,0.02427776803420703,0.025295930018286582,0.03145618604453951,0.034176401407822465,0.15342797021185628,0.009561406196685975,0.4671112120400453,0.025295930018286582,0.0,0.9538121523354389,0.4671112120400453,0,0,1,0,0,1,0
0.0,0.0,0.04388542025766076,0.10115622168159999,0.07905702979005366,0.0813137233527286,0.09142884539822087,0.37026474240714485,0.011850424347834844,2.304954951616093,0.07905702979005366,0.0,4.106355688470532,2.304954951616093,1,0,1,1,1,4,1
0.0,0.0,0.15915867931536629,0.13162809340374132,0.038321799214500116,0.11518416633433727,0.07592249042632138,0.26958332774349647,0.011254303451469163,0.8270190915811496,0.038321799214500116,0.0,1.0677948922069322,0.8270190915811496,0,0,1,0,0,1,0
0.0,0.0,0.09893908214090953,0.09236113883713491,0.06505102474614366,0.08717809614033076,0.03972075895006474,0.1484760757842157,0.01893561850995876,0.9335057828797337,0.06505102474614366,0.0,1.59098476751913,0.9335057828797337,0,0,1,1,0,2,0
0.0,0.0,0.10658253342339173,0.08453788429853334,0.09063004403143726,0.09157208651297392,0.07366511334099914,0.25605339162341667,0.01903529090716705,0.7931608343543614,0.09063004403143726,0.0,1.6434802140977507,0.7931608343543614,0,0,1,1,0,2,0
0.0,0.0,0.14291677355419588,0.14060734500576483,0.06851615627438351,0.12316190496002725,0.06636877289465339,0.2498842474553686,0.029791909325378757,0.9838338613107843,0.06851615627438351,0.0,1.4632434866531598,0.9838338613107843,0,0,1,1,0,2,0
0.0,0.0,0.10901123548398707,0.04502877517788348,0.011021273292084363,0.05252251478295959,0.10115920240404112,0.40471914067812687,0.0009123720256906477,0.4130616620966167,0.011021273292084363,0.0,0.5141629122742015,0.4130616620966167,0,0,1,0,0,1,0
0.0,0.0,0.10935282877848913,0.019858081135524844,0.01930922813375105,0.04209455479582247,0.09538560561928826,0.4014049189434044,0.0017301868394117331,0.18159474942345233,0.01930922813375105,0.0,0.3581704427433861,0.18159474942345233,0,0,1,0,0,1,0
0.0,0.0,0.10870735886410139,0.05572615333268685,0.08307297640772968,0.07580816048430118,0.03604407626800634,0.12759024080755127,0.01844063714887812,0.5126206845082749,0.08307297640772968,0.0,1.2768027333935952,0.5126206845082749,0,0,1,0,0,1,0
0.0,0.0,0.2026135237797557,0.0853956834634366,0.10122339228994802,0.11865707074914424,0.06886208644497714,0.2935475598282233,0.041749145366126464,0.4214687173968964,0.10122339228994802,0.0,0.9210547806347864,0.4214687173968964,0,0,1,0,0,1,0
0.0,0.0,0.19763708664788887,0.11628377929871465,0.1142885499242484,0.13612329879239166,0.10698657733840441,0.48735867594576554,0.031638168445612104,0.5883672589174844,0.1142885499242484,0.0,1.166639149030772,0.5883672589174844,0,0,1,0,0,1,0
0.0,0.0,0.12907422638574712,0.10286201441222678,0.04563402882157018,0.09510807100794272,0.06253308959879128,0.21185059937860376,0.014156027627437251,0.7969152353436052,0.04563402882157018,0.0,1.1504612263085237,0.7969152353436052,0,0,1,0,0,1,0
0.0,0.0,0.11846515568635684,0.09859981488897075,0.0487522792102103,0.09110426616862716,0.061635494495056314,0.2627532025731446,0.006306293057672952,0.832303659367635,0.0487522792102103,0.0,1.2438328334828448,0.832303659367635,0,0,1,0,0,1,0
0.0,0.0,0.14810256958708748,0.08228692585051424,0.06817358817760165,0.09521250236642939,0.08276518317211437,0.2997813499956522,0.00881063683939396,0.5556039336521736,0.06817358817760165,0.0,1.0159141636329196,0.5556039336521736,0,0,1,0,0,1,0
0.0,0.0,0.20050339787599508,0.0567188147313427,0.03409882123641328,0.08700996214377345,0.14303230259640975,0.6184305750352892,0.010138237321559584,0.2828806516574329,0.03409882123641328,0.0,0.45294585520225594,0.2828806516574329,0,0,1,0,0,1,0
0.0,0.0,0.07335555392681606,0.04582826482884222,0.050109109986140994,0.05378029839266037,0.026433106986628204,0.11729424739680712,0.007570747427499176,0.6247330657675474,0.050109109986140994,0.0,1.3078228144508375,0.6247330657675474,0,0,1,1,0,2,0
0.0,0.0,0.05259729700554832,0.08407380229076768,0.035598874710058126,0.06408594407428544,0.034717448944831565,0.12401003421121996,0.002224826055964351,1.598413011012489,0.035598874710058126,0.0,2.275219613825181,1.598413011012489,1,0,1,1,1,4,1
0.0,0.0,0.09488606365849733,0.06598719353478621,0.07782831890622259,0.07617219240857309,0.03630542709743097,0.14651559400314662,0.009823723341328913,0.6954287654245155,0.07782831890622259,0.0,1.5156493087256562,0.6954287654245155,0,0,1,1,0,2,0
0.0,0.0,0.1460519496980623,0.07403775681722094,0.06460333120057526,0.08968269863326986,0.060829959973485184,0.25526163866208795,0.017292510695125576,0.5069240776737508,0.06460333120057526,0.0,0.9492522287595783,0.5069240776737508,0,0,1,0,0,1,0
0.0,0.0,0.09615550545346886,0.11254286232142674,0.09930032174751234,0.10513538796095867,0.06080863428597249,0.24160217428511377,0.010168989787924833,1.1704133983517881,0.09930032174751234,0.0,2.2031081835794484,1.1704133983517881,0,0,1,1,1,3,1
0.0,0.0,0.16417112176905285,0.1004922945180698,0.03797458986889945,0.10078257516852297,0.08626478845923231,0.31878998068166325,0.014263638504334668,0.6121154641555777,0.03797458986889945,0.0,0.8434250766506866,0.6121154641555777,0,0,1,0,0,1,0
0.0,0.0,0.0689004233471314,0.058190287752180256,0.05737106346546203,0.06066301557923849,0.03538871672516039,0.1516730115872875,0.014730813700174015,0.8445440591119939,0.05737106346546203,0.0,1.6771983161426738,0.8445440591119939,0,0,1,1,0,2,0
0.0,0.0,0.21336415919626409,0.1463112003241639,0.07938483989914641,0.14634284993593455,0.08771294801217976,0.33833480593282994,0.027558720919713797,0.6857314515420928,0.07938483989914641,0.0,1.0577923831308542,0.6857314515420928,0,0,1,0,0,1,0
0.0,0.0,0.2452660037441088,0.15410753491219883,0.046246849381667364,0.1499319807375435,0.1648085182744734,0.4698461990696256,0.005087041136665621,0.6283255903145529,0.046246849381667364,0.0,0.8168827491483498,0.6283255903145529,0,0,1,0,0,1,0
0.0,0.0,0.10249404295924214,0.05432001240863858,0.052034776744750745,0.06579221113031751,0.05105084253596414,0.23171656761349077,0.003137601842856157,0.5299769709861901,0.052034776744750745,0.0,1.037657881617573,0.5299769709861901,0,0,1,0,0,1,0
0.0,0.0,0.11539426572268262,0.05882791103726816,0.06261104324223701,0.073915282759864,0.11266686067815697,0.3794967385556943,0.0013441628495753724,0.5097948400989268,0.06261104324223701,0.0,1.0523737999039469,0.5097948400989268,0,0,1,0,0,1,0
0.0,0.0,0.03726973934804767,0.11730123376690588,0.05137272621064962,0.08081123327312727,0.06895924808442416,0.25478235735225513,0.011932949037315912,3.1472741302903717,0.05137272621064962,0.0,4.525640299281882,3.1472741302903717,1,0,1,1,1,4,1
0.0,0.0,0.11592911959747934,0.10159887038710289,0.060174411943832384,0.09482531807887938,0.05964187534563892,0.2447887637907765,0.02011053762597075,0.8763802775315341,0.060174411943832384,0.0,1.3954378973525419,0.8763802775315341,0,0,1,1,0,2,0
0.0,0.0,0.10861300649278653,0.11437640086749845,0.09854368235520922,0.10897737264574818,0.09590180051166265,0.3549140967842334,0.015350387906939924,1.0530538791522677,0.09854368235520922,0.0,1.9603372538959651,1.0530538791522677,0,0,1,1,1,3,1
0.0,0.0,0.15694235064730286,0.10598479530493048,0.0793383207037509,0.1120625654902287,0.09028358526156825,0.34272324760526873,0.004278356681055802,0.6753060570441687,0.0793383207037509,0.0,1.180828083791559,0.6753060570441687,0,0,1,0,0,1,0
0.0,0.0,0.0651095398751003,0.07859581932654049,0.0390984522121287,0.0653499076850775,0.02996998580511407,0.11682727709155497,0.01109958033883631,1.2071136175081425,0.0390984522121287,0.0,1.8076070596932348,1.2071136175081425,1,0,1,1,1,4,1
0.0,0.0,0.04976181044431375,0.0186044200564838,0.013887981688558999,0.025214658061460088,0.042331986762099726,0.16900596451381625,0.003210324169461125,0.3738619240025193,0.013887981688558999,0.0,0.6529454718278599,0.3738619240025193,0,0,1,0,0,1,0
0.0,0.0,0.15005062332297392,0.16997685337044208,0.10087190499548307,0.14771905876483526,0.07326108128605958,0.28483099964737385,0.04007938693670703,1.1327891668627985,0.10087190499548307,0.0,1.8050371756588413,1.1327891668627985,0,0,1,1,1,3,1
0.0,0.0,0.11831339163502155,0.06078016612100286,0.05577108018455548,0.07391120101539568,0.06178326509221133,0.2906665239127435,0.007775980116201288,0.5137174377610684,0.05577108018455548,0.0,0.9850977949081444,0.5137174377610684,0,0,1,0,0,1,0
0.0,0.0,0.0957594151350944,0.06654690684825007,0.06078065008957128,0.07240846973029146,0.04996760321020649,0.18546276402231973,0.017418119885312597,0.694931269401545,0.06078065008957128,0.0,1.3296470859926148,0.694931269401545,0,0,1,1,0,2,0
0.0,0.0,0.1405862832248264,0.17276001533347357,0.14596797813305115,0.1580185730062062,0.08459560985742175,0.3473084118970497,0.03902027372690716,1.2288452509406325,0.14596797813305115,0.0,2.2671182354154795,1.2288452509406325,1,0,1,1,1,4,1
0.0,0.0,0.10123818346432345,0.06946919935889419,0.026547359904899953,0.06668098552175294,0.04336266355382818,0.15621598466380485,0.012890991176682116,0.6861888547666432,0.026547359904899953,0.0,0.9484130153778872,0.6861888547666432,0,0,1,0,0,1,0
0.0,0.0,0.10950064596004047,0.0910131289631861,0.05976373648406234,0.08782266009261876,0.053459637467719465,0.2328940153787979,0.01728076418657117,0.8311576338898026,0.05976373648406234,0.0,1.3769369777534686,0.8311576338898026,0,0,1,1,0,2,0
0.0,0.0,0.09856156704629963,0.03225885589250844,0.027132209200603736,0.04755287200798006,0.09212821330682348,0.3609880635902411,0.002174287974250204,0.3272931789342995,0.027132209200603736,0.0,0.6025722226290363,0.3272931789342995,0,0,1,0,0,1,0
0.0,0.0,0.14618610826221112,0.10278892478121386,0.0786423720159647,0.10760158246015089,0.10126467564367378,0.43125916424397537,0.023908824506755244,0.7031326223160845,0.0786423720159647,0.0,1.2410895800178978,0.7031326223160845,0,0,1,0,0,1,0
0.0,0.0,0.03708758512569836,0.07960467343736255,0.013229838307313876,0.052381692576934334,0.10116279104900797,0.33934363487712155,0.0001809336161435544,2.146338911758733,0.013229838307313876,0.0,2.5030480788104312,2.146338911758733,1,0,1,1,1,4,1
0.0,0.0,0.29785623558262914,0.1141131136178681,0.09082515312522124,0.15422690398589667,0.1274065206648833,0.4697476543535672,0.048094285729973936,0.38311345163281013,0.09082515312522124,0.0,0.6880419283493855,0.38311345163281013,0,0,1,0,0,1,0
0.0,0.0,0.07004401069144808,0.038357791020334805,0.02161355765515976,0.04209328759681935,0.04951435323801329,0.19622853431966247,0.004068985700776673,0.5476163204443336,0.02161355765515976,0.0,0.8561830183690238,0.5476163204443336,0,0,1,0,0,1,0
0.0,0.0,0.17090911506960924,0.11280957469420716,0.04842709028458886,0.11123883868565311,0.06582358034972711,0.294226741435047,0.024476705587121367,0.6600520668320973,0.04842709028458886,0.0,0.9434003652336589,0.6600520668320973,0,0,1,0,0,1,0
0.0,0.0,0.131083210073263,0.02715425093470256,0.014453962390958204,0.049961418583406594,0.08096031216179063,0.33908425572029943,0.0031270459229002334,0.20715119631514764,0.014453962390958204,0.0,0.31741590617516724,0.20715119631514764,0,0,1,0,0,1,0
0.0,0.0,0.08165056834157047,0.08106098826833438,0.05253700445589852,0.07407738733353443,0.045214838918910365,0.15453742266213963,0.008923486180942785,0.9927670700608525,0.05253700445589852,0.0,1.6361962842569853,0.9927670700608525,0,0,1,1,0,2,0
0.0,0.0,0.10900820189596172,0.10260895047415394,0.06622095887330992,0.09511176542939488,0.0441029936394811,0.200103761468678,0.04355697950784294,0.9412870536570282,0.06622095887330992,0.0,1.5487675022939345,0.9412870536570282,0,0,1,1,0,2,0
0.0,0.0,0.11649420133506147,0.07491217226050394,0.048039261727927544,0.07858945189599921,0.043121096431980935,0.16991901430248488,0.01690835277336343,0.6430494252294809,0.048039261727927544,0.0,1.0554205888258066,0.6430494252294809,0,0,1,0,0,1,0
0.0,0.0,0.01852172854764266,0.031492999022702986,0.020205302058649306,0.025428257162924486,0.027549948139414665,0.11381740832818392,0.004018282104665132,1.7002354130331956,0.020205302058649306,0.0,2.791073731301417,1.7002354130331956,1,0,1,1,1,4,1
0.0,0.0,0.07152135853588398,0.06854936800596721,0.030846224119333587,0.05986657966678801,0.03471756054269159,0.1251951947973609,0.004665800843415226,0.9584327112419654,0.030846224119333587,0.0,1.389713568735745,0.9584327112419654,0,0,1,1,0,2,0
0.0,0.0,0.06761679748151873,0.032397379845923904,0.0319754091963376,0.04109674159242604,0.05892384805226029,0.21139399462418576,0.005120512426444344,0.4791250388594621,0.0319754091963376,0.0,0.9520095513293797,0.4791250388594621,0,0,1,0,0,1,0
0.0,0.0,0.1953797972778587,0.11380202873973069,0.054745314887535,0.11943229241121378,0.06532775108044256,0.28455922283523505,0.029986576885598602,0.5824627103854447,0.054745314887535,0.0,0.862660742383848,0.5824627103854447,0,0,1,0,0,1,0
0.0,0.0,0.03486270374360846,0.09031444207882877,0.04761228301788287,0.06577596772978722,0.05399949588563483,0.23231815710081832,0.014148108291822616,2.590500502844195,0.04761228301788287,0.0,3.9561696058181326,2.590500502844195,1,0,1,1,1,4,1
0.0,0.0,0.13049496817281606,0.08251659541050968,0.06264282565993509,0.08954274616344261,0.049969620592923744,0.21903290372784867,0.01823684406686247,0.6323306119406907,0.06264282565993509,0.0,1.1123670953435885,0.6323306119406907,0,0,1,0,0,1,0
0.0,0.0,0.14623736309295182,0.12752617152450857,0.075742712086268,0.11925810455705924,0.05114715386609697,0.22134045655151807,0.05367989741907258,0.8720432096429482,0.075742712086268,0.0,1.3899833074688825,0.8720432096429482,0,0,1,1,0,2,0
0.0,0.0,0.18671815364457262,0.0523002943406457,0.06605439823158499,0.08934328513936227,0.07633384418108428,0.2942576202179836,0.011941138180861264,0.2801013892779388,0.06605439823158499,0.0,0.6338647656764961,0.2801013892779388,0,0,1,0,0,1,0
0.0,0.0,0.14914717010363482,0.1399481545091508,0.0851555658411646,0.12854976124077527,0.07796030104789066,0.35211795835519105,0.04260102765793616,0.9383162690625608,0.0851555658411646,0.0,1.5092623677106012,0.9383162690625608,0,0,1,1,0,2,0
0.0,0.0,0.07167714365770712,0.04394162222650817,0.028928458466349827,0.04712221164426833,0.054730125432867587,0.19983863130255497,0.016817778803398985,0.6130407399548131,0.028928458466349827,0.0,1.016629016522008,0.6130407399548131,0,0,1,0,0,1,0
0.0,0.0,0.2245412129883586,0.09161294829375699,0.06113978418111556,0.11722672343924706,0.10076532029933369,0.37417405792093805,0.013710392449925246,0.40799877704290133,0.06113978418111556,0.0,0.6802851474648646,0.40799877704290133,0,0,1,0,0,1,0
0.0,0.0,0.058073934520738967,0.02774083552360883,0.02865561505220772,0.035552805155041084,0.031135267175569473,0.1484694645550566,0.01291652712800016,0.4776731261522539,0.02865561505220772,0.0,0.9710979623348001,0.4776731261522539,0,0,1,0,0,1,0
0.0,0.0,0.18465954610799767,0.12511460012349687,0.07784161013511737,0.12818258912252722,0.048571275565825245,0.224499485575258,0.03403508702613664,0.677538341353785,0.07784161013511737,0.0,1.0990772773947959,0.677538341353785,0,0,1,0,0,1,0
0.0,0.0,0.1790038918482375,0.1711443840266096,0.08799492557755698,0.15232189636975343,0.12195875061537435,0.3501554578221305,0.008394641319335358,0.9560877485499549,0.08799492557755698,0.0,1.4476660773263557,0.9560877485499549,0,0,1,1,0,2,0
0.0,0.0,0.08115094906706441,0.06889202521654322,0.015877184080471417,0.05870304589515557,0.05075997598818915,0.18069469566091076,0.003031154463533134,0.8489263167248206,0.015877184080471417,0.0,1.04457391685024,0.8489263167248206,0,0,1,0,0,1,0
0.0,0.0,0.04208211068922937,0.026491875881107046,0.023437305968029256,0.02962579210486818,0.01896576729197524,0.08907580497268353,0.005006808922876964,0.6295132524005005,0.023437305968029256,0.0,1.1864422812716418,0.6295132524005005,0,0,1,0,0,1,0
0.0,0.0,0.13424053526548643,0.14345772812603066,0.09758438519616568,0.12968509417842836,0.05454412128166623,0.21622407864951587,0.03381010742001519,1.068653810032175,0.09758438519616568,0.0,1.7955851953383342,1.068653810032175,0,0,1,1,1,3,1
0.0,0.0,0.020443129152797432,0.02702939604453694,0.014154309112214285,0.022164057588521396,0.019883366484282756,0.07732642294865857,0.004826016748260078,1.3221104133378274,0.014154309112214285,0.0,2.0144514275442216,1.3221104133378274,1,0,1,1,1,4,1
0.0,0.0,0.11261456422609642,0.0730712645917974,0.0558554990245698,0.07865314810856523,0.039105926817921716,0.16290242963227197,0.015869341424010825,0.6488558228513904,0.0558554990245698,0.0,1.1448396542907964,0.6488558228513904,0,0,1,0,0,1,0
0.0,0.0,0.04400931808431176,0.03581373732018444,0.015738767804961355,0.0328438901324105,0.03614237075539227,0.12805962477607488,0.0029305903405570967,0.8137577477075965,0.015738767804961355,0.0,1.171373154504025,0.8137577477075965,0,0,1,0,0,1,0
0.0,0.0,0.16395329762204022,0.08807204884114687,0.10933681407659777,0.11235855234523293,0.07934755663312512,0.29866053254755653,0.016823082336371933,0.5371743840724272,0.10933681407659777,0.0,1.204048114510706,0.5371743840724272,0,0,1,0,0,1,0
0.0,0.0,0.11611385263354662,0.10827077133393244,0.08932201904123813,0.10549435358566239,0.037852412159082846,0.18112619510883435,0.043926016356641354,0.9324454958025933,0.08932201904123813,0.0,1.7017012543499905,0.9324454958025933,0,0,1,1,0,2,0
0.0,0.0,0.14187279355414353,0.1051269084118435,0.060902656594222296,0.10325731674301321,0.05140162240177175,0.22038582935125767,0.0360093401361498,0.7409889154174463,0.060902656594222296,0.0,1.1702623919949222,0.7409889154174463,0,0,1,0,0,1,0
0.0,0.0,0.05232588977187638,0.025150177254857277,0.02022616114223597,0.03071310135595673,0.02104810510382295,0.08542136013429427,0.008179509354178745,0.4806358139094767,0.02022616114223597,0.0,0.8671705617306004,0.4806358139094767,0,0,1,0,0,1,0
0.0,0.0,0.09404555087341103,0.04530379020658024,0.016187969396773538,0.050210275170836254,0.10245987547377457,0.3639073147139413,0.0004683491619587372,0.4817166582489586,0.016187969396773538,0.0,0.6538438574544132,0.4817166582489586,0,0,1,0,0,1,0
0.0,0.0,0.08351258221926507,0.03591552728083765,0.023444270236460552,0.04469697675435023,0.07999514357965255,0.30283820971927206,0.0029647035474330945,0.43005612172809643,0.023444270236460552,0.0,0.7107801622189902,0.43005612172809643,0,0,1,0,0,1,0
0.0,0.0,0.1623320455516603,0.07558822473125304,0.06207781336906029,0.09389657709580668,0.06471283405724533,0.2443399944744054,0.005375635780239115,0.4656367067739027,0.06207781336906029,0.0,0.8480469126448007,0.4656367067739027,0,0,1,0,0,1,0
0.0,0.0,0.07136067965052503,0.07487346229555215,0.06167524368170022,0.0706957119808324,0.05336727315717699,0.2481177925305648,0.011604216179865528,1.049211042428165,0.06167524368170022,0.0,1.9134738230092618,1.049211042428165,0,0,1,1,1,3,1
0.0,0.0,0.06441714108601218,0.10456960858100535,0.05998440473106781,0.08338519074477267,0.0813286452093974,0.27402083268963384,0.004354805615084968,1.6232944139350785,0.05998440473106781,0.0,2.554466964396844,1.6232944139350785,1,0,1,1,1,4,1
0.0,0.0,0.2147790287590952,0.10369766065660929,0.0609213190145967,0.12077391727172761,0.0957816663509929,0.343352860792952,0.011607948654358392,0.4828086729279668,0.0609213190145967,0.0,0.7664538487228177,0.4828086729279668,0,0,1,0,0,1,0
0.0,0.0,0.04338894017596134,0.03638117971066099,0.03043963119753376,0.036647732698704256,0.035488572892546436,0.11576949356181836,0.005084942304559207,0.8384703819162372,0.03043963119753376,0.0,1.540006984043146,0.8384703819162372,0,0,1,1,0,2,0
0.0,0.0,0.17171691130860492,0.07064837349056852,0.057712277648500204,0.09268148398456051,0.059581210347461507,0.21282847447262207,0.01445183069639954,0.4114211089115913,0.057712277648500204,0.0,0.7475088076769337,0.4114211089115913,0,0,1,0,0,1,0
0.0,0.0,0.12615052797672782,0.058036663208104924,0.014239730934840482,0.06411589633194453,0.11707530180571644,0.4682320103274884,0.0022535702440158742,0.4600551744312713,0.014239730934840482,0.0,0.572933164600898,0.4600551744312713,0,0,1,0,0,1,0
0.0,0.0,0.06391418156932778,0.09600628255034496,0.07136131787993172,0.08182201613748737,0.04997397352264362,0.21047043438301496,0.020511572835782567,1.5020888651659148,0.07136131787993172,0.0,2.6185891414348204,1.5020888651659148,1,0,1,1,1,4,1
0.0,0.0,0.10245476525453012,0.08400852663674846,0.04730183152336677,0.07944341251284844,0.044243561529606616,0.18168609626946128,0.010021623460593064,0.8199492378788708,0.04730183152336677,0.0,1.281629763185135,0.8199492378788708,0,0,1,0,0,1,0
0.0,0.0,0.07077644736461335,0.07043887797307972,0.05304255100980983,0.06617418858014565,0.03150127399698787,0.13997056879200276,0.023294674286387776,0.9952164226863189,0.05304255100980983,0.0,1.7446437188779804,0.9952164226863189,0,0,1,1,0,2,0
0.0,0.0,0.022146592653816886,0.016929170611922145,0.01181464870883158,0.01695489564662319,0.014381724466194073,0.05644480005398284,0.0017879668515260053,0.7643797173145405,0.01181464870883158,0.0,1.2978304129952496,0.7643797173145405,0,0,1,0,0,1,0
0.0,0.0,0.1757630293871756,0.12951070741861714,0.06274366686009306,0.12438202777112575,0.08487144387921096,0.2844667320338273,0.03628910268527505,0.7368442102185142,0.06274366686009306,0.0,1.0938209311030838,0.7368442102185142,0,0,1,0,0,1,0
0.0,0.0,0.15158159293476137,0.18091919659470213,0.12211346829513649,0.1588833636048255,0.09401423785330722,0.3410173303605031,0.03158636898067373,1.1935354389442774,0.12211346829513649,0.0,1.9991257506741478,1.1935354389442774,0,0,1,1,1,3,1
0.0,0.0,0.09791190676747348,0.10402850040515188,0.09026690391491005,0.09905895287317182,0.04949691278403885,0.16779428888378664,0.02361411269937153,1.062459524893913,0.09026690391491005,0.0,1.9843696886813962,1.062459524893913,0,0,1,1,1,3,1
0.0,0.0,0.14848897987781162,0.09757578523572102,0.08723730511345965,0.10771946386567834,0.05666733670642343,0.2386576889846014,0.03498790930790301,0.6571203344226559,0.08723730511345965,0.0,1.2446165761572487,0.6571203344226559,0,0,1,0,0,1,0
0.0,0.0,0.15108860276541847,0.11452278988708248,0.10567048678015359,0.12145116732993426,0.07769367434611403,0.27701522580117505,0.01093923881084517,0.757979290374404,0.10567048678015359,0.0,1.4573688237774236,0.757979290374404,0,0,1,1,0,2,0
0.0,0.0,0.07786080368261433,0.05293575840613216,0.022253935401200638,0.05149656397401983,0.08569928905995883,0.2798759677089402,0.002191515036780548,0.6798681240664879,0.022253935401200638,0.0,0.9656813771464404,0.6798681240664879,0,0,1,0,0,1,0
0.0,0.0,0.11480551309787267,0.07793124565636006,0.08403304639587836,0.08867526270161778,0.07143519484058759,0.31989426660590076,0.027948434124631303,0.6788050917453053,0.08403304639587836,0.0,1.410758742530258,0.6788050917453053,0,0,1,1,0,2,0
0.0,0.0,0.07925783345661394,0.09360376733216348,0.03324282990326416,0.07492704950605127,0.036971330261387776,0.1410092026049818,0.022531347470813888,1.1809884557965633,0.03324282990326416,0.0,1.6004095909998863,1.1809884557965633,0,0,1,1,1,3,1
0.0,0.0,0.08777990249155358,0.052615151879926304,0.021084876186061058,0.05352377060936682,0.10427410037490531,0.3314989667073408,0.0005735715819770606,0.599391785530902,0.021084876186061058,0.0,0.8395906851502112,0.599391785530902,0,0,1,0,0,1,0
0.0,0.0,0.10474087262700126,0.08184890262373819,0.04011049958774479,0.07713729436555561,0.04916529698842198,0.1985945862535191,0.016165417473059676,0.7814344022205163,0.04011049958774479,0.0,1.164380578202907,0.7814344022205163,0,0,1,0,0,1,0
0.0,0.0,0.09809535791678187,0.04442657281551571,0.019591236213233835,0.05163493494026177,0.09867662326589592,0.3802335274172036,0.002230659904080596,0.4528870771451487,0.019591236213233835,0.0,0.6526012829452629,0.4528870771451487,0,0,1,0,0,1,0
0.0,0.0,0.19909430698020997,0.21803444394208202,0.12538736999077754,0.1901376412137879,0.08495179362525619,0.4032423249129427,0.09183102228915797,1.0951259838774332,0.12538736999077754,0.0,1.7249116472996302,1.0951259838774332,0,0,1,1,1,3,1
0.0,0.0,0.06802201045971998,0.080224710171761,0.03424919552542674,0.06568015658216717,0.03717187317947479,0.15257380852064595,0.017488980239866087,1.1793760615647302,0.03424919552542674,0.0,1.682870324667177,1.1793760615647302,0,0,1,1,1,3,1
0.0,0.0,0.12492451406701503,0.06267298388049798,0.02234857017322311,0.06815476300030852,0.0684264183741157,0.2946792409747702,0.006626479279149101,0.5016828175458032,0.02234857017322311,0.0,0.6805779803164319,0.5016828175458032,0,0,1,0,0,1,0
0.0,0.0,0.11099551184637414,0.11290679004318765,0.10137543763621874,0.10954613239224208,0.059692783475946934,0.27242689297928424,0.04638468442182336,1.0172102543137342,0.10137543763621874,0.0,1.9305311862050758,1.0172102543137342,0,0,1,1,1,3,1
0.0,0.0,0.16936854689791062,0.08067641050970051,0.0527216344198168,0.09586075058428213,0.10754534969908686,0.46502714674550233,0.0021032056596290544,0.47633362660129874,0.0527216344198168,0.0,0.7876152907814323,0.47633362660129874,0,0,1,0,0,1,0
0.0,0.0,0.11473186816250004,0.1318976522633893,0.05061436253507186,0.10728538380608761,0.07396054497514387,0.2197238901653853,0.00473983965545003,1.1496065109832188,0.05061436253507186,0.0,1.590756142694552,1.1496065109832188,0,0,1,1,1,3,1
0.0,0.0,0.16736022227348002,0.12748690021934417,0.11297976236119799,0.1338284462683416,0.06370919608085694,0.23619508727713984,0.012134376133138553,0.7617469476353464,0.11297976236119799,0.0,1.436812299252946,0.7617469476353464,0,0,1,1,0,2,0
0.0,0.0,0.08019411132946466,0.07678488842393162,0.04832387288563958,0.07052194026574188,0.03389936937488263,0.1323752866862584,0.018656064445182308,0.957475925290223,0.04832387288563958,0.0,1.5600547120084205,0.957475925290223,0,0,1,1,0,2,0
0.0,0.0,0.05082422023098418,0.02781964715917474,0.010846165437978094,0.029327419996827944,0.046635845810498996,0.16117471141697148,0.0009089647442381523,0.5473591070091471,0.010846165437978094,0.0,0.7607603552218609,0.5473591070091471,0,0,1,0,0,1,0
0.0,0.0,0.07079305572352408,0.06044153493564254,0.06569367701269066,0.06434245065187497,0.0270342067058501,0.12770688866664917,0.023932308198408855,0.8537656773287321,0.06569367701269066,0.0,1.781720381170645,0.8537656773287321,0,0,1,1,0,2,0
0.0,0.0,0.058222290035459076,0.033679310920164816,0.027656453237962918,0.03830934127843791,0.05402287649711329,0.19242834040674647,0.0019446009495138004,0.5784508381380283,0.027656453237962918,0.0,1.0534575445800658,0.5784508381380283,0,0,1,0,0,1,0
0.0,0.0,0.08888065999285097,0.043817730382516455,0.01570984169379483,0.04805649061291968,0.0902724386981473,0.321460626587359,0.00028430887058527975,0.49298955921886306,0.01570984169379483,0.0,0.6697396524896055,0.49298955921886306,0,0,1,0,0,1,0
0.0,0.0,0.10195543770350915,0.074460905467877,0.07255935052306846,0.08085914979058291,0.05303663114485244,0.19374784274969237,0.021518582528386,0.7303207835135475,0.07255935052306846,0.0,1.4419909061405476,0.7303207835135475,0,0,1,1,0,2,0
0.0,0.0,0.09943457164336872,0.11963874234610927,0.07129786843408309,0.10250248119241757,0.058572833908751974,0.21425859859188953,0.013799270721879763,1.2031785041192338,0.07129786843408309,0.0,1.9202042852933685,1.2031785041192338,1,0,1,1,1,4,1
0.0,0.0,0.15260497661695782,0.0830145418188663,0.09365784280701409,0.1030729757654261,0.07733370609061063,0.3777664932206736,0.015795748528751485,0.5439796242530752,0.09365784280701409,0.0,1.1577029192593775,0.5439796242530752,0,0,1,0,0,1,0
0.0,0.0,0.047973688703242055,0.06449635489712985,0.06227701456662546,0.05981085326603181,0.04373081675997036,0.16328793076302378,0.012122297622319388,1.3443829786178745,0.06227701456662546,0.0,2.642505306244711,1.3443829786178745,1,0,1,1,1,4,1
0.0,0.0,0.0198834108887175,0.046324756750724644,0.010360606535520582,0.030723382731421847,0.06296915953844026,0.26243128413354083,0.0021449722040651556,2.329702248157098,0.010360606535520582,0.0,2.8507439120768088,2.329702248157098,1,0,1,1,1,4,1
0.0,0.0,0.06426315435865734,0.14967746793247075,0.062180914047352,0.1064497510677377,0.09256318403173797,0.37600163495730576,0.009390941640376686,2.3290972926699216,0.062180914047352,0.0,3.2966804604234596,2.3290972926699216,1,0,1,1,1,4,1
0.0,0.0,0.07788494306987886,0.05072113476064004,0.04798945255790896,0.056829166287266974,0.04409236472852177,0.17877176585899662,0.00842274101237495,0.6512232215655821,0.04798945255790896,0.0,1.2673735905076782,0.6512232215655821,0,0,1,0,0,1,0
0.0,0.0,0.10384407628521318,0.03316537629838413,0.024733950629758746,0.048727194877935046,0.04229930680516359,0.13331855762578243,0.00684993720717848,0.3193736042650166,0.024733950629758746,0.0,0.5575548595979735,0.3193736042650166,0,0,1,0,0,1,0
0.0,0.0,0.12862604270015232,0.06547350711463258,0.046366988297844594,0.07648501130681552,0.04382844080927278,0.21082569791966768,0.034241121801283685,0.5090182106360053,0.046366988297844594,0.0,0.8694944162962143,0.5090182106360053,0,0,1,0,0,1,0
0.0,0.0,0.03304148070341116,0.020693260631687246,0.00698925866329019,0.02035431515751896,0.02695683976518691,0.100385217488658,0.0008811763802414541,0.6262623202364755,0.00698925866329019,0.0,0.8377857444619651,0.6262623202364755,0,0,1,0,0,1,0
0.0,0.0,0.07040545580708901,0.10219587673856975,0.06367650846789989,0.08461842943803209,0.10508339137513134,0.4513156753361834,0.017072878885267546,1.4515128700496234,0.06367650846789989,0.0,2.3559257926709676,1.4515128700496234,1,0,1,1,1,4,1
0.0,0.0,0.052152595836543615,0.013223726504123777,0.005223359898090478,0.020955852185720412,0.043652190804680545,0.18339235738822335,0.00051039762077575,0.25355349505657704,0.005223359898090478,0.0,0.353706894152225,0.25355349505657704,0,0,1,0,0,1,0
0.0,0.0,0.09676155697255939,0.09108010821186958,0.06856152191310795,0.08687082382735163,0.0796440360316286,0.2764972876540753,0.01628659362056284,0.9412743013570706,0.06856152191310795,0.0,1.6498285609613421,0.9412743013570706,0,0,1,1,0,2,0
0.0,0.0,0.14542440331138248,0.0675778971659088,0.02430430167937051,0.07622112483064265,0.11768195888613073,0.509498724150362,0.005082397036100643,0.4646911449247427,0.02430430167937051,0.0,0.6318167029493648,0.4646911449247427,0,0,1,0,0,1,0
0.0,0.0,0.15113205621443399,0.17967944023253718,0.11287378013889976,0.15584117920460203,0.08456672997888488,0.3235862710584605,0.0402523304440418,1.1888824637913784,0.11287378013889976,0.0,1.9357328416382318,1.1888824637913784,0,0,1,1,1,3,1
0.0,0.0,0.07051370343697844,0.05602877653814184,0.012844872156434234,0.04885403216742408,0.08909749097990595,0.3321320178026076,0.004851155755763665,0.7945687042166575,0.012844872156434234,0.0,0.9767274814696053,0.7945687042166575,0,0,1,0,0,1,0
0.0,0.0,0.10981127496656731,0.06787626304704987,0.037515450454597275,0.07076981287881608,0.03739941525073391,0.13376469134915767,0.0030000949755413305,0.6181118009595468,0.037515450454597275,0.0,0.9597443777003434,0.6181118009595468,0,0,1,0,0,1,0
0.0,0.0,0.13960796677146275,0.08084045806223197,0.08195542030316467,0.09581107579977287,0.0821486248219221,0.34743544525427533,0.007132523072319563,0.579049182382148,0.08195542030316467,0.0,1.1660846873244928,0.579049182382148,0,0,1,0,0,1,0
0.0,0.0,0.0707906445157692,0.06320759146328665,0.05405821769424807,0.06281601128414764,0.03594473499019316,0.14877717018474937,0.01667883818331406,0.8928679633824135,0.05405821769424807,0.0,1.6564922309639685,0.8928679633824135,0,0,1,1,0,2,0
0.0,0.0,0.1632995444879341,0.14771455657233576,0.1387579459577965,0.14937165089760054,0.0802475639470717,0.27544404520378635,0.03472498938772228,0.9045564240800804,0.1387579459577965,0.0,1.7542654461344984,0.9045564240800804,0,0,1,1,0,2,0
0.0,0.0,0.09169862490420747,0.03879693363954039,0.02604010765260604,0.04883314995897358,0.09390925027098684,0.3486640814392475,0.0008505645991428801,0.42308715744550734,0.02604010765260604,0.0,0.7070589586367163,0.42308715744550734,0,0,1,0,0,1,0
0.0,0.0,0.1095259841131798,0.11916807122906632,0.06519861471746077,0.10326518532219331,0.07623752233093131,0.2706130153642633,0.005393398545759424,1.088024765713661,0.06519861471746077,0.0,1.6832992110511473,1.088024765713661,0,0,1,1,1,3,1
0.0,0.0,0.132099853330953,0.05909289429894421,0.041131923830132644,0.07285439143974351,0.05425494409361656,0.24388732750264008,0.021588965537039605,0.4473316622028054,0.041131923830132644,0.0,0.7586992483537034,0.4473316622028054,0,0,1,0,0,1,0
0.0,0.0,0.1818354384432597,0.13122024045055758,0.09671224203074104,0.13524704034377893,0.07752799676305326,0.2941672487138534,0.032788473808803564,0.7216388616823002,0.09671224203074104,0.0,1.2535027876297893,0.7216388616823002,0,0,1,0,0,1,0
0.0,0.0,0.08842137031805382,0.08222759854131248,0.07211204855469977,0.08124715398884463,0.0775914649112791,0.23524150428418353,0.004453864156271312,0.929941125142214,0.07211204855469977,0.0,1.7454819017049086,0.929941125142214,0,0,1,1,0,2,0
0.0,0.0,0.15764039675598834,0.07596249488277558,0.05537769284081817,0.09123576984058943,0.05168959640981488,0.1930715177684032,0.012285155055863316,0.48186895349802833,0.05537769284081817,0.0,0.8331579802410276,0.48186895349802833,0,0,1,0,0,1,0
0.0,0.0,0.07332670467184826,0.07810712279405306,0.05618039235461852,0.0714303356536432,0.0456136307703728,0.21957680745552555,0.01670928210028395,1.0651788862557932,0.05618039235461852,0.0,1.8313339514665976,1.0651788862557932,0,0,1,1,1,3,1
0.0,0.0,0.10575292209821163,0.06673768586927327,0.09367056160845381,0.08322471386130298,0.04150931530942258,0.19430466541968977,0.019964288047847556,0.6310658228570971,0.09367056160845381,0.0,1.5168066043806776,0.6310658228570971,0,0,1,1,0,2,0
0.0,0.0,0.17602250671060415,0.11310043769187998,0.09206462791109701,0.12357200250136528,0.10492513999292613,0.3325140658452479,0.001333276093752214,0.6425303063517851,0.09206462791109701,0.0,1.1655549275034256,0.6425303063517851,0,0,1,0,0,1,0
0.0,0.0,0.11567742199307184,0.10173430517347687,0.0929809241371728,0.1030317391192996,0.08896549717688085,0.35688163936504985,0.022178118783507374,0.8794579267304484,0.0929809241371728,0.0,1.6832458980319724,0.8794579267304484,0,0,1,1,0,2,0
0.0,0.0,0.07276622527370143,0.074343380897661,0.051488746257704866,0.06823543333168207,0.06805753280935087,0.2867332547595009,0.0014596585961041883,1.0216602408300046,0.051488746257704866,0.0,1.7292417937068498,1.0216602408300046,0,0,1,1,1,3,1
0.0,0.0,0.13752368795229025,0.0577631072309715,0.07809293480645942,0.08278570930517316,0.06018863982999205,0.2238130173184661,0.020351020757598703,0.42001991126866284,0.07809293480645942,0.0,0.9878665718882544,0.42001991126866284,0,0,1,0,0,1,0
0.0,0.0,0.11910821257434248,0.06259878355264695,0.05686542475957209,0.07529280110980212,0.046944902504958065,0.1645096797525524,0.009666231218850109,0.5255578657576606,0.05686542475957209,0.0,1.0029804221705771,0.5255578657576606,0,0,1,0,0,1,0
0.0,0.0,0.1315219546100313,0.018685852171123025,0.01215779024105427,0.04526286229833291,0.11474573787463768,0.4859123078398687,0.00048219642397284094,0.14207293492247816,0.01215779024105427,0.0,0.23451147751074655,0.14207293492247816,0,0,1,0,0,1,0
0.0,0.0,0.0849149667834864,0.10419856836248753,0.07483509922394802,0.09203680068310235,0.05074948503569998,0.25094448492554366,0.034428054509051245,1.2270786320806633,0.07483509922394802,0.0,2.1083628246608175,1.2270786320806633,1,0,1,1,1,4,1
0.0,0.0,0.07509671649519245,0.05629597729712659,0.06464028059498274,0.06308223792110709,0.032764714591180535,0.11931783780623552,0.010109496541613793,0.7496363394848431,0.06464028059498274,0.0,1.6103852891432635,0.7496363394848431,0,0,1,1,0,2,0
0.0,0.0,0.10036616819406528,0.06985693100685589,0.05803071011741742,0.07452768508129862,0.048643690729698874,0.22906894790894783,0.02035740814691113,0.6960137688829058,0.05803071011741742,0.0,1.2741979615983159,0.6960137688829058,0,0,1,0,0,1,0
0.0,0.0,0.03807323492667,0.027863977235228377,0.01989290664362277,0.028423524010187384,0.0278167657113186,0.11574410410980268,0.0028011195477357794,0.7318328861733842,0.01989290664362277,0.0,1.2543097443935427,0.7318328861733842,0,0,1,0,0,1,0
0.0,0.0,0.11697118262255495,0.12342034180588368,0.1103513411534863,0.11854080184695216,0.08020374802140341,0.3174354943379133,0.01548138661242584,1.055125578054191,0.1103513411534863,0.0,1.9985237320372389,1.055125578054191,0,0,1,1,1,3,1
0.0,0.0,0.17263399534514845,0.08972610389050667,0.035310096194953476,0.09684907483027883,0.058098280280600934,0.23193812417532791,0.020613368717349537,0.5197445842954241,0.035310096194953476,0.0,0.7242807278760357,0.5197445842954241,0,0,1,0,0,1,0
0.0,0.0,0.09041057296170717,0.054016858161401976,0.05450815110190241,0.06323811009660339,0.03298464559730309,0.15216389365591937,0.022932510121578695,0.5974551309297563,0.05450815110190241,0.0,1.2003442226281027,0.5974551309297563,0,0,1,0,0,1,0
0.0,0.0,0.03486025022735877,0.03463004555860716,0.02865316476582725,0.03319337652760009,0.018075055427040475,0.06502144548160371,0.005766819224867389,0.9933678606692605,0.02865316476582725,0.0,1.8152880321764924,0.9933678606692605,0,0,1,1,0,2,0
0.0,0.0,0.12304219320134942,0.02670887874211749,0.039741149808680036,0.05405027512356611,0.08915013049657436,0.3796844626001269,0.00455246162438479,0.217069128711661,0.039741149808680036,0.0,0.540054486736685,0.217069128711661,0,0,1,0,0,1,0
0.0,0.0,0.09019698535570876,0.0577990756387031,0.04531125212459672,0.06277659718942792,0.030605629522112026,0.1563079285653516,0.01130759098426748,0.6408022907691797,0.04531125212459672,0.0,1.1431555522739156,0.6408022907691797,0,0,1,0,0,1,0
0.0,0.0,0.1465078036551564,0.05606823311954749,0.04052127913267344,0.07479138725673119,0.06130887893361115,0.2320011800011004,0.015325546318263585,0.3826953174194059,0.04052127913267344,0.0,0.6592744588889519,0.3826953174194059,0,0,1,0,0,1,0
0.0,0.0,0.20913600700568405,0.08957517315302913,0.032334744794575626,0.10515527452657948,0.08477980014672652,0.35363172622295874,0.0251625444746078,0.42830857357825053,0.032334744794575626,0.0,0.5829189185264156,0.42830857357825053,0,0,1,0,0,1,0
0.0,0.0,0.02102162894683051,0.028718352565381577,0.02598015645588599,0.02610962263336991,0.02474991668095955,0.10331108486862994,0.005736230909866072,1.3660685653547302,0.02598015645588599,0.0,2.6018871930627028,1.3660685653547302,1,0,1,1,1,4,1
0.0,0.0,0.07463986867405287,0.049392910117010844,0.028112277164395887,0.05038449151811762,0.033799822831597624,0.13985733669008119,0.012264158389379736,0.6617408263655581,0.028112277164395887,0.0,1.038374668706791,0.6617408263655581,0,0,1,0,0,1,0
0.0,0.0,0.045737086519512395,0.02186263781980435,0.01656939070171156,0.026507938215208166,0.029537068193028617,0.13174650978906247,0.002683023021958435,0.4779963370456588,0.01656939070171156,0.0,0.8402631471065227,0.4779963370456588,0,0,1,0,0,1,0
0.0,0.0,0.1430787121836009,0.03256342612972994,0.013665810060005971,0.05546784362576669,0.12433643089683023,0.5202908635293256,0.002100080201489425,0.22758940196877334,0.013665810060005971,0.0,0.3231012663096095,0.22758940196877334,0,0,1,0,0,1,0
0.0,0.0,0.09521988837242422,0.044309064245293614,0.02740939441485127,0.05281185281946568,0.07086394265373756,0.2719222699796688,0.003392760125263815,0.4653292465828898,0.02740939441485127,0.0,0.7531798945168674,0.4653292465828898,0,0,1,0,0,1,0
0.0,0.0,0.09067493168060232,0.06878660536314965,0.06663421148805364,0.07372058847373884,0.03154958805125794,0.11685873184606536,0.013380874217135208,0.7585982750686717,0.06663421148805364,0.0,1.4934593374591476,0.7585982750686717,0,0,1,1,0,2,0
0.0,0.0,0.16941557677913457,0.0920426884589012,0.10386013985518502,0.11434027338803049,0.05638843079737063,0.22545300016330716,0.0442595891880756,0.5432921040477382,0.10386013985518502,0.0,1.1563380162584758,0.5432921040477382,0,0,1,0,0,1,0
0.0,0.0,0.1567465282180425,0.12837054237552897,0.09608517809814116,0.12739319776681038,0.05135610766613504,0.2246575746902875,0.037678583409053855,0.8189637427453406,0.09608517809814116,0.0,1.43195700133429,0.8189637427453406,0,0,1,1,0,2,0
0.0,0.0,0.04844145244448789,0.02145173144525391,0.008734776214059426,0.025019922887263776,0.03963967657490951,0.1629793064775826,0.001085067201206088,0.4428291790106269,0.008734776214059426,0.0,0.6231416069181311,0.4428291790106269,0,0,1,0,0,1,0
0.0,0.0,0.15153484494305752,0.05321257131518346,0.03975398525657547,0.07442849320749999,0.14258144551074312,0.5734711278928415,0.0013566423225539407,0.3511550111142291,0.03975398525657547,0.0,0.6134954842314231,0.3511550111142291,0,0,1,0,0,1,0
0.0,0.0,0.08267333141807762,0.10071215902257559,0.058211417293420706,0.08557726668916237,0.07005327972179114,0.2823524765178238,0.01205861058166043,1.2181792981582409,0.058211417293420706,0.0,1.922284384887641,1.2181792981582409,1,0,1,1,1,4,1
0.0,0.0,0.057866564941036376,0.04334666831102782,0.023051306743213512,0.04190280207657637,0.023597666139721373,0.0900211002537519,0.008130377303694461,0.7490667415363945,0.023051306743213512,0.0,1.1474126329991063,0.7490667415363945,0,0,1,0,0,1,0
0.0,0.0,0.07706780338258666,0.07090745230700154,0.06018622772470141,0.06976723393032279,0.0309448260979199,0.15809782185269192,0.029815306343356943,0.9200538894447498,0.06018622772470141,0.0,1.700995399927579,0.9200538894447498,0,0,1,1,0,2,0
0.0,0.0,0.11115296070244929,0.0586123903805149,0.07036869452853932,0.0746866089980046,0.049561264282825215,0.21851265643406995,0.009517287382763372,0.5273081589725427,0.07036869452853932,0.0,1.160382267028044,0.5273081589725427,0,0,1,0,0,1,0
0.0,0.0,0.11258295119535283,0.08701766601690912,0.05849832867406559,0.08627915297580917,0.07260244757377463,0.30291570712013294,0.016784675084409607,0.7729135910847387,0.05849832867406559,0.0,1.292510994204485,0.7729135910847387,0,0,1,0,0,1,0
0.0,0.0,0.2357524898844392,0.21690592862009905,0.13489196629675798,0.20111407835534886,0.09892032373599431,0.3840968445922495,0.05921502106446747,0.9200539458670208,0.13489196629675798,0.0,1.4922277294359463,0.9200539458670208,0,0,1,1,0,2,0
0.0,0.0,0.1724963661420859,0.12557967735698858,0.08218760478783549,0.1264608314109746,0.06421642199830375,0.2963074245514972,0.031073683248644072,0.7280092453907309,0.08218760478783549,0.0,1.2044664031199546,0.7280092453907309,0,0,1,0,0,1,0
0.0,0.0,0.22725512334553596,0.11994903225956394,0.10347414418551751,0.1426568330125453,0.09167520323278147,0.33862359730917685,0.0012975381395519325,0.5278143026191867,0.10347414418551751,0.0,0.9831338014394154,0.5278143026191867,0,0,1,0,0,1,0
0.0,0.0,0.03600185800540256,0.044594149341196564,0.04473598309586204,0.04248153494591443,0.012902240412682337,0.06321066169196662,0.02015379465643809,1.2386280370992993,0.04473598309586204,0.0,2.481195587962872,1.2386280370992993,1,0,1,1,1,4,1
0.0,0.0,0.09579390783341657,0.08550576921101517,0.05737942113713673,0.08104621684814593,0.04869075228344763,0.19404010408226643,0.010400120106553295,0.8925920087496322,0.05737942113713673,0.0,1.4915739633741638,0.8925920087496322,0,0,1,1,0,2,0
0.0,0.0,0.13435957850795527,0.1098513123526975,0.10353141143173632,0.11439840366127164,0.029445304042561793,0.19661940694465424,0.08469948318278064,0.8175858839889811,0.10353141143173632,0.0,1.5881348990455544,0.8175858839889811,0,0,1,1,0,2,0
0.0,0.0,0.04838360471012288,0.025092645030276032,0.026255215782120058,0.031206027638198755,0.04342588319660476,0.15417454469805156,0.00016550971651554976,0.5186080403179614,0.026255215782120058,0.0,1.0612437803310864,0.5186080403179614,0,0,1,0,0,1,0
0.0,0.0,0.12412237176682604,0.12005092080204516,0.09679380539083227,0.11525450469043715,0.06032194199383404,0.2767158359997786,0.04356232426750895,0.9671902969858791,0.09679380539083227,0.0,1.7470096332883591,0.9671902969858791,0,0,1,1,0,2,0
0.0,0.0,0.1125954997916858,0.08361871874434026,0.06354437828502885,0.08584432889134881,0.02763146591731326,0.14056195689846793,0.04487010801389569,0.7426404808234964,0.06354437828502885,0.0,1.3069953089273183,0.7426404808234964,0,0,1,1,0,2,0
0.0,0.0,0.12387258380453321,0.11154566635110241,0.07278759202649311,0.10493787713330777,0.0649734096780324,0.2872988305803621,0.004563781951253874,0.9004798515163355,0.07278759202649311,0.0,1.4880756067287506,0.9004798515163355,0,0,1,1,0,2,0
0.0,0.0,0.14880812987822853,0.13829317295748278,0.08717918816108142,0.12814341598856888,0.09423197745195072,0.25254970888736666,0.003249722731473032,0.9293325824205072,0.08717918816108142,0.0,1.5151782777244225,0.9293325824205072,0,0,1,1,0,2,0
0.0,0.0,0.17018754587069101,0.13677065247313858,0.08950929808442276,0.1333095372253477,0.06813238554163123,0.2709413842962743,0.050104620398090015,0.803641935909463,0.08950929808442276,0.0,1.3295839000204426,0.803641935909463,0,0,1,1,0,2,0
0.0,0.0,0.1689922758481047,0.13647600774512453,0.08789691658646896,0.13246030198120567,0.06579322654033196,0.22563949330410696,0.033775323155786956,0.8075824736825181,0.08789691658646896,0.0,1.3277032663315278,0.8075824736825181,0,0,1,1,0,2,0
0.0,0.0,0.13857556188668346,0.14296306605877052,0.09873846804281537,0.13081004051175998,0.07136391346251557,0.24562915933674817,0.011908573153329487,1.0316540121386037,0.09873846804281537,0.0,1.7441732628583293,1.0316540121386037,0,0,1,1,1,3,1
0.0,0.0,0.06574102762366185,0.08457955721394515,0.10490716334490595,0.08495182634911454,0.041673603076671874,0.15439904280212746,0.01844622024701799,1.2865370946286923,0.10490716334490595,0.0,2.8822767932191233,1.2865370946286923,1,0,1,1,1,4,1
0.0,0.0,0.11171567223834532,0.0648060684894562,0.03870161124614374,0.07000735511585036,0.06410954257774502,0.28334764549207014,0.0030147707448036918,0.5800930800301117,0.03870161124614374,0.0,0.9265195396687824,0.5800930800301117,0,0,1,0,0,1,0
0.0,0.0,0.22726685219273268,0.07786505177247634,0.04448963656162955,0.1068716480748287,0.1172375643030872,0.39206597431646023,0.006034479642346088,0.34261357698071393,0.04448963656162955,0.0,0.5383721769427555,0.34261357698071393,0,0,1,0,0,1,0
0.0,0.0,0.07103928604323126,0.06963882909725035,0.040327287750923306,0.06266105799716382,0.08280343308993608,0.256565367506134,0.0025564612306538193,0.9802723634146396,0.040327287750923306,0.0,1.547940231846114,0.9802723634146396,0,0,1,1,0,2,0
0.0,0.0,0.05660946585902986,0.1493541721012097,0.08036576828516662,0.10892089458665397,0.07476482971847916,0.28701003935607106,0.0002617921002723194,2.638278449662085,0.08036576828516662,0.0,4.057905846569429,2.638278449662085,1,0,1,1,1,4,1
0.0,0.0,0.04837518702298851,0.0588706352814178,0.04025974217026635,0.05159404993902262,0.04113542658963006,0.18522745813972907,0.012435716509517709,1.216934175763838,0.04025974217026635,0.0,2.049156486942162,1.216934175763838,1,0,1,1,1,4,1
0.0,0.0,0.25148142559935704,0.14118447739643974,0.06313464339266552,0.14924625594622548,0.1230704572177199,0.4291488044320872,0.020976456464527605,0.561408921756482,0.06313464339266552,0.0,0.8124588440013346,0.561408921756482,0,0,1,0,0,1,0
0.0,0.0,0.08571145665994477,0.06623473488139225,0.05960539949247184,0.06944658147880027,0.03383483832937331,0.12884623652517072,0.0032824207839011526,0.7727550634112805,0.05960539949247184,0.0,1.4681662301796075,0.7727550634112805,0,0,1,1,0,2,0
0.0,0.0,0.1731587016771945,0.05827204428771409,0.04932331815308841,0.08475652710142778,0.08019038101756056,0.32275190651956187,0.01331303885527695,0.3365219720483536,0.04932331815308841,0.0,0.6213649099568358,0.3365219720483536,0,0,1,0,0,1,0
0.0,0.0,0.21411102484262287,0.06349563849313838,0.04060552608760025,0.09542695697912497,0.1511647442671915,0.6636067772715761,0.019524881867525636,0.2965533511712343,0.04060552608760025,0.0,0.4861995240914438,0.2965533511712343,0,0,1,0,0,1,0
0.0,0.0,0.10632447778301378,0.06429708360559248,0.0384730475064611,0.06834792312516495,0.0561373948789228,0.24129571121255813,0.00575363531869228,0.6047194420965432,0.0384730475064611,0.0,0.9665616675787165,0.6047194420965432,0,0,1,0,0,1,0
0.0,0.0,0.15870910252009068,0.135286749069354,0.13562024320171284,0.1412257109651279,0.09567445090078798,0.2694381535986273,0.009126105550062642,0.8524142251891521,0.13562024320171284,0.0,1.7069297289173728,0.8524142251891521,0,0,1,1,0,2,0
0.0,0.0,0.14753098947103896,0.0993254700350136,0.11438232274918533,0.11514106307256287,0.055757858582905724,0.2154730054124833,0.021272732188552784,0.6732470048776203,0.11438232274918533,0.0,1.4485522329796177,0.6732470048776203,0,0,1,1,0,2,0
0.0,0.0,0.13714066241361372,0.07640419495990589,0.06465456903880955,0.08865090534305876,0.0787481754763828,0.2859944838377079,0.00907797008323233,0.557118774960405,0.06465456903880955,0.0,1.028562447881723,0.557118774960405,0,0,1,0,0,1,0
0.0,0.0,0.12171965164702872,0.11577277496425153,0.1343110692527146,0.12189406770706158,0.08524274056927121,0.3130525884265621,0.03135145911161784,0.9511350243176062,0.1343110692527146,0.0,2.0545720124976907,0.9511350243176062,0,0,1,1,0,2,0
0.0,0.0,0.06596197186010277,0.07433130164521651,0.06412158276630943,0.06968653947921132,0.044378242057784394,0.16098409786692203,0.011946004033985632,1.1268640503775613,0.06412158276630943,0.0,2.098948554124623,1.1268640503775613,0,0,1,1,1,3,1
0.0,0.0,0.0991189948296251,0.021750422384285758,0.011922510094178893,0.038635587423093885,0.09067780988684637,0.37746900503313696,0.00013239341728820124,0.21943526552510437,0.011922510094178893,0.0,0.3397188683912284,0.21943526552510437,0,0,1,0,0,1,0
0.0,0.0,0.1167586391272907,0.09988907729176567,0.05253113150448816,0.09226698130382756,0.08350074214450896,0.29718231020470703,0.0056184326209088335,0.8555103290689958,0.05253113150448816,0.0,1.3054186355448236,0.8555103290689958,0,0,1,1,0,2,0
0.0,0.0,0.13649763506379164,0.067842778194887,0.05865607369409509,0.08270981628691519,0.10050360882559846,0.3881897318427869,0.004409736095550575,0.4970216600567557,0.05865607369409509,0.0,0.9267407826449235,0.4970216600567557,0,0,1,0,0,1,0
0.0,0.0,0.04877380133190045,0.10251704309160851,0.04974750293348389,0.07588884761215034,0.1447231664975841,0.5767571620273824,0.0013414386410847744,2.1018444010464625,0.04974750293348389,0.0,3.1217871086541154,2.1018444010464625,1,0,1,1,1,4,1
0.0,0.0,0.059190921834914055,0.07582196401843688,0.05122466999975159,0.06551487996788484,0.0822045713275014,0.35612724725201966,0.0019442497663844367,1.2809512120573467,0.05122466999975159,0.0,2.146350888429013,1.2809512120573467,1,0,1,1,1,4,1
0.0,0.0,0.10386718195572878,0.06339526992305419,0.048450192372515376,0.06977697854358815,0.038142666424251195,0.15081500762396016,0.01462495587770782,0.6103435020175365,0.048450192372515376,0.0,1.0768019636970338,0.6103435020175365,0,0,1,0,0,1,0
0.0,0.0,0.10404034679682128,0.06601030574299395,0.052535378827117,0.07214908427748155,0.03316733574124191,0.12601169596871092,0.014956679510433902,0.6344622380936992,0.052535378827117,0.0,1.13940936194929,0.6344622380936992,0,0,1,0,0,1,0
0.0,0.0,0.09621294442212316,0.04841403056394751,0.016792599565594136,0.05245840127890308,0.10399387623859244,0.3736104155995237,0.000970501638415131,0.5031914121672297,0.016792599565594136,0.0,0.6777253600939389,0.5031914121672297,0,0,1,0,0,1,0
0.0,0.0,0.1252889758644296,0.15171933849252095,0.14136223641804335,0.14252247231687873,0.09211926392891624,0.27282117716146526,0.016709211836805724,1.210945548083506,0.14136223641804335,0.0,2.3392260465250154,1.210945548083506,1,0,1,1,1,4,1
0.0,0.0,0.17908811197835772,0.09060693335942109,0.07772901324643214,0.109507747985908,0.08405781086322356,0.37537258044006505,0.01455947491964944,0.5059321159087026,0.07772901324643214,0.0,0.9399563421041253,0.5059321159087026,0,0,1,0,0,1,0
0.0,0.0,0.10528603859347334,0.11621659318742339,0.08814209709552315,0.10646533051596083,0.03646570780430736,0.1841784610724357,0.03896215932428056,1.1038072182479217,0.08814209709552315,0.0,1.9409672169810137,1.1038072182479217,0,0,1,1,1,3,1
0.0,0.0,0.12332688761736159,0.07397788647196951,0.03446351414153602,0.07643654367570916,0.05661747023549569,0.2333105275263168,0.019417188948736213,0.5998471870489998,0.03446351414153602,0.0,0.8792934242898651,0.5998471870489998,0,0,1,0,0,1,0
0.0,0.0,0.04437072814209506,0.07328107479780191,0.05018118125018722,0.060278514746971525,0.030824091583662335,0.10877634975416128,0.013558045766758151,1.6515262728358964,0.05018118125018722,0.0,2.7824531794798766,1.6515262728358964,1,0,1,1,1,4,1
0.0,0.0,0.08590065670739308,0.07832172504104004,0.06338584529394946,0.07648248802085567,0.044984695436082814,0.1824572649138752,0.023807295809108463,0.9117603553075516,0.06338584529394946,0.0,1.6496488632074717,0.9117603553075516,0,0,1,1,0,2,0
0.0,0.0,0.1289423573668601,0.07140091119601177,0.024268318154505957,0.0740031244783474,0.06812573435478385,0.31476943248817324,0.018810559756189497,0.5537385767990141,0.024268318154505957,0.0,0.7419477149049774,0.5537385767990141,0,0,1,0,0,1,0
0.0,0.0,0.1555898155272447,0.16030700027869527,0.09734756434647962,0.14338784510777872,0.04991693703751686,0.2208579268504838,0.06488837829864433,1.030311459808659,0.09734756434647962,0.0,1.6559754105797995,1.030311459808659,0,0,1,1,1,3,1
0.0,0.0,0.0840544613708657,0.08779869455381374,0.07653796894957679,0.08404745485701748,0.052075525139071176,0.17457970027916883,0.025850074727876027,1.044532896755302,0.07653796894957679,0.0,1.9550979891516123,1.044532896755302,0,0,1,1,1,3,1
0.0,0.0,0.13495331360724608,0.11169906061786085,0.06874037553395192,0.10677295259422992,0.06323912047951477,0.27661408114620567,0.01503955680165062,0.8276805507894741,0.06874037553395192,0.0,1.3370408942758274,0.8276805507894741,0,0,1,1,0,2,0
0.0,0.0,0.11152768241473918,0.14418786958196622,0.11660251087672457,0.12912648311384906,0.08568917267929767,0.25236710712059124,0.013165369419664634,1.292832179669962,0.11660251087672457,0.0,2.3383256648625643,1.292832179669962,1,0,1,1,1,4,1
0.0,0.0,0.07486377569021167,0.07343445298545995,0.07282509267502693,0.07363944358403961,0.036749828215017745,0.14880351674720743,0.020106547670754742,0.9808945837135696,0.07282509267502693,0.0,1.9536496878813174,0.9808945837135696,0,0,1,1,0,2,0
0.0,0.0,0.0898444438732533,0.054979082209476046,0.06488419461186389,0.06617170072601732,0.04185045195386023,0.18436193831315223,0.02495636670738681,0.6119295518984368,0.06488419461186389,0.0,1.3341052328756189,0.6119295518984368,0,0,1,1,0,2,0
0.0,0.0,0.1119205785794245,0.04220819667141797,0.03558099069279266,0.05797949065376328,0.08474968541242424,0.3457272862229904,0.005472478763699969,0.3771229570485835,0.03558099069279266,0.0,0.6950329717607404,0.3771229570485835,0,0,1,0,0,1,0
0.0,0.0,0.17533715891763124,0.05205188756432735,0.0644567844978057,0.08597442963602289,0.06665736606578893,0.2604324675747784,0.012855659555682122,0.2968657130064871,0.0644567844978057,0.0,0.6644798415892198,0.2968657130064871,0,0,1,0,0,1,0
0.0,0.0,0.048700292160899536,0.04464565822387075,0.0280028310780041,0.04149860992166128,0.02747217075786298,0.12099998669895969,0.0062760842194879325,0.9167243053094,0.0280028310780041,0.0,1.4917158473302612,0.9167243053094,0,0,1,1,0,2,0
0.0,0.0,0.13909045606799697,0.08888693751192771,0.08300521783803064,0.09996738723247077,0.06019099016042913,0.25588106898456087,0.0160244607803185,0.6390539003953914,0.08300521783803064,0.0,1.235821093611431,0.6390539003953914,0,0,1,0,0,1,0
0.0,0.0,0.013497797034407753,0.024786468559515128,0.010064244297815168,0.018283744612813298,0.023162997703102546,0.07663952004383659,0.0003574999763591853,1.8361983291055988,0.010064244297815168,0.0,2.5817643430372046,1.8361983291055988,1,0,1,1,1,4,1
0.0,0.0,0.10945482645595583,0.11027496259657805,0.08367086540570359,0.10341890426370387,0.05411803865862002,0.24009551247428068,0.03943850617259818,1.0074837143635458,0.08367086540570359,0.0,1.7719095847339286,1.0074837143635458,0,0,1,1,1,3,1
0.0,0.0,0.06151626986140385,0.03304454329677677,0.029623578204766868,0.03930723366493106,0.020692521919551912,0.09627562174914084,0.005794857128782991,0.5371588071321259,0.029623578204766868,0.0,1.0187077814527954,0.5371588071321259,0,0,1,0,0,1,0
0.0,0.0,0.20062031554923634,0.07567076198853395,0.027142822005839423,0.09477616538303589,0.1199923750719303,0.49267365107556943,0.000566110661958211,0.3771820645347273,0.027142822005839423,0.0,0.5124758738267816,0.3771820645347273,0,0,1,0,0,1,0
0.0,0.0,0.19228207858518603,0.1921877131605942,0.10162132385684539,0.1695697071908049,0.11257628135045611,0.3648903987753542,0.021668566613899706,0.9995040363130571,0.10162132385684539,0.0,1.5280025636123518,0.9995040363130571,0,0,1,1,0,2,0
0.0,0.0,0.05864544576910668,0.07606187491423733,0.1295383754078556,0.08507689275135923,0.08994909564146533,0.39745524128145215,0.016136805629019018,1.2969562591004382,0.1295383754078556,0.0,3.505758066423139,1.2969562591004382,1,0,1,1,1,4,1
0.0,0.0,0.04249427629367917,0.02894708868773382,0.016573415962493135,0.029240467407909983,0.02002863551550095,0.08110824648557809,0.005859220433080053,0.6811836799856145,0.016573415962493135,0.0,1.071189756142326,0.6811836799856145,0,0,1,0,0,1,0
0.0,0.0,0.022152131481144095,0.04713801317587094,0.02745351314067434,0.035970417743390076,0.062837197277357,0.2600905909457398,0.0024774519518440618,2.127826181864764,0.02745351314067434,0.0,3.3670872391126623,2.127826181864764,1,0,1,1,1,4,1
0.0,0.0,0.1627752764260303,0.0969910949155682,0.0503048060754035,0.10176556808314255,0.062051395660945155,0.2230732925557115,0.01957901562509909,0.5958552256209365,0.0503048060754035,0.0,0.9048978403060272,0.5958552256209365,0,0,1,0,0,1,0
0.0,0.0,0.07857807173472559,0.058634910426431215,0.07248058404406682,0.0670821191579137,0.05014972937296485,0.2009168240354721,0.010413057028941216,0.7461899095013022,0.07248058404406682,0.0,1.6685803430349713,0.7461899095013022,0,0,1,1,0,2,0
0.0,0.0,0.3471065200660193,0.1116763104141451,0.06677421685107474,0.15930833943634604,0.15406261727745055,0.5506349386185686,0.01629300276977113,0.3217340563318952,0.06677421685107474,0.0,0.5141073498819007,0.3217340563318952,0,0,1,0,0,1,0
0.0,0.0,0.01832138170952734,0.0190973215444356,0.012864744967572166,0.017345192441492678,0.012326741157448128,0.05420889100453407,0.002626511521354145,1.0422947107637923,0.012864744967572166,0.0,1.7444274995858213,1.0422947107637923,0,0,1,1,1,3,1
0.0,0.0,0.1014202754672994,0.10681287068727163,0.1104335409266497,0.1063698894421231,0.04846611362071062,0.1966195254293046,0.03361967148468081,1.0531603965255851,0.1104335409266497,0.0,2.14202010981381,1.0531603965255851,0,0,1,1,1,3,1
0.0,0.0,0.08783458633588487,0.07387161917151763,0.06769570497344074,0.07581838241309023,0.0524391082212615,0.20586804933782493,0.012028020190032664,0.8410215295772174,0.06769570497344074,0.0,1.6117308490843605,0.8410215295772174,0,0,1,1,0,2,0
0.0,0.0,0.21075336393732902,0.1794513742744599,0.11080555053640162,0.17011541575566258,0.08972842897898821,0.3147646797505029,0.024079475216581984,0.851471689230703,0.11080555053640162,0.0,1.3772285393681043,0.851471689230703,0,0,1,1,0,2,0
0.0,0.0,0.06316207661563744,0.042857964985222,0.010948091111173924,0.039956524424313834,0.07089180822913312,0.23242392023565553,0.00017412785702392274,0.6785287747464085,0.010948091111173924,0.0,0.851859329522828,0.6785287747464085,0,0,1,0,0,1,0
0.0,0.0,0.17056534844876145,0.16512919787798752,0.13460237724516255,0.15885653036247477,0.09768664370326394,0.29609434764519627,0.020415506140177373,0.9681229584837641,0.13460237724516255,0.0,1.7572726264535714,0.9681229584837641,0,0,1,1,0,2,0
0.0,0.0,0.12707322633399024,0.12123870702072517,0.06702452639933917,0.10914379169369497,0.04090966645418701,0.1796724004489482,0.03504055435547172,0.954077868647199,0.06702452639933917,0.0,1.48152177551135,0.954077868647199,0,0,1,1,0,2,0
0.0,0.0,0.03353364003801343,0.03258312878807728,0.023870365994534418,0.0306425659021756,0.03183088371895806,0.10444375227640944,0.0025010998147584704,0.9716260186822474,0.023870365994534418,0.0,1.6834382214515629,0.9716260186822474,0,0,1,1,0,2,0
0.0,0.0,0.12040637699923268,0.0719769493495108,0.03421258291213747,0.07464321465259793,0.059354592293615074,0.17624725669712613,0.008090913950998684,0.5977785675870132,0.03421258291213747,0.0,0.8819188234814298,0.5977785675870132,0,0,1,0,0,1,0
0.0,0.0,0.0636567530921999,0.045844219531823306,0.05462973117928425,0.05249373083378269,0.03006352625238569,0.1214314136959658,0.005879673145509647,0.720167101490748,0.05462973117928425,0.0,1.578345854676715,0.720167101490748,0,0,1,1,0,2,0
0.0,0.0,0.15569871960162265,0.0890888098813164,0.08052297387315269,0.10359982830935202,0.05373836790514141,0.20352228164554212,0.03343257195344591,0.572183495957869,0.08052297387315269,0.0,1.0893518895759235,0.572183495957869,0,0,1,0,0,1,0
0.0,0.0,0.09238977937060455,0.1337769846911613,0.07639017977249467,0.10908348213135545,0.06747880063404159,0.2727963280503643,0.012854042710372443,1.4479473558129154,0.07639017977249467,0.0,2.274763411407304,1.4479473558129154,1,0,1,1,1,4,1
0.0,0.0,0.11968412907179227,0.09185625546730877,0.028184324686218176,0.08289524117315701,0.07299015438518731,0.23367666608233123,0.010501208915648876,0.7674826119142124,0.028184324686218176,0.0,1.0029698851017779,0.7674826119142124,0,0,1,0,0,1,0
0.0,0.0,0.24585939232241155,0.16284816429383286,0.060595339826672256,0.1580377651841874,0.1459886154017651,0.43993683308113535,0.02023832057041565,0.6623603043807083,0.060595339826672256,0.0,0.9088226940901086,0.6623603043807083,0,0,1,0,0,1,0
0.0,0.0,0.1686518309455325,0.08635320258476642,0.09731581087505921,0.10966851174753112,0.05950018065326793,0.23854076165200713,0.037964157931990525,0.5120175101754132,0.09731581087505921,0.0,1.0890360537093071,0.5120175101754132,0,0,1,0,0,1,0
0.0,0.0,0.09981851485060948,0.11414892482321043,0.0683357871221399,0.09911303790479255,0.05994067213903175,0.216823678493932,0.009301168346880013,1.143553191918899,0.0683357871221399,0.0,1.8281466526706536,1.143553191918899,0,0,1,1,1,3,1
0.0,0.0,0.033037123137668795,0.03262710324398791,0.01723027300534985,0.028880400657748617,0.0214548012211229,0.08151217046306312,0.006060445505742531,0.9875592238709149,0.01723027300534985,0.0,1.5090862165984333,0.9875592238709149,0,0,1,1,0,2,0
0.0,0.0,0.17903719027012524,0.08646735930633731,0.09849407266018753,0.11261649538574682,0.11036870957640783,0.4656201868895021,0.023356495932860488,0.4829548331329702,0.09849407266018753,0.0,1.0330836772169272,0.4829548331329702,0,0,1,0,0,1,0
0.0,0.0,0.14128381383010372,0.1283441602665635,0.06934505402891325,0.11682929709803601,0.06322628509273251,0.26618646424856257,0.026920507344774625,0.9084073283410242,0.06934505402891325,0.0,1.3992247923630339,0.9084073283410242,0,0,1,1,0,2,0
0.0,0.0,0.1189224711565962,0.08937454024089503,0.06306732499068445,0.09018471915726768,0.040382682649719906,0.16389672001902683,0.023026717020500773,0.7515298651450252,0.06306732499068445,0.0,1.281848433694362,0.7515298651450252,0,0,1,0,0,1,0
0.0,0.0,0.07908818276627673,0.09375832199685737,0.07346474304133886,0.08501739245033259,0.05303257973505738,0.21326629369316236,0.009474205567379405,1.1854759237294268,0.07346474304133886,0.0,2.1143607657746513,1.1854759237294268,0,0,1,1,1,3,1
0.0,0.0,0.07111701624224498,0.043451839270903174,0.02506701889503026,0.045771928419770395,0.06603805223101482,0.22349867718425076,0.0014960414587458144,0.6109821612978603,0.02506701889503026,0.0,0.9634528884009055,0.6109821612978603,0,0,1,0,0,1,0
0.0,0.0,0.11166205297516787,0.04611919315182196,0.05432360254916341,0.0645560104569938,0.04216867729412025,0.1831441729649733,0.013558910441750033,0.413021065813758,0.05432360254916341,0.0,0.8995168323341677,0.413021065813758,0,0,1,0,0,1,0
0.0,0.0,0.1762118566490199,0.13761714709209732,0.07402427112309036,0.13136760548907622,0.06947002259533404,0.23777851310069067,0.023162093200357534,0.7809710920594326,0.07402427112309036,0.0,1.201055486188129,0.7809710920594326,0,0,1,0,0,1,0
0.0,0.0,0.09549908617602597,0.1234990994470684,0.07557429055308162,0.10451789390581111,0.07722585283359397,0.3106423259331193,0.004581999660311926,1.2931831204783897,0.07557429055308162,0.0,2.0845362341686005,1.2931831204783897,1,0,1,1,1,4,1
0.0,0.0,0.08637274401553106,0.1446827058214648,0.039555823724009384,0.10382349484561752,0.05819026407682989,0.2260245881246443,0.010887124324522175,1.6750773915213062,0.039555823724009384,0.0,2.1330385946028443,1.6750773915213062,1,0,1,1,1,4,1
0.0,0.0,0.05839510879761711,0.07002233476904263,0.05882688392184723,0.06431666556438739,0.0319781724251926,0.11386818602076472,0.01714046368494325,1.199092477406644,0.05882688392184723,0.0,2.20646925529647,1.199092477406644,0,0,1,1,1,3,1
0.0,0.0,0.14702888022796484,0.05429945480890803,0.04985790472932096,0.07637142364377546,0.04821884979056362,0.17061686907473647,0.018028815994877368,0.36930897804390894,0.04985790472932096,0.0,0.7084094700800717,0.36930897804390894,0,0,1,0,0,1,0
0.0,0.0,0.19211049197502283,0.09706198010119133,0.09374616621404502,0.11999515459786264,0.05557977428957384,0.2408614239521275,0.03938151107096149,0.505237761173656,0.09374616621404502,0.0,0.9932156809236797,0.505237761173656,0,0,1,0,0,1,0
0.0,0.0,0.06097854063176489,0.05452006809794706,0.057493638775251835,0.0568780789007277,0.030615681426567773,0.11103811026849028,0.01434879175753972,0.8940714792716391,0.057493638775251835,0.0,1.8369063740511316,0.8940714792716391,0,0,1,1,0,2,0
0.0,0.0,0.17191812980141064,0.08150589290372061,0.046363250362364605,0.09532329149280412,0.103487935149751,0.35230652364058507,0.007425210868907731,0.47409437796637705,0.046363250362364605,0.0,0.7437749563634426,0.47409437796637705,0,0,1,0,0,1,0
0.0,0.0,0.15663309793592983,0.13084321694824963,0.10326136923236207,0.1303952252661978,0.0584353209105326,0.22211926639524715,0.032922286758569355,0.8353431256186007,0.10326136923236207,0.0,1.49459529735582,0.8353431256186007,0,0,1,1,0,2,0
0.0,0.0,0.07360768524336761,0.028032102501312176,0.020337335342323848,0.03750230639707895,0.06884521525768103,0.26802041526385084,0.0003046353485239114,0.3808260181340212,0.020337335342323848,0.0,0.6571159053271404,0.3808260181340212,0,0,1,0,0,1,0
0.0,0.0,0.15210608595492164,0.09979724541984203,0.08276406397097047,0.10861616019139404,0.06339960073386962,0.2366006563969751,0.027600859901190884,0.6560985952319005,0.08276406397097047,0.0,1.2002156786102407,0.6560985952319005,0,0,1,0,0,1,0
0.0,0.0,0.12676543923269093,0.11992128421133029,0.14800731618474575,0.1286538309600243,0.05818897012308497,0.2222263344583704,0.02106390013757188,0.9460018356373033,0.14800731618474575,0.0,2.113560986786649,0.9460018356373033,0,0,1,1,0,2,0
0.0,0.0,0.05104268956984846,0.02641983154570251,0.01907605080905342,0.030739600867576728,0.019978374239352146,0.08098583752180875,0.0029231031643566045,0.5175925127737772,0.01907605080905342,0.0,0.8913125743486687,0.5175925127737772,0,0,1,0,0,1,0
0.0,0.0,0.14146332809578066,0.08255138520389955,0.03190087023988957,0.08461674218586733,0.08593933480493614,0.3506954633651164,0.00806294858304492,0.5835491272966484,0.03190087023988957,0.0,0.8090538228570061,0.5835491272966484,0,0,1,0,0,1,0
0.0,0.0,0.1034542619862625,0.060609082586289664,0.06107511941041706,0.0714368866423147,0.04844239900289649,0.1954932341419336,0.01176008739288542,0.5858482345183926,0.06107511941041706,0.0,1.1762011874549676,0.5858482345183926,0,0,1,0,0,1,0
0.0,0.0,0.08193848620503746,0.050234604378854616,0.06652162832382759,0.062232330821643575,0.04271990925530221,0.16931417305539062,0.019004149419386177,0.6130695554174258,0.06652162832382759,0.0,1.4249080401910585,0.6130695554174258,0,0,1,1,0,2,0
0.0,0.0,0.09408655433115576,0.02726946219213331,0.01002145426533463,0.03966173324518925,0.08395965046584732,0.3484985365451618,0.0006600479139278496,0.28983070487892804,0.01002145426533463,0.0,0.3963427120893882,0.28983070487892804,0,0,1,0,0,1,0
0.0,0.0,0.07187845030626719,0.05823151875264502,0.04741557143611964,0.05893926481191922,0.030028318692415075,0.11538195239490324,0.013882451670098292,0.8101274913000802,0.04741557143611964,0.0,1.46978155423586,0.8101274913000802,0,0,1,1,0,2,0
0.0,0.0,0.13177610738571097,0.07442126569317739,0.03261620904881372,0.07830871195521986,0.11668039686397913,0.4429561280769513,0.01041922204951096,0.5647510950088371,0.03261620904881372,0.0,0.8122615290734294,0.5647510950088371,0,0,1,0,0,1,0
0.0,0.0,0.15586226286127922,0.08234061707654108,0.06258962218835112,0.09578327980067813,0.09639756550704083,0.4329545861995319,0.01912578198506765,0.5282875230824954,0.06258962218835112,0.0,0.9298550319319469,0.5282875230824954,0,0,1,0,0,1,0
0.0,0.0,0.09246352804846485,0.07841109413560042,0.05322453734169471,0.07562756341534012,0.0435859961220548,0.14471843989498515,0.01773385934654542,0.8480127005515198,0.05322453734169471,0.0,1.4236338437622147,0.8480127005515198,0,0,1,1,0,2,0
0.0,0.0,0.08393450024533321,0.031353309923729054,0.018216328939760443,0.041214362258137946,0.04046364416447759,0.18108886384096853,0.000888044736840312,0.3735405142292256,0.018216328939760443,0.0,0.5905682186750958,0.3735405142292256,0,0,1,0,0,1,0
0.0,0.0,0.2028523197457305,0.15167546409774987,0.11545765358755924,0.15541522538219735,0.07311213050202983,0.361707230107626,0.08038491306900022,0.7477100413632359,0.11545765358755924,0.0,1.3168782153535918,0.7477100413632359,0,0,1,1,0,2,0
0.0,0.0,0.10301036487107297,0.12728393545428282,0.08580774873183593,0.11084649612786862,0.07395043469007866,0.2900751761119412,0.029300087904987216,1.235630026003334,0.08580774873183593,0.0,2.068623053901093,1.235630026003334,1,0,1,1,1,4,1
0.0,0.0,0.09066963455168595,0.05299417172631331,0.03881284540665596,0.05886770585274212,0.03878567710149584,0.16494551267281832,0.01918379135095392,0.5844689627279985,0.03881284540665596,0.0,1.0125330829204193,0.5844689627279985,0,0,1,0,0,1,0
0.0,0.0,0.06345566601888544,0.06293929938117009,0.03804977223971093,0.05684600925523413,0.03777781828895447,0.1173868231782516,0.006451638616766476,0.9918469300362962,0.03804977223971093,0.0,1.5914651360792496,0.9918469300362962,0,0,1,1,0,2,0
0.0,0.0,0.03807323492667,0.027863977235228377,0.01989290664362277,0.028423524010187384,0.0278167657113186,0.11574410410980268,0.0028011195477357794,0.7318328861733842,0.01989290664362277,0.0,1.2543097443935427,0.7318328861733842,0,0,1,0,0,1,0
0.0,0.0,0.11428411528610596,0.12222513241902558,0.06421344746899074,0.10573695689828697,0.06723472315599964,0.20144639293023536,0.0010938342098204424,1.0694755140513466,0.06421344746899074,0.0,1.6313461243074259,1.0694755140513466,0,0,1,1,1,3,1
0.0,0.0,0.09946908243958594,0.07630123229398364,0.06077060292261276,0.07821053748754148,0.03364752004584329,0.131798549120679,0.013345151700842288,0.7670771997231015,0.06077060292261276,0.0,1.3780207259790722,0.7670771997231015,0,0,1,1,0,2,0
0.0,0.0,0.11005658897288881,0.07568787494737067,0.07089802755339397,0.08308259160525605,0.046089859987099774,0.17948861154412005,0.01723302532297417,0.6877115485967564,0.07089802755339397,0.0,1.331901814938669,0.6877115485967564,0,0,1,1,0,2,0
0.0,0.0,0.12209271190320803,0.08265691156642394,0.12171155161248111,0.10227952166213426,0.04829978881246395,0.20947431785250567,0.017959074122126634,0.6769956476706325,0.12171155161248111,0.0,1.6738655905631061,0.6769956476706325,0,0,1,1,0,2,0
0.0,0.0,0.12001751289669386,0.16751362491335536,0.08050395893095864,0.13388718041359082,0.08738173271705962,0.28181095716243526,0.016019634073538333,1.3957315489948037,0.08050395893095864,0.0,2.0664943920592944,1.3957315489948037,1,0,1,1,1,4,1
0.0,0.0,0.115560368269438,0.12677136093793756,0.10665224748290135,0.11893883440705359,0.06822733616606384,0.2223619402154975,0.02283947160417068,1.0970046723777345,0.10665224748290135,0.0,2.0199103897471886,1.0970046723777345,0,0,1,1,1,3,1
0.0,0.0,0.018707008409639483,0.024288373039961928,0.02286869393194491,0.022538112105377064,0.028183950731995967,0.11896280270676732,0.002951979611807352,1.2982874771131228,0.02286869393194491,0.0,2.520688784147045,1.2982874771131228,1,0,1,1,1,4,1
0.0,0.0,0.10164404234621086,0.09839550906282574,0.12340766041632242,0.1054606802220462,0.046353364124098385,0.1958652051792888,0.038133550150437616,0.9680305777008095,0.12340766041632242,0.0,2.182134655654621,0.9680305777008095,0,0,1,1,0,2,0
0.0,0.0,0.1682546302577879,0.09026670409104003,0.09833581410859255,0.11178096313711514,0.07184949621160881,0.3273459646131397,0.02999260146927704,0.5364854890902644,0.09833581410859255,0.0,1.1209284224882745,0.5364854890902644,0,0,1,0,0,1,0
0.0,0.0,0.17272760992267144,0.10171380638054332,0.06877205460252044,0.11123181932156963,0.09449906606337427,0.4062011162984727,0.01184015894498586,0.5888648465710422,0.06877205460252044,0.0,0.9870157645533549,0.5888648465710422,0,0,1,0,0,1,0
0.0,0.0,0.20147799146117884,0.09694074153410334,0.05580021182106139,0.11278992158761172,0.10425444231002175,0.405264807977156,0.01792862988280883,0.4811456560858454,0.05580021182106139,0.0,0.7580986595547606,0.4811456560858454,0,0,1,0,0,1,0
0.0,0.0,0.11762440110439326,0.04903809431811244,0.05842693256543056,0.06853188057651217,0.036169698779606164,0.15508602055345067,0.02776884196973057,0.41690054918147174,0.05842693256543056,0.0,0.9136209175445629,0.41690054918147174,0,0,1,0,0,1,0
0.0,0.0,0.09089617122921023,0.10321831630873944,0.11320967003821564,0.10263561847122618,0.04918050543460083,0.1797073320631328,0.020876801456404585,1.1355503687618582,0.11320967003821564,0.0,2.381020040779937,1.1355503687618582,0,0,1,1,1,3,1
0.0,0.0,0.055857151493429326,0.03372786099262404,0.03280143201581858,0.03902857637362399,0.038355042587279446,0.14051860909876457,0.01329904652869962,0.6038126950296859,0.03280143201581858,0.0,1.1910400045420149,0.6038126950296859,0,0,1,0,0,1,0
0.0,0.0,0.17964324163281448,0.18205893933924924,0.13761435893772228,0.1703438698122588,0.06460508504915684,0.2626427536988936,0.04704378590885711,1.013441553620017,0.13761435893772228,0.0,1.7794797950182604,1.013441553620017,0,0,1,1,1,3,1
0.0,0.0,0.037019752364413676,0.02726045846155872,0.016289230438692636,0.026957474931555935,0.030061763752428697,0.10503345676621724,0.00141940738388909,0.7363561440680748,0.016289230438692636,0.0,1.1763588290040707,0.7363561440680748,0,0,1,0,0,1,0
0.0,0.0,0.11967163328916541,0.094048316596406,0.057733418591919106,0.09137542126847413,0.04830175136170183,0.20477728704474696,0.01089597505045853,0.7858798959420966,0.057733418591919106,0.0,1.268307807864262,0.7858798959420966,0,0,1,0,0,1,0
0.0,0.0,0.18348465118177465,0.18431762021957226,0.040740891136351,0.14821519568931754,0.12013373742819201,0.32391960191469765,0.013037005092475837,1.0045342457703867,0.040740891136351,0.0,1.2265728132221272,1.0045342457703867,0,0,1,0,1,2,0
0.0,0.0,0.1811496359992284,0.20785288829233564,0.11770241077414537,0.17863945583951124,0.1211187662584685,0.3850711725989261,0.03669592440751515,1.1474035801520508,0.11770241077414537,0.0,1.7971523934802398,1.1474035801520508,0,0,1,1,1,3,1
0.0,0.0,0.1731843620078108,0.1491710704910168,0.10721560421315038,0.1446855268007487,0.09519955515898045,0.2911692402924097,0.029088332533636876,0.8613376370936539,0.10721560421315038,0.0,1.480417696575326,0.8613376370936539,0,0,1,1,0,2,0
0.0,0.0,0.08849137711645612,0.12141837391305163,0.0560694786340931,0.09684940089416313,0.09156740945604049,0.4142002865700752,0.0193375471333833,1.3720772101450596,0.0560694786340931,0.0,2.0056852164064978,1.3720772101450596,1,0,1,1,1,4,1
0.0,0.0,0.12914673629721185,0.10894227110052199,0.0689035603285627,0.10398370970670462,0.046775549396679855,0.21782921370349864,0.03445116496082783,0.8435476627310727,0.0689035603285627,0.0,1.3770727736164288,0.8435476627310727,0,0,1,1,0,2,0
0.0,0.0,0.2214100557048327,0.06334069183166338,0.10421342577497075,0.11307621628578254,0.09198142781351068,0.3551398349307705,0.016819019059822825,0.2860773669590559,0.10421342577497075,0.0,0.756755876861017,0.2860773669590559,0,0,1,0,0,1,0
0.0,0.0,0.15691621722615018,0.16717772751647803,0.0933180521301202,0.14614743109730657,0.09845681956536642,0.3319397081266805,0.0232409254998124,1.0653880464598116,0.0933180521301202,0.0,1.6600841147416594,1.0653880464598116,0,0,1,1,1,3,1
0.0,0.0,0.12281992745574749,0.11000371581215876,0.04228659628591817,0.09627848884149577,0.06267835368399419,0.2303100290538413,0.021622495662515315,0.8956430967498858,0.04228659628591817,0.0,1.2399378123320823,0.8956430967498858,0,0,1,0,0,1,0
0.0,0.0,0.06770420505446036,0.054989297595607375,0.07763340619481475,0.06382905161012246,0.039220566005275743,0.13945805734307593,0.007046338353358072,0.8121871509195693,0.07763340619481475,0.0,1.958825819724551,0.8121871509195693,0,0,1,1,0,2,0
0.0,0.0,0.12096500770432064,0.07304642656711485,0.05654100982342197,0.08089971766549307,0.06310695330702415,0.2595504498409073,0.014622347889127111,0.6038591167335499,0.05654100982342197,0.0,1.0712714989097574,0.6038591167335499,0,0,1,0,0,1,0
0.0,0.0,0.1763712832962735,0.13909684419041426,0.10121365365679084,0.13894465633347322,0.08792154159320432,0.32021249206064506,0.010834737553574692,0.7886547794857129,0.10121365365679084,0.0,1.362518494153228,0.7886547794857129,0,0,1,1,0,2,0
0.0,0.0,0.07354990918839611,0.04952886849002803,0.060498799952367364,0.05827661153020489,0.02551528661300743,0.09517110840530033,0.005886783569996527,0.6733957341460306,0.060498799952367364,0.0,1.4959389306876725,0.6733957341460306,0,0,1,1,0,2,0
0.0,0.0,0.10371347280216453,0.06314589926558631,0.08206375338027833,0.0780172561784039,0.050206823391476155,0.19915537041828185,0.01748153538806393,0.6088436604796438,0.08206375338027833,0.0,1.400090543996229,0.6088436604796438,0,0,1,1,0,2,0
0.0,0.0,0.13866375779814719,0.14676059054726917,0.09963996389894275,0.13295622569790708,0.0978736208292321,0.288744097906848,0.011572468753103317,1.0583842129584722,0.09963996389894275,0.0,1.7769515366326503,1.0583842129584722,0,0,1,1,1,3,1
0.0,0.0,0.11408309553637605,0.06161497148007228,0.08921796008455549,0.08163274964526901,0.03450954748353178,0.15656317310736909,0.014321801265976451,0.5400837968726865,0.08921796008455549,0.0,1.3221205888119105,0.5400837968726865,0,0,1,1,0,2,0
0.0,0.0,0.16706101489654296,0.10150251148023905,0.07467412429431779,0.11118504053783472,0.07538733939593076,0.3009607595557514,0.030699934503835232,0.6075738494061432,0.07467412429431779,0.0,1.0545583080849248,0.6075738494061432,0,0,1,0,0,1,0
0.0,0.0,0.09107887702786607,0.020392727956856548,0.018469596190549217,0.0375834822830321,0.07436829171454978,0.3135547910599996,0.0009471390091902047,0.22389937955908035,0.018469596190549217,0.0,0.4266839769174892,0.22389937955908035,0,0,1,0,0,1,0
0.0,0.0,0.14580335280262738,0.07010102590344144,0.07724875121211856,0.0908135389554072,0.12151027535679662,0.4973857686118116,0.008853707948840347,0.4807882930514145,0.07724875121211856,0.0,1.0105993016204713,0.4807882930514145,0,0,1,0,0,1,0
0.0,0.0,0.14486843978613892,0.056203834246800956,0.06022372038550072,0.07937495716631039,0.08080396848594767,0.361930494549171,0.019345711523744712,0.38796197686531353,0.06022372038550072,0.0,0.8036722914382488,0.38796197686531353,0,0,1,0,0,1,0
0.0,0.0,0.05494394777966903,0.06770472005768893,0.04654164525551656,0.05922375828764087,0.04013698110552649,0.12455662409586696,0.012757437186008446,1.2322283084003827,0.04654164525551656,0.0,2.0792879041643104,1.2322283084003827,1,0,1,1,1,4,1
0.0,0.0,0.09990886086226175,0.08561297654329492,0.05426828605579233,0.08135077500116097,0.03895278900119063,0.16183442666950607,0.02009160782508091,0.8569021696599409,0.05426828605579233,0.0,1.400074641200142,0.8569021696599409,0,0,1,1,0,2,0
0.0,0.0,0.14395005579514575,0.10377402825530181,0.053664055462519934,0.10129054194206732,0.04372930689662716,0.18109917847558912,0.020391941357658264,0.7208980002410044,0.053664055462519934,0.0,1.0936917610515422,0.7208980002410044,0,0,1,0,0,1,0
0.0,0.0,0.09312051373753591,0.07711059716050134,0.037318910376239925,0.07116515460869463,0.04273236295173187,0.18442660091270377,0.011134379826363276,0.8280642578237986,0.037318910376239925,0.0,1.2288192378322176,0.8280642578237986,0,0,1,0,0,1,0
0.0,0.0,0.17216874931009385,0.08302750846367739,0.025323635845113816,0.09088685052064059,0.14974747966089352,0.5993792749845227,0.017175067505266334,0.48224214065699234,0.025323635845113816,0.0,0.6293274210072795,0.48224214065699234,0,0,1,0,0,1,0
0.0,0.0,0.061314168623061986,0.07688928983444616,0.055937124571943345,0.06775746821597442,0.03187329767843423,0.1425930742334793,0.016806041643706342,1.2540011152399637,0.055937124571943345,0.0,2.166289637445938,1.2540011152399637,1,0,1,1,1,4,1
0.0,0.0,0.03381630347109288,0.032039388733976756,0.026002346594060706,0.030974356883276776,0.03678484864996068,0.10697190395614752,0.003356995498160904,0.947425886909171,0.026002346594060706,0.0,1.7163324502691852,0.947425886909171,0,0,1,1,0,2,0
0.0,0.0,0.16102470023118343,0.0665520560615109,0.07310384598627838,0.09180816458512091,0.07804165804141752,0.3531334742272064,0.013206448508503115,0.4133008331338575,0.07310384598627838,0.0,0.8672895186748842,0.4133008331338575,0,0,1,0,0,1,0
0.0,0.0,0.1164468659822723,0.09378345381060786,0.0644173541333931,0.09210778193422028,0.05460254047643466,0.22713872116930572,0.010631778143434644,0.8053685915110302,0.0644173541333931,0.0,1.3585548057023649,0.8053685915110302,0,0,1,1,0,2,0
0.0,0.0,0.143023722725709,0.12269406576968372,0.06513801405874847,0.11338746708095623,0.08886940363093485,0.2881013945276949,0.018830321579666968,0.8578521491349774,0.06513801405874847,0.0,1.313283999079335,0.8578521491349774,0,0,1,1,0,2,0
0.0,0.0,0.04337513968700515,0.05926750774080428,0.03150465366294125,0.04835370220788874,0.07488025840363327,0.21803931120570252,0.0013770634473274188,1.3663619715463051,0.03150465366294125,0.0,2.0926749604446595,1.3663619715463051,1,0,1,1,1,4,1
0.0,0.0,0.1913167143093886,0.0911878171448742,0.09662129666928035,0.11757841131710434,0.05825547145059257,0.2880316466050228,0.044286080108206734,0.47663028734187274,0.09662129666928035,0.0,0.9816608696800542,0.47663028734187274,0,0,1,0,0,1,0
0.0,0.0,0.10172289118844341,0.07419166659722033,0.1022621922502677,0.08809210415828794,0.028828505146164758,0.13416087301450888,0.03535683011264914,0.7293435763264339,0.1022621922502677,0.0,1.7346353623123543,0.7293435763264339,0,0,1,1,0,2,0
0.0,0.0,0.0489740104041409,0.03349427818368333,0.020321857865125026,0.03407110615915815,0.03137605146194468,0.12198952468822236,0.002379860903263492,0.6839054837822218,0.020321857865125026,0.0,1.0988488946652297,0.6839054837822218,0,0,1,0,0,1,0
0.0,0.0,0.06705261327298664,0.045556737864069705,0.03327528401422953,0.0478603432538389,0.04455047858659969,0.19232339646687127,0.008574654056791054,0.6794076506899112,0.03327528401422953,0.0,1.1756565832979156,0.6794076506899112,0,0,1,0,0,1,0
0.0,0.0,0.10437714723266783,0.13622110394834805,0.12418629780340355,0.12525141323319186,0.09107237341089,0.2628583410490273,0.018565738300752897,1.30507302112481,0.12418629780340355,0.0,2.494845986979259,1.30507302112481,1,0,1,1,1,4,1
0.0,0.0,0.1390408097253154,0.08247474360809609,0.050078213366139324,0.08851712757691171,0.11216680383015341,0.4488107840436744,0.009065561242701645,0.593165061437487,0.050078213366139324,0.0,0.9533316434538713,0.593165061437487,0,0,1,0,0,1,0
0.0,0.0,0.11021569868253508,0.05554060999395729,0.08873380912671054,0.07750768194929004,0.04142680925345429,0.15391200930878,0.008008279733365209,0.5039219161692986,0.08873380912671054,0.0,1.3090069004537288,0.5039219161692986,0,0,1,1,0,2,0
0.0,0.0,0.059325147142766196,0.039415298818708026,0.03369223183860404,0.04296199415469658,0.021718858900001213,0.08124561205214653,0.004481926386109577,0.6643832562370274,0.03369223183860404,0.0,1.232298643655073,0.6643832562370274,0,0,1,0,0,1,0
0.0,0.0,0.1531083457975615,0.07899014431934577,0.03238513112219951,0.08586844138961314,0.13802075162275715,0.4673700540828989,0.00512549527489135,0.5159067456521247,0.03238513112219951,0.0,0.7274231031514152,0.5159067456521247,0,0,1,0,0,1,0
0.0,0.0,0.07652927141877455,0.025252320176234366,0.016849063398190915,0.035970743792358546,0.06838390269294793,0.2775374593880498,0.0009542968528041658,0.32996511978970217,0.016849063398190915,0.0,0.5501271953426901,0.32996511978970217,0,0,1,0,0,1,0
0.0,0.0,0.21768449253279282,0.14072367395944918,0.0819743080196807,0.14527653711784294,0.11480832522027576,0.400462493894498,0.016120868325319147,0.6464540761174066,0.0819743080196807,0.0,1.023026290764792,0.6464540761174066,0,0,1,0,0,1,0
0.0,0.0,0.18786520581658442,0.08087859222002794,0.04004185573724574,0.09741606149847151,0.14057884191232584,0.538526915551878,0.0020172015572143447,0.4305116605111538,0.04004185573724574,0.0,0.6436519406546671,0.4305116605111538,0,0,1,0,0,1,0
0.0,0.0,0.18833925375326166,0.08675046358411546,0.10586644953876821,0.1169266576150652,0.08274908314736688,0.3432730168334943,0.010158991286029043,0.4606050053312787,0.10586644953876821,0.0,1.0227070914708691,0.4606050053312787,0,0,1,0,0,1,0
0.0,0.0,0.07242087734862376,0.05868710240043315,0.03297369117151876,0.05569219333025221,0.03552273879388532,0.13714507831654324,0.013005961193986983,0.8103504707275913,0.03297369117151876,0.0,1.2656506145334514,0.8103504707275913,0,0,1,0,0,1,0
0.0,0.0,0.1269656590846622,0.1298074143503376,0.16273351085484333,0.13732849966004515,0.07436245091094473,0.29647729135472206,0.04919840452653968,1.0223740254816123,0.16273351085484333,0.0,2.304076734114211,1.0223740254816123,0,0,1,1,1,3,1
0.0,0.0,0.08747075821607893,0.04883052608030312,0.04649798470793161,0.057907448771154196,0.09733200376957375,0.3261733468842333,0.0011201252243301257,0.5582433356338682,0.04649798470793161,0.0,1.08982044870697,0.5582433356338682,0,0,1,0,0,1,0
0.0,0.0,0.20019501316899024,0.17624063924779368,0.09332631023165393,0.1615006504740579,0.11978994237343431,0.357970492920718,0.01586617755121403,0.8803404046764145,0.09332631023165393,0.0,1.3465150739635343,0.8803404046764145,0,0,1,1,0,2,0
0.0,0.0,0.05177434306854611,0.03138780875413566,0.014871581726029004,0.03235538557571161,0.04075850277831876,0.15655247256239685,0.004329345173747623,0.6062308213502496,0.014871581726029004,0.0,0.893463717254779,0.6062308213502496,0,0,1,0,0,1,0
0.0,0.0,0.06392855067581264,0.041792767157903934,0.06001615683551108,0.0518825604567829,0.048411013507221316,0.18739307113416248,0.00028895880376159463,0.6537315954218957,0.06001615683551108,0.0,1.5925174339123551,0.6537315954218957,0,0,1,1,0,2,0
0.0,0.0,0.09791190676747348,0.10402850040515188,0.09026690391491005,0.09905895287317182,0.04949691278403885,0.16779428888378664,0.02361411269937153,1.062459524893913,0.09026690391491005,0.0,1.9843696886813962,1.062459524893913,0,0,1,1,1,3,1
0.0,0.0,0.1444669182301098,0.06755346361590327,0.05323250901516233,0.08320158861926966,0.05582105499064723,0.22465506312809216,0.027039586440303312,0.4676018346737959,0.05323250901516233,0.0,0.836074708563853,0.4676018346737959,0,0,1,0,0,1,0
0.0,0.0,0.09846337771047906,0.12261623566773584,0.14364434314080243,0.12183504804668831,0.06375361377997646,0.2791741079642396,0.03934348314713848,1.245285234303435,0.14364434314080243,0.0,2.704131026871879,1.245285234303435,1,0,1,1,1,4,1
0.0,0.0,0.10618390290046595,0.04649286320768486,0.03430752801981305,0.05836928933391218,0.05875381006349084,0.21107188143929673,0.002241763500061779,0.43784814919749615,0.03430752801981305,0.0,0.7609404823135488,0.43784814919749615,0,0,1,0,0,1,0
0.0,0.0,0.06426414156151276,0.015640663071581604,0.011865475804322664,0.026852735877249657,0.04942325448125765,0.2130768634701022,0.000452566085833321,0.2433770889092465,0.011865475804322664,0.0,0.42801024330703724,0.2433770889092465,0,0,1,0,0,1,0
0.0,0.0,0.0413954599344379,0.015250491861141312,0.014083798193258843,0.021495060462494844,0.02840341360860272,0.12272058336751504,0.0018929269877225247,0.3684008701539805,0.014083798193258843,0.0,0.708618323906408,0.3684008701539805,0,0,1,0,0,1,0
0.0,0.0,0.12269037173998147,0.08688863460587849,0.08099598434208924,0.09436590632345694,0.04306850708882535,0.1744076914213733,0.016839501075802704,0.7081886311453153,0.08099598434208924,0.0,1.3683490254209876,0.7081886311453153,0,0,1,1,0,2,0
0.0,0.0,0.06623989823903687,0.053080351846067325,0.03379840973779705,0.05154975291724215,0.026635430514659972,0.10839359219240587,0.009738398070789677,0.8013229478640461,0.03379840973779705,0.0,1.3115577217922638,0.8013229478640461,0,0,1,1,0,2,0
0.0,0.0,0.07008842111852923,0.0906982142502011,0.06597235123010158,0.07936430021225825,0.03924180607531124,0.19090275604814735,0.024826898129625043,1.2940357161292577,0.06597235123010158,0.0,2.235295469416916,1.2940357161292577,1,0,1,1,1,4,1
0.0,0.0,0.08908807639377828,0.0791789410790376,0.08397360944111255,0.08285489199824152,0.03877610620080529,0.1776901413405191,0.01627396652915012,0.8887614989862801,0.08397360944111255,0.0,1.8313418111891466,0.8887614989862801,0,0,1,1,0,2,0
0.0,0.0,0.0708824462317311,0.07354728807378029,0.03435149355814002,0.06308212898435793,0.09021422137750514,0.28999554083856294,0.00232446584267905,1.0375805915719813,0.03435149355814002,0.0,1.522199996867805,1.0375805915719813,0,0,1,1,1,3,1
0.0,0.0,0.07541394837055339,0.0930108505502304,0.03436261646361072,0.0739495664836562,0.04108254086301664,0.13691577409076788,0.010380403968525992,1.233321146004358,0.03436261646361072,0.0,1.6889684308737856,1.233321146004358,1,0,1,1,1,4,1
0.0,0.0,0.12303636597588796,0.12451793916933396,0.12022395692103283,0.12307405030889718,0.08113599736284136,0.2974343152908576,0.0013688882322904351,1.0120335247890153,0.12022395692103283,0.0,1.9891672269571314,1.0120335247890153,0,0,1,1,1,3,1
0.0,0.0,0.11621471604355524,0.13911920520642254,0.06257494661600208,0.1142570182681006,0.0604440861125448,0.2008428712521356,0.010432753161290087,1.1970773828410914,0.06257494661600208,0.0,1.7355152873371604,1.1970773828410914,0,0,1,1,1,3,1
0.0,0.0,0.19357912503925231,0.18080090695449186,0.08260317719848759,0.15944602903668087,0.0929760848596174,0.3710504842047627,0.007872824253683767,0.9339848650156145,0.08260317719848759,0.0,1.3606979750610704,0.9339848650156145,0,0,1,1,0,2,0
0.0,0.0,0.10013865334159813,0.08628452702044229,0.07843235540549963,0.0877850156969956,0.09468608363447725,0.3422200693608558,0.01250314563508724,0.8616419584168821,0.07843235540549963,0.0,1.6448717059570477,0.8616419584168821,0,0,1,1,0,2,0
0.0,0.0,0.04940800203394045,0.03634366722253315,0.01569806550295352,0.03444835049549007,0.04996562882511785,0.15835565348860867,0.0005498247447819204,0.7355677250386002,0.01569806550295352,0.0,1.0532844336693488,0.7355677250386002,0,0,1,0,0,1,0
0.0,0.0,0.039609987687037954,0.039020845153673135,0.028926079912180734,0.03664443947664124,0.014467639869030113,0.06508344248988202,0.015646647918055846,0.9851015446010215,0.028926079912180734,0.0,1.7153554867829863,0.9851015446010215,0,0,1,1,0,2,0
0.0,0.0,0.04208211068922937,0.026491875881107046,0.023437305968029256,0.02962579210486818,0.01896576729197524,0.08907580497268353,0.005006808922876964,0.6295132524005005,0.023437305968029256,0.0,1.1864422812716418,0.6295132524005005,0,0,1,0,0,1,0
0.0,0.0,0.09523211420954444,0.049552738517842206,0.06415886915120922,0.06462411509910954,0.037653041768784264,0.1515022013082269,0.0035500841726732084,0.5203309681631301,0.06415886915120922,0.0,1.1940343294754403,0.5203309681631301,0,0,1,0,0,1,0
0.0,0.0,0.09049223751376241,0.0740178067385526,0.0684467968667407,0.07674366196440206,0.03304435803028189,0.1416022726196984,0.01856490057325448,0.8179374367868738,0.0684467968667407,0.0,1.5743121532548434,0.8179374367868738,0,0,1,1,0,2,0
0.0,0.0,0.039257694650840655,0.03640513471952327,0.022752584752719344,0.03370513721065163,0.046649570332429904,0.16064936200744473,0.001956214523483341,0.9273139375443733,0.022752584752719344,0.0,1.5068692425558234,0.9273139375443733,0,0,1,1,0,2,0
0.0,0.0,0.11008852523289178,0.0813188343364229,0.07576971357313349,0.08712397686971776,0.034823769412547306,0.13985988739212543,0.010640661836636967,0.7386609594727094,0.07576971357313349,0.0,1.4269163898857706,0.7386609594727094,0,0,1,1,0,2,0
0.0,0.0,0.13265387249819965,0.08239343237466615,0.051336999910911604,0.08719443428961089,0.06022893406906068,0.2372507727574628,0.020133937195055563,0.6211112401904751,0.051336999910911604,0.0,1.0081079553816816,0.6211112401904751,0,0,1,0,0,1,0
0.0,0.0,0.05271138302461824,0.07303206206958979,0.027248619772410033,0.056506031734051956,0.035975064546525715,0.1163593222535662,0.007921712470596774,1.3854820799029643,0.027248619772410033,0.0,1.902412224375547,1.3854820799029643,1,0,1,1,1,4,1
0.0,0.0,0.10325991457098271,0.1029523987459883,0.06865468289921842,0.09445484874054443,0.05001838585020941,0.1948063832979869,0.006542499075021168,0.9970122691022426,0.06865468289921842,0.0,1.6618783821369516,0.9970122691022426,0,0,1,1,0,2,0
0.0,0.0,0.02102162894683051,0.028718352565381577,0.02598015645588599,0.02610962263336991,0.02474991668095955,0.10331108486862994,0.005736230909866072,1.3660685653547302,0.02598015645588599,0.0,2.6018871930627028,1.3660685653547302,1,0,1,1,1,4,1
0.0,0.0,0.09510143319824524,0.0711084300913953,0.06759118371159242,0.07622736927315704,0.037363533861964775,0.1396099610082679,0.010578580894494987,0.7477035833895713,0.06759118371159242,0.0,1.458423398209615,0.7477035833895713,0,0,1,1,0,2,0
0.0,0.0,0.03227090183998045,0.0311345447489727,0.022032893141401465,0.029143221119831825,0.031129837827261735,0.12381603736158196,0.004345127429925984,0.9647570478911558,0.022032893141401465,0.0,1.647483874796217,0.9647570478911558,0,0,1,1,0,2,0
0.0,0.0,0.051455875115620844,0.017925636490557312,0.014077718383382615,0.02534621662002952,0.03755961546369484,0.16069006958872123,0.0010439514927862619,0.34836232185260696,0.014077718383382615,0.0,0.6219451686879567,0.34836232185260696,0,0,1,0,0,1,0
0.0,0.0,0.0724434680896889,0.07607065428932958,0.05613601801329676,0.07018019867041121,0.028527900803288937,0.13859391413414263,0.027796517835282666,1.0500547011422778,0.05613601801329676,0.0,1.8249381324596052,1.0500547011422778,0,0,1,1,1,3,1
0.0,0.0,0.15319012096177917,0.07741107820111849,0.07236560091678748,0.0950944695702009,0.06072804889829754,0.22024926900935196,0.023112190708602823,0.505323531253697,0.07236560091678748,0.0,0.9777112288072813,0.505323531253697,0,0,1,0,0,1,0
0.0,0.0,0.1417815472284501,0.09560183994059981,0.06832525119618596,0.10032761957645894,0.08012727273078284,0.2887245773490677,0.019529364610124795,0.6742849653177647,0.06832525119618596,0.0,1.156186669947852,0.6742849653177647,0,0,1,0,0,1,0
0.0,0.0,0.11624101671931161,0.10617112851612434,0.04876614272228107,0.09433735411846032,0.038945738444179215,0.1652809393441247,0.016917404065638544,0.9133627539557806,0.04876614272228107,0.0,1.3328852648223646,0.9133627539557806,0,0,1,1,0,2,0
0.0,0.0,0.0975163853073434,0.05654430244908403,0.046738531388699635,0.06433588039855277,0.03492644621040849,0.12574529259224387,0.0107812236627069,0.5798381721461727,0.046738531388699635,0.0,1.0591222632997124,0.5798381721461727,0,0,1,0,0,1,0
0.0,0.0,0.1175299727330334,0.1070121727193461,0.05576977528673656,0.09683102336461552,0.08282381548345341,0.288652625310813,0.01587773576051015,0.9105018892545006,0.05576977528673656,0.0,1.3850131945715698,0.9105018892545006,0,0,1,1,0,2,0
0.0,0.0,0.0979212663527382,0.08641571969425829,0.07216202527954481,0.0857286827551999,0.04259260436759819,0.18991654433674987,0.027584535362115633,0.882493052019132,0.07216202527954481,0.0,1.6194247833538709,0.882493052019132,0,0,1,1,0,2,0
0.0,0.0,0.15191063552748055,0.1488381189730843,0.06996383014009938,0.1298876759034371,0.061342189019183764,0.26329195266398986,0.02863574616901,0.9797677344218951,0.06996383014009938,0.0,1.4403238326902406,0.9797677344218951,0,0,1,1,0,2,0
0.0,0.0,0.09087933002548602,0.1416745883436899,0.13250740125139396,0.12668397699106496,0.08316916767400581,0.32319968141019706,0.03349595632926561,1.5589136648597048,0.13250740125139396,0.0,3.016956359183485,1.5589136648597048,1,0,1,1,1,4,1
0.0,0.0,0.06122534893879524,0.056724207673993186,0.023517285915600136,0.04954776255059544,0.06320358601589977,0.19803685453137315,0.004410432854947069,0.9264672589034729,0.023517285915600136,0.0,1.3105712651558974,0.9264672589034729,0,0,1,1,0,2,0
0.0,0.0,0.11048983474098516,0.05226505055456695,0.07234315453977912,0.07184077259747455,0.04828199411558026,0.16798659808689065,0.008953618650870028,0.47302611729821514,0.07234315453977912,0.0,1.127769605383606,0.47302611729821514,0,0,1,0,0,1,0
0.0,0.0,0.19091838506499623,0.14203424731309042,0.06079550986600994,0.13394559738929676,0.13578761266473932,0.5629635132186372,0.010888493742246956,0.7439487994618071,0.06079550986600994,0.0,1.062384299583038,0.7439487994618071,0,0,1,0,0,1,0
0.0,0.0,0.11232964695331532,0.14010197492431298,0.13070898739204523,0.13081064604849663,0.06948143749958932,0.210492990830676,0.02885663813237793,1.2472284165027505,0.13070898739204523,0.0,2.410837733614295,1.2472284165027505,1,0,1,1,1,4,1
0.0,0.0,0.07372894953645137,0.06593454574353064,0.04185799330043055,0.061864008580985806,0.06871507077692636,0.23268289111215157,0.006482353618035925,0.894270864934381,0.04185799330043055,0.0,1.4619912223142049,0.894270864934381,0,0,1,1,0,2,0
0.0,0.0,0.14611348333723967,0.08109901682450135,0.04521246451095154,0.08838099537429848,0.05573026001262081,0.21461328256666368,0.005299408102462106,0.555037495066938,0.04521246451095154,0.0,0.8644692740275415,0.555037495066938,0,0,1,0,0,1,0
0.0,0.0,0.17411561528948835,0.0760126683904685,0.05774822779568549,0.09597229496652772,0.1104294415633043,0.4841943946599809,0.008068173917936947,0.43656183106987767,0.05774822779568549,0.0,0.7682259155093357,0.43656183106987767,0,0,1,0,0,1,0
0.0,0.0,0.10596921041489472,0.0579639944386494,0.05058925694218972,0.0681216140585958,0.07671368524346647,0.27074217026314124,0.00221194565677722,0.5469838571774905,0.05058925694218972,0.0,1.0243751612441956,0.5469838571774905,0,0,1,0,0,1,0
0.0,0.0,0.1631383850024885,0.08334964515127123,0.04446302602219311,0.09357517533180601,0.07110142672404875,0.23687498494870865,0.0124111370954111,0.5109106249848854,0.04446302602219311,0.0,0.7834568652536891,0.5109106249848854,0,0,1,0,0,1,0
0.0,0.0,0.09689220105899712,0.06702702760045662,0.04756055760045494,0.06962670346509131,0.04553605390321022,0.17417541705709016,0.02398880724904333,0.6917619282662016,0.04756055760045494,0.0,1.1826173967680202,0.6917619282662016,0,0,1,0,0,1,0
0.0,0.0,0.09142231297689674,0.08218665237504447,0.04919802339119879,0.07624841027954611,0.04925805580105235,0.22640189033140184,0.032838860311167055,0.8989682138932502,0.04919802339119879,0.0,1.437102545162031,0.8989682138932502,0,0,1,1,0,2,0
0.0,0.0,0.13681022460960596,0.07334855367010067,0.047660820657520385,0.08279203815183195,0.0968866091488962,0.4129344407887363,0.002592663341751665,0.5361296478370287,0.047660820657520385,0.0,0.8844988755339639,0.5361296478370287,0,0,1,0,0,1,0
0.0,0.0,0.11900156467901106,0.14817161976290472,0.07310190493834784,0.12211167728579207,0.07801876162175148,0.26242048452312505,0.01597607205298307,1.2451128272955474,0.07310190493834784,0.0,1.8594013103675522,1.2451128272955474,1,0,1,1,1,4,1
0.0,0.0,0.18280426009783352,0.0601219447941436,0.035239678196990365,0.08457195697077777,0.14628276006820687,0.6090833357689823,0.008199834953953634,0.32888520145409167,0.035239678196990365,0.0,0.5216568874445868,0.32888520145409167,0,0,1,0,0,1,0
0.0,0.0,0.13392428174590829,0.09615259616467264,0.03871151262004572,0.09123524667382484,0.0941719020143298,0.3423841572272167,0.00933143943720274,0.7179570198485717,0.03871151262004572,0.0,1.0070100807448086,0.7179570198485717,0,0,1,0,0,1,0
0.0,0.0,0.10818167752420005,0.14276565447782544,0.11614778172141091,0.12746519205031545,0.07604353920511579,0.2491931066191088,0.013441285101272824,1.3196720375670985,0.11614778172141091,0.0,2.393298466303151,1.3196720375670985,1,0,1,1,1,4,1
0.0,0.0,0.17442693244944207,0.11460854271220636,0.0206351040946944,0.10606978049213732,0.1457861354710512,0.4960927864171837,0.002074220040311846,0.6570538393867945,0.0206351040946944,0.0,0.7753554428336822,0.6570538393867945,0,0,1,0,0,1,0
0.0,0.0,0.0802371369748311,0.0920610970546124,0.08621122785775653,0.08764263973545312,0.03976487570558101,0.17170716269987316,0.012029589938753487,1.1473483872574197,0.08621122785775653,0.0,2.221790430756,1.1473483872574197,0,0,1,1,1,3,1
0.0,0.0,0.09285044826056774,0.0986721761294655,0.1280864806626541,0.10457032029553821,0.06065034582480238,0.29841424498776337,0.04355508814711081,1.0626886061331335,0.1280864806626541,0.0,2.4421660732288193,1.0626886061331335,0,0,1,1,1,3,1
0.0,0.0,0.13328214741510253,0.05432364827658308,0.06739805139700464,0.07733187384131833,0.10555555825653615,0.3908237331873432,0.004351450850756489,0.4075807731895411,0.06739805139700464,0.0,0.913256492169206,0.4075807731895411,0,0,1,0,0,1,0
0.0,0.0,0.12935525643907098,0.08996218128446798,0.06960010713230898,0.09471993153507897,0.11200698411148961,0.4438820525814176,0.018606249307776112,0.6954606121184538,0.06960010713230898,0.0,1.2335104061389834,0.6954606121184538,0,0,1,0,0,1,0
0.0,0.0,0.2934386011739823,0.07519634216756814,0.03332016486336664,0.1192878625931213,0.16001745471666007,0.5514472684787441,0.00789735060629353,0.2562583300506319,0.03332016486336664,0.0,0.3698086645319376,0.2562583300506319,0,0,1,0,0,1,0
0.0,0.0,0.06306686580586027,0.050230257631668745,0.01868817734810315,0.04555388960432522,0.06725831178382478,0.21124692586123953,0.002208240046697769,0.7964477153276581,0.01868817734810315,0.0,1.092766246315061,0.7964477153276581,0,0,1,0,0,1,0
0.0,0.0,0.05661556785015193,0.035233685314357485,0.026990635967144717,0.0385183936115029,0.03787630180646706,0.1527088018315488,0.003343262586234056,0.6223211093899422,0.026990635967144717,0.0,1.0990479226185597,0.6223211093899422,0,0,1,0,0,1,0
0.0,0.0,0.11883379330525498,0.0692534231842423,0.06777362205517823,0.08127856543222944,0.07301945300939362,0.2687494982522128,0.02997011623681986,0.5827705948572542,0.06777362205517823,0.0,1.153088598281435,0.5827705948572542,0,0,1,0,0,1,0
0.0,0.0,0.029708756038755668,0.04946929122473922,0.029424344842219667,0.03951792083261345,0.0675247517984693,0.25733180890813734,0.0032125534757034635,1.6650857435587054,0.029424344842219667,0.0,2.655479094612693,1.6650857435587054,1,0,1,1,1,4,1
0.0,0.0,0.10497396563680994,0.08849102958865938,0.042132503705898404,0.08102213213000678,0.05734532074000221,0.19449852693264263,0.0062381890934241,0.8429726940308672,0.042132503705898404,0.0,1.2443303267798742,0.8429726940308672,0,0,1,0,0,1,0
0.0,0.0,0.11182112357465893,0.11969287528723338,0.05743686708629509,0.1021609353088552,0.07674688552626639,0.2822146169859278,0.01314237498588963,1.0703863552306756,0.05743686708629509,0.0,1.5840312874693923,1.0703863552306756,0,0,1,1,1,3,1
0.0,0.0,0.15650153837901448,0.14349328910955983,0.076885520347282,0.13009340923635404,0.09277404214557065,0.2943861895562775,0.02798215664352465,0.9168751548428619,0.076885520347282,0.0,1.4081484667241189,0.9168751548428619,0,0,1,1,0,2,0
0.0,0.0,0.13225942261148105,0.10428576017060345,0.06360248377946953,0.10110835668303936,0.08703594933560391,0.32247032472480974,0.004230403693626461,0.7884880307463253,0.06360248377946953,0.0,1.2693762853249737,0.7884880307463253,0,0,1,0,0,1,0
0.0,0.0,0.09002043635796295,0.06631258843871427,0.07709759516124527,0.07493580209915918,0.03678253160114089,0.15603473239395196,0.026236933075601,0.73663108612295,0.07709759516124527,0.0,1.5930670449391695,0.73663108612295,0,0,1,1,0,2,0
0.0,0.0,0.22322768730768325,0.1727107448715459,0.07619564422511979,0.16121120531897368,0.13465767233437637,0.423621574285479,0.012784487754041791,0.7736942189401183,0.07619564422511979,0.0,1.115028682463155,0.7736942189401183,0,0,1,0,0,1,0
0.0,0.0,0.07011154504704646,0.026847959036379408,0.032923918366522566,0.039182845371581954,0.030377024143469992,0.11818352739064723,0.010576529623095007,0.38292660776133663,0.032923918366522566,0.0,0.8525133036148416,0.38292660776133663,0,0,1,0,0,1,0
0.0,0.0,0.21543432685855274,0.09217877739829529,0.1624056278270238,0.1405493773705418,0.08107598250045259,0.29196023333815685,0.04366804119921727,0.4278721542210978,0.1624056278270238,0.0,1.1817207926742224,0.4278721542210978,0,0,1,0,0,1,0
0.0,0.0,0.12417488786761496,0.08565856497499186,0.07727163994057265,0.09319091443954283,0.03608078425464719,0.14470585796668592,0.02006223152364205,0.6898164083699826,0.07727163994057265,0.0,1.3120921276541697,0.6898164083699826,0,0,1,1,0,2,0
0.0,0.0,0.1478963909982864,0.10752382804073689,0.07713639929508787,0.11002011159371203,0.0756577248118621,0.3035256084161761,0.008547237319358643,0.7270163950490696,0.07713639929508787,0.0,1.2485698773277503,0.7270163950490696,0,0,1,0,0,1,0
0.0,0.0,0.10445035555946854,0.09539769108999333,0.053462015501343225,0.0871769383101996,0.0870556390950801,0.2805957372166335,0.0053088520961060304,0.9133217140076216,0.053462015501343225,0.0,1.425158206841887,0.9133217140076216,0,0,1,1,0,2,0
0.0,0.0,0.0645612229377394,0.05493703233988824,0.01731280557543228,0.047937023298237035,0.06272249485482174,0.2119946592023967,0.0012044283461064822,0.850916059579714,0.01731280557543228,0.0,1.1190729598173017,0.850916059579714,0,0,1,0,0,1,0
0.0,0.0,0.11971546654207302,0.07302100156742837,0.056014358217589946,0.08044295697362992,0.04448205665213569,0.18278088594225828,0.016948397030550563,0.6099495222051676,0.056014358217589946,0.0,1.077841365620913,0.6099495222051676,0,0,1,0,0,1,0
0.0,0.0,0.046339069033310636,0.03405907138372103,0.033900689554811875,0.03708947533889114,0.039493531358276386,0.11508246009276632,0.005757287438956238,0.734981023857309,0.033900689554811875,0.0,1.4665442317248465,0.734981023857309,0,0,1,1,0,2,0
0.0,0.0,0.0700425026534533,0.09655231907479994,0.038569733706896106,0.07542921862748733,0.06365536526926545,0.2434482128572139,0.017638511815614124,1.3784621758923374,0.038569733706896106,0.0,1.9291161587138905,1.3784621758923374,1,0,1,1,1,4,1
0.0,0.0,0.0847273723491663,0.022919988838117387,0.012813063421285586,0.03584510336167167,0.07436350580060856,0.309408937011275,0.00046603516629416486,0.2705113789235078,0.012813063421285586,0.0,0.42173655965143264,0.2705113789235078,0,0,1,0,0,1,0
0.0,0.0,0.20940159166017408,0.11329641820996378,0.10997528199869212,0.13649242751969842,0.10265465532843389,0.36265643260292024,0.022665822068827883,0.5410459216943466,0.10997528199869212,0.0,1.0662317903447398,0.5410459216943466,0,0,1,0,0,1,0
0.0,0.0,0.07340964926836042,0.1075482339044861,0.06341329223327288,0.08797985232765138,0.04982506758380095,0.2047887833092752,0.011684540997736031,1.4650222410011946,0.06341329223327288,0.0,2.328838224993638,1.4650222410011946,1,0,1,1,1,4,1
0.0,0.0,0.202519648342985,0.08897582074802396,0.08639299821509425,0.1167160720135318,0.14432672773608907,0.616722487985513,0.016596080507593283,0.4393419706880271,0.08639299821509425,0.0,0.8659305626264686,0.4393419706880271,0,0,1,0,0,1,0
0.0,0.0,0.10481926148685873,0.07734330365309075,0.029901921385689655,0.07235194754468247,0.0783782060849336,0.25554019466439876,0.010880750586724296,0.7378659674760232,0.029901921385689655,0.0,1.0231344924876542,0.7378659674760232,0,0,1,0,0,1,0
0.0,0.0,0.0575376485751716,0.108611561022713,0.06682890228269256,0.08539741822582253,0.06134458941545897,0.22602547069087503,0.007348118326065506,1.8876279459503984,0.06682890228269256,0.0,3.049089049705445,1.8876279459503984,1,0,1,1,1,4,1
0.0,0.0,0.11560595444098556,0.11162954577734585,0.04800911367631863,0.09671853991799895,0.04907114064864252,0.20108308445186804,0.01545504654582346,0.9655954204236902,0.04800911367631863,0.0,1.3808741889758542,0.9655954204236902,0,0,1,1,0,2,0
0.0,0.0,0.16278970475599333,0.11800442686542371,0.0693249097315229,0.11703086705459088,0.13652910118994188,0.4615896821162244,0.01928498257860926,0.7248843049257654,0.0693249097315229,0.0,1.150737303322903,0.7248843049257654,0,0,1,0,0,1,0
0.0,0.0,0.1251399936165228,0.08541308843615872,0.03957955615339747,0.08388643166055942,0.0495652876861304,0.20153744085682576,0.028328893672643542,0.6825348430418833,0.03957955615339747,0.0,0.998814544917062,0.6825348430418833,0,0,1,0,0,1,0
0.0,0.0,0.06374940339689544,0.06515389368027218,0.04569132037370875,0.05993712778278713,0.038644580344114256,0.13123314748691103,0.0011196700332000138,1.0220153945479988,0.04569132037370875,0.0,1.7387374533755333,1.0220153945479988,0,0,1,1,1,3,1
0.0,0.0,0.12271971702266474,0.08152640373760606,0.09163023152067867,0.09435068900463887,0.054970477818387584,0.23921956672851127,0.02662391282034508,0.6643247017742677,0.09163023152067867,0.0,1.4109812870984546,0.6643247017742677,0,0,1,1,0,2,0
0.0,0.0,0.16877567837386342,0.08531508611661931,0.07989566866677533,0.10482537981846936,0.07587674782407157,0.2821082045374599,0.008433646993427137,0.5054909655683276,0.07989566866677533,0.0,0.9788719411661262,0.5054909655683276,0,0,1,0,0,1,0
0.0,0.0,0.03578329601397194,0.020552659406449722,0.012050808631872918,0.02223485586468608,0.01790409939722059,0.07691288641488803,0.0038316062187791927,0.574348574537416,0.012050808631872918,0.0,0.9111110646299329,0.574348574537416,0,0,1,0,0,1,0
0.0,0.0,0.030913609073120324,0.024173054124637692,0.025032526317196144,0.026073060909897965,0.017660046440846858,0.07325234094072335,0.005888280061910249,0.7819298011326209,0.025032526317196144,0.0,1.591661092186256,0.7819298011326209,0,0,1,1,0,2,0
0.0,0.0,0.2612056415663852,0.1798747363782514,0.10039605138274033,0.18033779142640713,0.13201412454444988,0.3841318116743965,0.00469046620132787,0.6886300260192143,0.10039605138274033,0.0,1.0729849213644953,0.6886300260192143,0,0,1,0,0,1,0
0.0,0.0,0.14027081675309128,0.08151377737190883,0.045220700718988135,0.08712976805397427,0.08744491292880972,0.3882621834711096,0.008634104818690518,0.5811130080063817,0.045220700718988135,0.0,0.9034920985872525,0.5811130080063817,0,0,1,0,0,1,0
0.0,0.0,0.046164499349505735,0.046094309674724825,0.06203918790804708,0.05009807665175061,0.07262288148877317,0.22901582848130603,0.002312183862048865,0.9984579463932155,0.06203918790804708,0.0,2.3423010496241847,0.9984579463932155,0,0,1,1,0,2,0
0.0,0.0,0.019374126019450745,0.031088166436920753,0.015263324475814067,0.024203445842276582,0.028810497834258285,0.09503982873146384,0.0006608959939917516,1.6045400894792246,0.015263324475814067,0.0,2.3923194546555426,1.6045400894792246,1,0,1,1,1,4,1
0.0,0.0,0.15074644679520763,0.08391700483609035,0.09289364401764066,0.10286852512125726,0.05796814539553856,0.22684205679530056,0.013665470881632403,0.5566728101875762,0.09289364401764066,0.0,1.1728931574803425,0.5566728101875762,0,0,1,0,0,1,0
0.0,0.0,0.02186577544412056,0.028988764159850786,0.06672987775493394,0.03664329537968901,0.06985705478702584,0.2564145414369764,0.00019722998581709085,1.3256990832475555,0.06672987775493394,0.0,4.377355141337088,1.3256990832475555,1,0,1,1,1,4,1
0.0,0.0,0.1264603606688537,0.09253942762565018,0.06925829130876537,0.09519937680722988,0.0873275910858641,0.37549044476105353,0.018931387490632817,0.7317604929775345,0.06925829130876537,0.0,1.2794241504177086,0.7317604929775345,0,0,1,0,0,1,0
0.0,0.0,0.06987143726787218,0.08433900804196583,0.04465660617457315,0.07080151488159425,0.03259026219659069,0.12022538479701506,0.025597365647923743,1.2070425956179645,0.04465660617457315,0.0,1.8461587896526983,1.2070425956179645,1,0,1,1,1,4,1
0.0,0.0,0.17945800618565716,0.13380442865790482,0.05891194696918027,0.1264947026176618,0.06597089573461533,0.24735693107682144,0.006318322868447709,0.7455988501322639,0.05891194696918027,0.0,1.073874082573001,0.7455988501322639,0,0,1,0,0,1,0
0.0,0.0,0.015640124465202757,0.05781655594182256,0.0164209573978402,0.03692354843667201,0.061827232997257585,0.20830125009931913,0.0006726698031974099,3.6964449755801545,0.0164209573978402,0.0,4.746302831667954,3.6964449755801545,1,0,1,1,1,4,1
0.0,0.0,0.15467311106344314,0.12153308634554032,0.0594519474690756,0.11429780780589985,0.059105678196948085,0.23668966742977116,0.012759489953764356,0.7857364461961622,0.0594519474690756,0.0,1.1701055371857334,0.7857364461961622,0,0,1,0,0,1,0
0.0,0.0,0.08132016719525598,0.12096186151888803,0.1081735602837945,0.10785436262920664,0.059830082376397566,0.25263385473464484,0.017212169801457136,1.487458501775471,0.1081735602837945,0.0,2.817660268605313,1.487458501775471,1,0,1,1,1,4,1
0.0,0.0,0.12882932302882577,0.10744760809096558,0.08527787956904267,0.10725060469494993,0.054527461690150276,0.2209234003264652,0.04147857782381049,0.8340242076931236,0.08527787956904267,0.0,1.4959637073710197,0.8340242076931236,0,0,1,1,0,2,0
0.0,0.0,0.03238172758012536,0.04992441021319982,0.02516953315535788,0.039350020290470716,0.019270788017058105,0.0857105002454346,0.008499294489525936,1.5416987370711948,0.02516953315535788,0.0,2.3189505325871935,1.5416987370711948,1,0,1,1,1,4,1
0.0,0.0,0.07159823743991373,0.06755142854998673,0.11840709550977202,0.0812770475124148,0.038122430270538,0.18514877556716505,0.013292927486705929,0.943465754180358,0.11840709550977202,0.0,2.5972137512751536,0.943465754180358,0,0,1,1,0,2,0
0.0,0.0,0.11847268218118934,0.13537180980489763,0.10361361798757628,0.12320747994464024,0.05496291253792049,0.2648599557977766,0.05063359453067993,1.1426319104175804,0.10361361798757628,0.0,2.0172026680742334,1.1426319104175804,0,0,1,1,1,3,1
0.0,0.0,0.06948714785386509,0.08033991549018887,0.05183973708157507,0.07050167897895449,0.04501536285335444,0.13280679516459476,0.003317478265298176,1.1561671734170447,0.05183973708157507,0.0,1.9021898935879007,1.1561671734170447,0,0,1,1,1,3,1
0.0,0.0,0.12955789618454985,0.045152642871911855,0.03145593543363666,0.06282977934050256,0.12161519751724723,0.48967462934603834,0.0069069373993188125,0.34851055544340453,0.03145593543363666,0.0,0.5913031104897931,0.34851055544340453,0,0,1,0,0,1,0
0.0,0.0,0.1450101707040794,0.11362986187255632,0.11797633100035662,0.12256155636238716,0.05690169841613639,0.2274494111828833,0.0515033317167763,0.7835938522587192,0.11797633100035662,0.0,1.5971610445483941,0.7835938522587192,0,0,1,1,0,2,0
0.0,0.0,0.1132394446197535,0.06669860267176597,0.03191716582887919,0.06963845394804116,0.03767439959101539,0.1486180504417958,0.009906855807894941,0.5889998303674195,0.03191716582887919,0.0,0.8708528903412904,0.5889998303674195,0,0,1,0,0,1,0
0.0,0.0,0.13340431800179992,0.0474044882092453,0.04293981592412175,0.06778827758610306,0.0940070182318117,0.41412048752470937,0.001803458804598116,0.3553418178472144,0.04293981592412175,0.0,0.6772166618736153,0.3553418178472144,0,0,1,0,0,1,0
0.0,0.0,0.09520883765604835,0.09901523874403786,0.05343087463106705,0.08666754744379779,0.04405252610848015,0.1880551758270976,0.033676161282607205,1.0399685702830077,0.05343087463106705,0.0,1.601159261775304,1.0399685702830077,0,0,1,1,1,3,1
0.0,0.0,0.09694313685097702,0.1392881531746224,0.0807162534826634,0.1140589241707213,0.0702865264918559,0.30335670843115736,0.03445005197648115,1.436787800676763,0.0807162534826634,0.0,2.269393630225184,1.436787800676763,1,0,1,1,1,4,1
0.0,0.0,0.08851644391638827,0.06696459034720657,0.08972313232172119,0.07804218923313065,0.037769570384746,0.14985066725780455,0.02694093565513518,0.7565129242825847,0.08972313232172119,0.0,1.7701338373138262,0.7565129242825847,0,0,1,1,0,2,0
0.0,0.0,0.12045341831611128,0.10036196561091619,0.08514835256028122,0.10158142552455622,0.04363506303226281,0.1715844256174902,0.023434302962800503,0.8331945561974654,0.08514835256028122,0.0,1.5400872858342018,0.8331945561974654,0,0,1,1,0,2,0
0.0,0.0,0.038275196946165616,0.05373620173611345,0.05185751888014556,0.04940127982463453,0.03004123596729707,0.09862260861638157,0.0034892649420390246,1.4039065012569534,0.05185751888014556,0.0,2.758730726690888,1.4039065012569534,1,0,1,1,1,4,1
0.0,0.0,0.1401453737800269,0.12966710523696998,0.11850713819053338,0.12949668061112507,0.06474104006281045,0.2504192017835384,0.021917302859117412,0.9252262597995926,0.11850713819053338,0.0,1.7708217254128638,0.9252262597995926,0,0,1,1,0,2,0
0.0,0.0,0.17695417264204377,0.17674839283035554,0.09746841096695016,0.15697984231742626,0.1025534790984873,0.3361839913710508,0.012844792338866883,0.998831456528787,0.09746841096695016,0.0,1.5496399438518194,0.998831456528787,0,0,1,1,0,2,0
0.0,0.0,0.07505275333207156,0.0991950904633937,0.07712643140489749,0.08764234141593912,0.0700372933034942,0.31380146595067954,0.02549055638180024,1.3216539621211214,0.07712643140489749,0.0,2.3492698771261376,1.3216539621211214,1,0,1,1,1,4,1
0.0,0.0,0.05197327809145738,0.02427776803420703,0.025295930018286582,0.03145618604453951,0.034176401407822465,0.15342797021185628,0.009561406196685975,0.4671112120400453,0.025295930018286582,0.0,0.9538121523354389,0.4671112120400453,0,0,1,0,0,1,0
0.0,0.0,0.19603505439929886,0.10178817764176025,0.09750219488755205,0.12427840114259285,0.10873417356903732,0.4484384839634175,0.02067129986026001,0.5192319237074193,0.09750219488755205,0.0,1.0166006102295084,0.5192319237074193,0,0,1,0,0,1,0
0.0,0.0,0.05406345160253906,0.020747364449449097,0.013883795352950305,0.02736049396359689,0.04536325403172741,0.18927238077081057,0.004076711493429164,0.3837524257524278,0.013883795352950305,0.0,0.6405532429514739,0.3837524257524278,0,0,1,0,0,1,0
0.0,0.0,0.07509197640676965,0.07418047767567666,0.045061201641842366,0.06712853334999133,0.0409191860537104,0.14596717664172856,0.008467811064525793,0.9878484143956408,0.045061201641842366,0.0,1.5879205356250783,0.9878484143956408,0,0,1,1,0,2,0
0.0,0.0,0.07943938954686533,0.16639059153267272,0.12593690450573589,0.13453936927948665,0.07732940739722219,0.3216866066795346,0.04669344486943448,2.094533932698199,0.12593690450573589,0.0,3.6798346245010785,2.094533932698199,1,0,1,1,1,4,1
0.0,0.0,0.17809843559606686,0.09282368191059905,0.09988306161728067,0.1159072152586364,0.0777323678468471,0.34755433670017527,0.006850032102250518,0.5211902081549828,0.09988306161728067,0.0,1.0820177104038808,0.5211902081549828,0,0,1,0,0,1,0
0.0,0.0,0.3051058215456128,0.11971364341357224,0.07592557582259073,0.155114671048837,0.12830428745831055,0.5273484252883498,0.0393597647156714,0.392366328642296,0.07592557582259073,0.0,0.6412154872352317,0.392366328642296,0,0,1,0,0,1,0
0.0,0.0,0.17361953172291092,0.12710328223495365,0.11635892789146772,0.13604625602107148,0.07708813427215117,0.26244266919729387,0.032173358160332524,0.7320751812798483,0.11635892789146772,0.0,1.402266239542303,0.7320751812798483,0,0,1,1,0,2,0
0.0,0.0,0.04912560743072749,0.02326444489487939,0.01556963543014619,0.027806033162658114,0.03250041830417267,0.14454786317615864,0.006213847970320243,0.473560990908728,0.01556963543014619,0.0,0.7904897642236907,0.473560990908728,0,0,1,0,0,1,0
0.0,0.0,0.10699143154931229,0.07019731337777202,0.03969851271183433,0.07177114275417266,0.031258639337176986,0.14973721956212113,0.028027208444819353,0.656096065499908,0.03969851271183433,0.0,1.0271364478613227,0.656096065499908,0,0,1,0,0,1,0
0.0,0.0,0.15897480204566652,0.1812102696169258,0.10763111180648977,0.157256613271502,0.11301514422097002,0.3399332252330032,0.00783590968251214,1.1398607038627948,0.10763111180648977,0.0,1.8168889711935186,1.1398607038627948,0,0,1,1,1,3,1
0.0,0.0,0.15770906405729224,0.05955201068207021,0.1048536970462753,0.09541669561692698,0.07706165156091875,0.3587642695523712,0.015876611794012986,0.37760437824967474,0.1048536970462753,0.0,1.0424553988426566,0.37760437824967474,0,0,1,0,0,1,0
0.0,0.0,0.1343063428220599,0.07662497569876821,0.06192092816577963,0.08736930559634397,0.06690895023904128,0.2177865489610289,0.008346304106331108,0.5705196312333164,0.06192092816577963,0.0,1.0315586694921328,0.5705196312333164,0,0,1,0,0,1,0
0.0,0.0,0.187148218532666,0.12454837977736213,0.12019534177734972,0.13911007996618496,0.09201536869675564,0.3905644871063745,0.03279600207951361,0.6655030715804074,0.12019534177734972,0.0,1.3077464254118325,0.6655030715804074,0,0,1,1,0,2,0
0.0,0.0,0.041822084776798905,0.06488951187984032,0.059336870602154146,0.05773449478465841,0.04015581657469444,0.1497187685840744,0.010491423033077195,1.5515238109800398,0.059336870602154146,0.0,2.9702826356536063,1.5515238109800398,1,0,1,1,1,4,1
0.0,0.0,0.13280309704120105,0.08109472936911523,0.09000571334685233,0.09624956728157097,0.05346115065511199,0.26327495865248407,0.032740724147754335,0.6106342437911118,0.09000571334685233,0.0,1.2883672004703701,0.6106342437911118,0,0,1,0,0,1,0
0.0,0.0,0.1431147526412108,0.04673793368867548,0.02038466836571076,0.06424382209606813,0.13086516967395348,0.526658435565746,0.0028618737713466944,0.3265743485683706,0.02038466836571076,0.0,0.4690091818380166,0.3265743485683706,0,0,1,0,0,1,0
0.0,0.0,0.13914893389097469,0.11088228680213112,0.05857570268899895,0.10487230254605898,0.10615319135607798,0.38509879164094696,0.019583350328374157,0.7968547573224753,0.05857570268899895,0.0,1.2178086237820422,0.7968547573224753,0,0,1,0,0,1,0
0.0,0.0,0.09045909725544424,0.0898166974295472,0.05033967831442953,0.08010804260724205,0.03552699736191821,0.1574776873316945,0.021438958900461887,0.9928874736439849,0.05033967831442953,0.0,1.5493723751832644,0.9928874736439849,0,0,1,1,0,2,0
0.0,0.0,0.20151082097674722,0.14209699040435345,0.13653149383649477,0.1555590739054872,0.07551735600633804,0.3471169289137314,0.033863409162996815,0.7051546143327753,0.13653149383649477,0.0,1.3826905185527532,0.7051546143327753,0,0,1,1,0,2,0
0.0,0.0,0.13244622912944815,0.12175338741588429,0.07819993273649488,0.1135382341744279,0.05223515316655776,0.26133667200988697,0.0430173578047115,0.9192596041166542,0.07819993273649488,0.0,1.5096829240342469,0.9192596041166542,0,0,1,1,0,2,0
0.0,0.0,0.029343746549897264,0.04755754555372202,0.029577028535697332,0.038508966548259645,0.04342034435049021,0.1478544288335534,0.0022481663458890342,1.620649388566231,0.029577028535697332,0.0,2.6285650127616926,1.620649388566231,1,0,1,1,1,4,1
0.0,0.0,0.08568683990140437,0.03385630625438127,0.006931690639242318,0.0400827857623523,0.07454091716900534,0.30160517565052875,0.0016291005073100072,0.3951121453561859,0.006931690639242318,0.0,0.4760068282799027,0.3951121453561859,0,0,1,0,0,1,0
0.0,0.0,0.12353306833699013,0.09439798469343424,0.13289607149855873,0.11130627730560434,0.05291233032036587,0.18553372595142667,0.03316329928189143,0.7641453565337524,0.13289607149855873,0.0,1.8399301443870097,0.7641453565337524,0,0,1,1,0,2,0
0.0,0.0,0.0782374954538313,0.09166176885490239,0.10042955437203184,0.09049764688391698,0.06673097491024084,0.31521754231159366,0.025517472718254296,1.1715686545760864,0.10042955437203184,0.0,2.4552021624736855,1.1715686545760864,0,0,1,1,1,3,1
0.0,0.0,0.09533089301305844,0.07765884391642605,0.11086456021825189,0.09037828526604061,0.05705333413042028,0.25345019179929784,0.03471419693067431,0.8146155652839961,0.11086456021825189,0.0,1.9775481024892083,0.8146155652839961,0,0,1,1,0,2,0
0.0,0.0,0.13295064571039944,0.07727761026611284,0.037320264242003735,0.08120653262115722,0.05863578493830224,0.2639365883190089,0.025762052704762207,0.5812459849834578,0.037320264242003735,0.0,0.8619515305416994,0.5812459849834578,0,0,1,0,0,1,0
0.0,0.0,0.12614068315800414,0.05988697484115296,0.05638231658821202,0.07557423735713052,0.06639973989825942,0.2681672297639708,0.010911331649197128,0.4747595984282133,0.05638231658821202,0.0,0.9217356905229093,0.4747595984282133,0,0,1,0,0,1,0
0.0,0.0,0.12221670252938321,0.07932326104876625,0.06647389918438014,0.08683428095282394,0.04829846002732206,0.18800872243453656,0.010713561461554943,0.6490325002607178,0.06647389918438014,0.0,1.192929970174282,0.6490325002607178,0,0,1,0,0,1,0
0.0,0.0,0.10240308615827892,0.08128679916594854,0.08672764005508898,0.08792608113631624,0.043324458585799225,0.19056717821623545,0.026041294266566477,0.7937847230071381,0.08672764005508898,0.0,1.6407005376850805,0.7937847230071381,0,0,1,1,0,2,0
0.0,0.0,0.12053666084051379,0.03749306713083626,0.025030542835170477,0.0551383344843392,0.11540612412728324,0.466522934997058,0.0018636882189091584,0.3110485707902049,0.025030542835170477,0.0,0.5187060171072442,0.3110485707902049,0,0,1,0,0,1,0
0.0,0.0,0.12677529626455475,0.09407924900293564,0.06907600870180704,0.09600245074305827,0.05557735808531935,0.24631578350784145,0.0293680331370422,0.7420886378208476,0.06907600870180704,0.0,1.286953969409809,0.7420886378208476,0,0,1,0,0,1,0
0.0,0.0,0.1350643230146602,0.12485011848062433,0.10009480879708468,0.12121484219324838,0.09361581523453871,0.24916996525235996,0.009158073614408806,0.9243684144380486,0.10009480879708468,0.0,1.665452850938602,0.9243684144380486,0,0,1,1,0,2,0
0.0,0.0,0.05325455566571022,0.06304712415622804,0.04479215307052482,0.05603523926217278,0.039394839287037485,0.18172989939979817,0.010662948987281285,1.1838600380396058,0.04479215307052482,0.0,2.0249394805617924,1.1838600380396058,0,0,1,1,1,3,1
0.0,0.0,0.20365155083296313,0.10680089147103691,0.09020464558835962,0.12686449484084916,0.06957924329849724,0.3552026889318388,0.04389487858562688,0.524426976407654,0.09020464558835962,0.0,0.96736100900097,0.524426976407654,0,0,1,0,0,1,0
0.0,0.0,0.10332724279143543,0.06045168952666383,0.07267418357127123,0.07422620135400859,0.04877225694982301,0.17912544908471628,0.02526065698481149,0.5850451715189188,0.07267418357127123,0.0,1.2883783707291445,0.5850451715189188,0,0,1,0,0,1,0
0.0,0.0,0.07159788860697426,0.08446531653185424,0.052990597516946965,0.07337977979690742,0.04336959385629032,0.18372665618871367,0.007033434164569554,1.1797015034061114,0.052990597516946965,0.0,1.9198051355703862,1.1797015034061114,0,0,1,1,1,3,1
0.0,0.0,0.03468595608426349,0.017641994623512965,0.005470932315752304,0.01886021941176043,0.02049648538931325,0.07728935941777619,0.0013133891767281925,0.5086060183734786,0.005470932315752304,0.0,0.6663290628073001,0.5086060183734786,0,0,1,0,0,1,0
0.0,0.0,0.08765976673782898,0.10384685508869777,0.08431650783563391,0.09491749618771461,0.05437550911830489,0.18676749183796343,0.011949951575658887,1.1846446130145913,0.08431650783563391,0.0,2.14649460558656,1.1846446130145913,0,0,1,1,1,3,1
0.0,0.0,0.052938689827961675,0.08176792212680484,0.052085066600979224,0.06713990017063765,0.06323843103585355,0.2209834354736387,0.009055348716328772,1.5445485682391866,0.052085066600979224,0.0,2.528405231741377,1.5445485682391866,1,0,1,1,1,4,1
0.0,0.0,0.12952968990389613,0.14487564078866783,0.11723625215398839,0.134129305908805,0.09174981171896407,0.27956440804367766,0.010180580623051732,1.118465754302372,0.11723625215398839,0.0,2.0235505048041302,1.118465754302372,0,0,1,1,1,3,1
0.0,0.0,0.054269613049738256,0.1264610648073713,0.08648524282806795,0.0984192463731372,0.0858176693015363,0.3338398070702646,0.00939954123493553,2.3301941456137873,0.08648524282806795,0.0,3.923786662226884,2.3301941456137873,1,0,1,1,1,4,1
0.0,0.0,0.09980713919344186,0.04900382164127822,0.040969786685287904,0.059696142290321545,0.05565134356195563,0.22229097654613725,0.005246195142476704,0.4909802150133477,0.040969786685287904,0.0,0.9014656425182411,0.4909802150133477,0,0,1,0,0,1,0
0.0,0.0,0.05177434306854611,0.03138780875413566,0.014871581726029004,0.03235538557571161,0.04075850277831876,0.15655247256239685,0.004329345173747623,0.6062308213502496,0.014871581726029004,0.0,0.893463717254779,0.6062308213502496,0,0,1,0,0,1,0
0.0,0.0,0.15551105323306846,0.09114847115261022,0.06817796747965829,0.1014964907544868,0.095256637195961,0.3305223776872536,0.00983413693474332,0.5861183699761492,0.06817796747965829,0.0,1.024527908415455,0.5861183699761492,0,0,1,0,0,1,0
0.0,0.0,0.12470062791967593,0.08513500218633228,0.047543494005740594,0.08562853157452027,0.04673759344020695,0.18669130095590952,0.016972375931178948,0.6827096294297802,0.047543494005740594,0.0,1.063967635430831,0.6827096294297802,0,0,1,0,0,1,0
0.0,0.0,0.15186998311381378,0.0526857199573167,0.09329433022057045,0.08763393831225441,0.10530499349072636,0.4246539043063098,0.007710370833673801,0.34691103512402655,0.09329433022057045,0.0,0.9612109382902203,0.34691103512402655,0,0,1,0,0,1,0
0.0,0.0,0.12944190847385437,0.10578509185217795,0.07025032057197805,0.10281560318754707,0.07823184457536517,0.31796840730966525,0.020790701823189525,0.8172335827384861,0.07025032057197805,0.0,1.3599463616789222,0.8172335827384861,0,0,1,1,0,2,0
0.0,0.0,0.021137334834056113,0.01713175844600491,0.010727168610852756,0.016532005084229674,0.016328610405204447,0.06928934561617321,0.0024958583048456206,0.8104592239878715,0.010727168610852756,0.0,1.3179338521960566,0.8104592239878715,0,0,1,1,0,2,0
0.0,0.0,0.1295257222983756,0.10243635652065834,0.07269496299514255,0.1017733495837087,0.0951146808664175,0.3538418495104021,0.01098136339029804,0.7908511440958697,0.07269496299514255,0.0,1.3520863989159804,0.7908511440958697,0,0,1,1,0,2,0
0.0,0.0,0.12147645665989176,0.037036829034906626,0.01826596324375336,0.053454019493364584,0.11109891030597553,0.4557263285696245,0.001489130238324989,0.30488643780714814,0.01826596324375336,0.0,0.45525148286150546,0.30488643780714814,0,0,1,0,0,1,0
0.0,0.0,0.12828158878375306,0.10344707501198927,0.13252121294397265,0.11692423793792606,0.07172102285292385,0.2488100046228602,0.031438854937769996,0.8063999642723986,0.13252121294397265,0.0,1.8394412694129165,0.8063999642723986,0,0,1,1,0,2,0
0.0,0.0,0.13639693885080545,0.16967316940188648,0.15699735780725427,0.15818515886545817,0.09120457095018758,0.28169307011891126,0.024783083075673208,1.2439569896102176,0.15699735780725427,0.0,2.3949814048616886,1.2439569896102176,1,0,1,1,1,4,1
0.0,0.0,0.07287959247794325,0.04079296414365359,0.061489684256331,0.05398880125539537,0.026369062563454466,0.13014155606188535,0.018910288487633795,0.5597232782650507,0.061489684256331,0.0,1.403427784028233,0.5597232782650507,0,0,1,1,0,2,0
0.0,0.0,0.07306151282875849,0.04814395096103471,0.04854598971312826,0.054473851115989055,0.03260123445460596,0.10849115446576514,0.006831953404451124,0.6589418991634317,0.04854598971312826,0.0,1.3233864663371444,0.6589418991634317,0,0,1,1,0,2,0
0.0,0.0,0.0589510287105752,0.0652191037075566,0.03373240858748915,0.05578041117829439,0.030623504589539375,0.10991583041142577,0.015078643933052189,1.1063080462887813,0.03373240858748915,0.0,1.678509026056557,1.1063080462887813,0,0,1,1,1,3,1
0.0,0.0,0.05811535086904998,0.14197700430194718,0.06265141393492514,0.10118019335196737,0.10600278905539055,0.43975930633910415,0.011783175636750914,2.4429786485021276,0.06265141393492514,0.0,3.521012850547844,2.4429786485021276,1,0,1,1,1,4,1
0.0,0.0,0.04352298559179762,0.03747336763985372,0.04788071262322515,0.04158760837368255,0.041688642514953515,0.1373011960981222,0.004898651227179185,0.8609819879849382,0.04788071262322515,0.0,1.9610814382579063,0.8609819879849382,0,0,1,1,0,2,0
0.0,0.0,0.2486468811599106,0.0956858180807878,0.08168932291961543,0.1304269600602754,0.08462254020517548,0.26222376501627687,0.003636650761375727,0.3848245866179341,0.08168932291961543,0.0,0.7133587472089884,0.3848245866179341,0,0,1,0,0,1,0
0.0,0.0,0.20361741624296045,0.19568092169715628,0.1236112144913292,0.17964761853215055,0.11976301271831506,0.4666123429329683,0.03974747832424108,0.9610177964632971,0.1236112144913292,0.0,1.5680906574162796,0.9610177964632971,0,0,1,1,0,2,0
0.0,0.0,0.14793161901864738,0.03651561317089646,0.04527255173743781,0.06655884927446953,0.10342097691344296,0.45815673514282346,0.0076339903337985186,0.2468394963405167,0.04527255173743781,0.0,0.5528744468319364,0.2468394963405167,0,0,1,0,0,1,0
0.0,0.0,0.11682534449852033,0.16365974408036932,0.10910274766604658,0.13831189508132638,0.06054727998653127,0.30367475871388633,0.047563413101342544,1.4008804673541946,0.10910274766604658,0.0,2.3347686938015126,1.4008804673541946,1,0,1,1,1,4,1
0.0,0.0,0.025408032618398888,0.01706823940749488,0.007081762612797577,0.016656568511546555,0.017692924615079365,0.06950186516914969,0.00027894521290126916,0.6717390490158066,0.007081762612797577,0.0,0.950449487116847,0.6717390490158066,0,0,1,0,0,1,0
0.0,0.0,0.12263478198423475,0.06822506500985048,0.07565477179975019,0.08368492095092148,0.05097262739339671,0.20711819134601347,0.0100453748523888,0.5563226646087767,0.07565477179975019,0.0,1.1732288446458223,0.5563226646087767,0,0,1,0,0,1,0
0.0,0.0,0.1451932984046858,0.10638200975189005,0.08578642492344479,0.11093593570797766,0.05696731390391722,0.21990987763632677,0.028724886315926425,0.7326872399312948,0.08578642492344479,0.0,1.3235260391542554,0.7326872399312948,0,0,1,1,0,2,0
0.0,0.0,0.03701459334637804,0.028286429030838226,0.029436279616850435,0.03075593275622623,0.016635114880055108,0.06567248105067047,0.006451765136471492,0.7641760261991326,0.029436279616850435,0.0,1.55941600361613,0.7641760261991326,0,0,1,1,0,2,0
0.0,0.0,0.13366814846438282,0.0772623716243097,0.10050489402028899,0.0971744464333228,0.06760654503677023,0.2945802664813342,0.027241199754106944,0.5780119983699669,0.10050489402028899,0.0,1.329904975731675,0.5780119983699669,0,0,1,1,0,2,0
0.0,0.0,0.05444010960934013,0.020141797966676245,0.012546417768418455,0.026817530827777766,0.047782614438187876,0.1960110577589655,0.0011013937272906537,0.3699740529024897,0.012546417768418455,0.0,0.6004325769562673,0.3699740529024897,0,0,1,0,0,1,0
0.0,0.0,0.15751228017678037,0.08319449795694293,0.0793789109071823,0.10082004674946216,0.0500005307636695,0.20245741403729756,0.016428567539641736,0.5281744997220047,0.0793789109071823,0.0,1.032125092447226,0.5281744997220047,0,0,1,0,0,1,0
0.0,0.0,0.24687857019341242,0.22584119737726033,0.058592398722290405,0.1892883409175559,0.15051195023746494,0.451766930877508,0.034786087955707326,0.9147828522235759,0.058592398722290405,0.0,1.1521147573155504,0.9147828522235759,0,0,1,0,0,1,0
0.0,0.0,0.13464601838459195,0.13110672247235267,0.0362768977539059,0.10828409027080078,0.07045108438668139,0.2504607130774349,0.020906056973342104,0.9737068376655238,0.0362768977539059,0.0,1.2431290513107476,0.9737068376655238,0,0,1,0,0,1,0
0.0,0.0,0.30131103501265155,0.12367184400060602,0.0944796597728129,0.1607835956966691,0.11568153216232561,0.47060429539123305,0.0515028737483341,0.41044442182806695,0.0944796597728129,0.0,0.7240052783296862,0.41044442182806695,0,0,1,0,0,1,0
0.0,0.0,0.15927650509870778,0.09788539204002782,0.06975774608159763,0.10620125881509027,0.08509417734894228,0.3813438441306916,0.02278082581899031,0.6145587977371072,0.06975774608159763,0.0,1.052522376073968,0.6145587977371072,0,0,1,0,0,1,0
0.0,0.0,0.07290933196048488,0.020948696074892005,0.008429018413451377,0.03080893563093007,0.06017014936171108,0.258219124653953,0.001471425518994776,0.2873213646352007,0.008429018413451377,0.0,0.40292937500634596,0.2873213646352007,0,0,1,0,0,1,0
0.0,0.0,0.10316713860829123,0.07647836563984906,0.05354506942299549,0.0774172348277462,0.06025208764097734,0.25789863699592547,0.004121009480291828,0.7412982987918596,0.05354506942299549,0.0,1.2603061062923455,0.7412982987918596,0,0,1,0,0,1,0
0.0,0.0,0.08856588090141161,0.08540683649646554,0.13338641893518402,0.09819149320738167,0.07044527232456682,0.32083738561009845,0.01378172195912698,0.9643202473341735,0.13338641893518402,0.0,2.470373272772242,0.9643202473341735,0,0,1,1,0,2,0
0.0,0.0,0.020887365462299728,0.03956967641581073,0.007534550837617374,0.026890317282884643,0.046124152584540036,0.14848470065268787,0.0011963540673419338,1.8943404876378613,0.007534550837617374,0.0,2.2550461087270786,1.8943404876378613,1,0,1,1,1,4,1
0.0,0.0,0.09261521024192756,0.15258743477005204,0.1440540046783554,0.13546102111509675,0.058915039260506286,0.23492679678161224,0.02735576727163675,1.647524060544807,0.1440540046783554,0.0,3.202910577678952,1.647524060544807,1,0,1,1,1,4,1
0.0,0.0,0.15838139889315092,0.1160589890909263,0.08889522617596331,0.11984865081274168,0.10104473378421505,0.4043250610292128,0.014387618497539587,0.7327770629943725,0.08889522617596331,0.0,1.2940466661649526,0.7327770629943725,0,0,1,0,0,1,0
0.0,0.0,0.05483740236064412,0.023223466058598374,0.01725630217708421,0.029635159163731273,0.028912030631779086,0.12790339966716952,0.009467666024876873,0.42348910724768235,0.01725630217708421,0.0,0.7381646162750668,0.42348910724768235,0,0,1,0,0,1,0
0.0,0.0,0.16171524810053145,0.07369127656663757,0.04202187719101021,0.08777991960620418,0.05299012304659162,0.21089305504211447,0.006344987818184906,0.45568257631618525,0.04202187719101021,0.0,0.7155320205407827,0.45568257631618525,0,0,1,0,0,1,0
0.0,0.0,0.10925268945409324,0.05484830958781817,0.051132665102698927,0.06752049343310712,0.07868713647464945,0.3442859025837336,0.011928513752661676,0.5020270698580354,0.051132665102698927,0.0,0.9700448124001223,0.5020270698580354,0,0,1,0,0,1,0
0.0,0.0,0.10113006257677828,0.07567827631324416,0.048347927676796944,0.0752086357200159,0.04074184633171498,0.16805090979654197,0.020250077136437953,0.7483188091274086,0.048347927676796944,0.0,1.226390792600255,0.7483188091274086,0,0,1,0,0,1,0
0.0,0.0,0.12490505138972814,0.10917760395945145,0.03202133120785262,0.09382039762912092,0.0701268290523593,0.2965117151978999,0.013831006122959124,0.874077778816326,0.03202133120785262,0.0,1.1304411083073898,0.874077778816326,0,0,1,0,0,1,0
0.0,0.0,0.13737431573351055,0.1069425569438533,0.10089994437952224,0.11303984350018485,0.09088499966921314,0.3989150212318708,0.019813981357141516,0.7784699629102751,0.10089994437952224,0.0,1.5129537662105303,0.7784699629102751,0,0,1,1,0,2,0
0.0,0.0,0.12071695008323441,0.1062534359660755,0.07153312047393252,0.10118923562232948,0.056256690894627995,0.223816279979028,0.01111547574575537,0.8801792599428196,0.07153312047393252,0.0,1.472743335331863,0.8801792599428196,0,0,1,1,0,2,0
0.0,0.0,0.11861137407315925,0.034224194883586675,0.0367771967637109,0.05595924015101088,0.11063696926879192,0.4425522790460647,0.001092216065849418,0.28853814916879955,0.0367771967637109,0.0,0.5986002067836905,0.28853814916879955,0,0,1,0,0,1,0
0.0,0.0,0.1693226706371194,0.09188008991094687,0.08864031466913137,0.11043079128203613,0.09614507036968385,0.3900684406175544,0.0009421247063773944,0.5426299203485657,0.08864031466913137,0.0,1.0661262179164233,0.5426299203485657,0,0,1,0,0,1,0
0.0,0.0,0.16311654384315427,0.08246547269539752,0.05769770285794672,0.096436298022974,0.11294973701181743,0.49009840424249984,0.0025270692638296216,0.5055585729925668,0.05769770285794672,0.0,0.8592771338447701,0.5055585729925668,0,0,1,0,0,1,0
0.0,0.0,0.0282548083872362,0.033913819229954754,0.01227733644932108,0.027089945824116703,0.018950937345772603,0.07730616804245188,0.0038918127558090487,1.2002423984894521,0.01227733644932108,0.0,1.6347490415507433,1.2002423984894521,1,0,1,1,1,4,1
0.0,0.0,0.0654930791698287,0.025357986475872337,0.017152754011273683,0.033340451533211767,0.04887487776766856,0.2015469381462076,0.002175597731563224,0.3871798305632802,0.017152754011273683,0.0,0.6490776116863024,0.3871798305632802,0,0,1,0,0,1,0
0.0,0.0,0.17398678530233352,0.1869684679247408,0.12515208085524387,0.16826895050176477,0.09929797895541186,0.36352371089462615,0.031621209627994216,1.0746068616245166,0.12515208085524387,0.0,1.7939221896388984,1.0746068616245166,0,0,1,1,1,3,1
0.0,0.0,0.1523702523306774,0.1119894746766022,0.0691035029847519,0.11136317616715843,0.1509462918612204,0.47458389662887845,0.007818197970510163,0.7349777137327825,0.0691035029847519,0.0,1.1884983216410439,0.7349777137327825,0,0,1,0,0,1,0
0.0,0.0,0.12059791326816505,0.11575770438434144,0.05576305912437986,0.10196909529030695,0.05845963126541515,0.1890923615047899,0.011358807400992472,0.959856944373465,0.05576305912437986,0.0,1.4222413690190217,0.959856944373465,0,0,1,1,0,2,0
0.0,0.0,0.0996974596199088,0.11816626679399131,0.06491756420551914,0.10023688935335262,0.055748102181844984,0.20004938918568924,0.013399538256539672,1.1852366349940544,0.06491756420551914,0.0,1.8363757243341643,1.1852366349940544,0,0,1,1,1,3,1
0.0,0.0,0.12260463196808116,0.07280197308256997,0.023762565366209597,0.07299278587485766,0.07722702513437128,0.33273163782678333,0.01633058338458476,0.5937897950848053,0.023762565366209597,0.0,0.787602795228191,0.5937897950848053,0,0,1,0,0,1,0
0.0,0.0,0.1184872442187436,0.13031499535973193,0.14496615214225952,0.13102084677011674,0.07495986302198375,0.2657068729712463,0.02814254553855564,1.0998137091064892,0.14496615214225952,0.0,2.3232781388319776,1.0998137091064892,0,0,1,1,1,3,1
0.0,0.0,0.08854041171962566,0.047299473600637174,0.01858011012841692,0.05042986726232924,0.08387251795290872,0.29049249784830566,0.002797564740176928,0.5342073576872165,0.01858011012841692,0.0,0.7440539116054271,0.5342073576872165,0,0,1,0,0,1,0
0.0,0.0,0.1647625975379247,0.0744588085170544,0.09481349897796373,0.1021234283874993,0.07645976050714368,0.3593616206766801,0.014463363530373348,0.4519129809599826,0.09481349897796373,0.0,1.0273647214825814,0.4519129809599826,0,0,1,0,0,1,0
0.0,0.0,0.09696606854028654,0.09294759014978325,0.06060461547217554,0.08586646607800717,0.0428067396159166,0.16327663325532,0.02561288715576945,0.9585480055135076,0.06060461547217554,0.0,1.583550043674498,0.9585480055135076,0,0,1,1,0,2,0
0.0,0.0,0.20313683804384888,0.16714668779793382,0.10501582379920152,0.16061150935972948,0.11492863577687085,0.3656969645972574,0.015700162951373622,0.822823996787117,0.10501582379920152,0.0,1.3397923017098712,0.822823996787117,0,0,1,1,0,2,0
0.0,0.0,0.11296558878384343,0.08743082473035005,0.06476210190134649,0.08814733503647251,0.05371041554087451,0.20355832953937691,0.02079675422700672,0.773952950793664,0.06476210190134649,0.0,1.3472384027007398,0.773952950793664,0,0,1,1,0,2,0
0.0,0.0,0.11452050321255812,0.02077078767451218,0.0062768065633244975,0.04058472128122675,0.09902686910878106,0.4185706669152488,0.0030199922265462735,0.1813701976646296,0.0062768065633244975,0.0,0.23617917578007055,0.1813701976646296,0,0,1,0,0,1,0
0.0,0.0,0.2351050545836022,0.15746143189810732,0.02616437221321257,0.14404807264825736,0.11670637668280524,0.3905942225049943,0.015669487070604303,0.6697463924397363,0.02616437221321257,0.0,0.7810339229099851,0.6697463924397363,0,0,1,0,0,1,0
0.0,0.0,0.12500416762579916,0.08575584150109708,0.05547362622282402,0.08799736921270436,0.07409096806641434,0.2647438740754009,0.016843526450107688,0.686018371318902,0.05547362622282402,0.0,1.1297890351756423,0.686018371318902,0,0,1,0,0,1,0
0.0,0.0,0.1188370865977353,0.07915055434892723,0.05369698263107676,0.08270879448166663,0.04709486877950527,0.2257492071922843,0.00393362151986824,0.6660369298678661,0.05369698263107676,0.0,1.117886872663058,0.6660369298678661,0,0,1,0,0,1,0
0.0,0.0,0.08939462023821018,0.12514661746324462,0.08128739845846158,0.10524381340579025,0.09721003022151847,0.4429365477621825,0.03184732698334628,1.3999188900951711,0.08128739845846158,0.0,2.3092184535621194,1.3999188900951711,1,0,1,1,1,4,1
0.0,0.0,0.08434093350412791,0.07610461975902985,0.09000748959400268,0.08163941565404756,0.020180732997764957,0.12620085673930623,0.04741034499746784,0.9023343027262364,0.09000748959400268,0.0,1.9695079594648204,0.9023343027262364,0,0,1,1,0,2,0
0.0,0.0,0.2658800748795584,0.08814457959602116,0.05836902277173693,0.1251345642108344,0.12517386100557398,0.5003961764422303,0.03706573662197482,0.33151881771182784,0.05836902277173693,0.0,0.5510493833911548,0.33151881771182784,0,0,1,0,0,1,0
0.0,0.0,0.117899808814585,0.10277392587790235,0.07463242080596781,0.09952002034408938,0.04300309834034208,0.16873906508754688,0.0399336015074459,0.8716982259174173,0.07463242080596781,0.0,1.5047084788270255,0.8716982259174173,0,0,1,1,0,2,0
0.0,0.0,0.02432214179333783,0.023525937368044782,0.016924171725077035,0.02207454706362611,0.012637473558871851,0.04188029512651452,0.0019922067494274167,0.967224446904659,0.016924171725077035,0.0,1.6630297778472516,0.967224446904659,0,0,1,1,0,2,0
0.0,0.0,0.036985643343824114,0.018648006636431614,0.009699823975227223,0.020995370147978643,0.034457644280929456,0.12549248596327217,0.00047017440626652353,0.5041821844464668,0.009699823975227223,0.0,0.7664342597445315,0.5041821844464668,0,0,1,0,0,1,0
0.0,0.0,0.12661729573035677,0.060765447155751516,0.061125502982272345,0.07731842325603304,0.07450048550492448,0.2811412177911703,0.013886716700996152,0.4799104805924424,0.061125502982272345,0.0,0.9626645930979821,0.4799104805924424,0,0,1,0,0,1,0
0.0,0.0,0.20542479748388814,0.18645173128488363,0.11306150728080364,0.17284744183361475,0.11786793089236641,0.34592428505961736,0.021974776604583607,0.9076354263612257,0.11306150728080364,0.0,1.4580118088098382,0.9076354263612257,0,0,1,1,0,2,0
